source_listing_id,city,dealType,category,propertyTitle,price,currency,areaValue,areaUnit,beds,baths,locationText,snippet,url,search_text
dataset_zameen-property-scraper_2026-09-21_18-26-46-864_54569518,Lahore,sale,homes,1 Kanal Luxury Modern Design Near Park House for Sale Backside of Penta Square,162500000,PKR,1.0,Kanal,5,6,"DHA Phase 5, DHA Defence",1 Kanal Brand New Modern Design Hou,https://www.zameen.com/Property/dha_defence_dha_phase_5_1_kanal_luxury_modern_design_near_park_house_for_sale_backside_of_penta_square-54569518-1447-1.html,"City: Lahore | Type: sale homes | Title: 1 Kanal Luxury Modern Design Near Park House for Sale Backside of Penta Square | Location: DHA Phase 5, DHA Defence | Beds: 5 | Baths: 6 | Price: 162500000 PKR | Details: 1 Kanal Brand New Modern Design Hou"
dataset_zameen-property-scraper_2026-09-21_18-26-46-864_54708963,Lahore,sale,homes,5 Marla Ultra Modern Designer House For Sale In Lake City Sector M-7B,34900000,PKR,5.0,Marla,4,4,"Lake City - Sector M-7B, Lake City","Discover Luxury, Elegance, And Mode",https://www.zameen.com/Property/lake_city_lake_city_-_sector_m-7b_5_marla_ultra_modern_designer_house_for_sale_in_lake_city_sector_m-7b-54708963-19059-1.html,"City: Lahore | Type: sale homes | Title: 5 Marla Ultra Modern Designer House For Sale In Lake City Sector M-7B | Location: Lake City - Sector M-7B, Lake City | Beds: 4 | Baths: 4 | Price: 34900000 PKR | Details: Discover Luxury, Elegance, And Mode"
dataset_zameen-property-scraper_2026-09-21_18-26-46-864_54150998,Lahore,sale,homes,5 Marla Out Class Stylish Luxury Bungalow For Sale In DHA Phase 9 Town Lahore,26000000,PKR,5.0,Marla,3,4,"DHA 9 Town, DHA Defence","Bungalow Details 
 3 Master Bed wit",https://www.zameen.com/Property/dha_defence_dha_9_town_5_marla_out_class_stylish_luxury_bungalow_for_sale_in_dha_phase_9_town_lahore-54150998-1452-1.html,"City: Lahore | Type: sale homes | Title: 5 Marla Out Class Stylish Luxury Bungalow For Sale In DHA Phase 9 Town Lahore | Location: DHA 9 Town, DHA Defence | Beds: 3 | Baths: 4 | Price: 26000000 PKR | Details: Bungalow Details 
 3 Master Bed wit"
dataset_zameen-property-scraper_2026-09-21_18-26-46-864_54652695,Lahore,sale,homes,5 Marla House Available For Sale In Diamond Block Park View City Lahore,20000000,PKR,5.0,Marla,4,4,"Park View City - Diamond Block, Park View City",5 Marla House Available For Sale In,https://www.zameen.com/Property/park_view_city_park_view_city_-_diamond_block_5_marla_house_available_for_sale_in_diamond_block_park_view_city_lahore-54652695-17433-1.html,"City: Lahore | Type: sale homes | Title: 5 Marla House Available For Sale In Diamond Block Park View City Lahore | Location: Park View City - Diamond Block, Park View City | Beds: 4 | Baths: 4 | Price: 20000000 PKR | Details: 5 Marla House Available For Sale In"
dataset_zameen-property-scraper_2026-09-21_18-26-46-864_54766622,Lahore,sale,homes,5 Marla Adorable Bungalow On Top Location For Sale In DHA Phase 9 Town Lahore,25500000,PKR,5.0,Marla,3,4,"DHA 9 Town - Block A, DHA 9 Town","Description
5 Marla Adorable Bungal",https://www.zameen.com/Property/dha_9_town_dha_9_town_-_block_a_5_marla_adorable_bungalow_on_top_location_for_sale_in_dha_phase_9_town_lahore-54766622-8173-1.html,"City: Lahore | Type: sale homes | Title: 5 Marla Adorable Bungalow On Top Location For Sale In DHA Phase 9 Town Lahore | Location: DHA 9 Town - Block A, DHA 9 Town | Beds: 3 | Baths: 4 | Price: 25500000 PKR | Details: Description
5 Marla Adorable Bungal"
dataset_zameen-property-scraper_2026-09-21_18-26-46-864_54595955,Lahore,sale,homes,100 Percent Original Add Near Defence Raya And Masjid One Kanal Brand New Modern Ultra Luxury Supreme Location House In DHA Lahore Reasonable Deal,76500000,PKR,1.0,Kanal,5,6,"DHA Phase 7 - Block P, DHA Phase 7","The Sapphire Properties Offers 
100",https://www.zameen.com/Property/dha_phase_7_dha_phase_7_-_block_p_100_percent_original_add_near_defence_raya_and_masjid_one_kanal_brand_new_modern_ultra_luxury_supreme_location_house_in_dha_lahore_reasonable_deal-54595955-1623-1.html,"City: Lahore | Type: sale homes | Title: 100 Percent Original Add Near Defence Raya And Masjid One Kanal Brand New Modern Ultra Luxury Supreme Location House In DHA Lahore Reasonable Deal | Location: DHA Phase 7 - Block P, DHA Phase 7 | Beds: 5 | Baths: 6 | Price: 76500000 PKR | Details: The Sapphire Properties Offers 
100"
dataset_zameen-property-scraper_2026-09-21_18-26-46-864_54742036,Lahore,sale,homes,Fully Furnished Slightly Used Well Kept Bungalow For Sale,82500000,PKR,1.0,Kanal,5,6,"DHA Phase 6, DHA Defence",Al-Ahad Estate and Builder Offer Fu,https://www.zameen.com/Property/dha_defence_dha_phase_6_fully_furnished_slightly_used_well_kept_bungalow_for_sale-54742036-1448-1.html,"City: Lahore | Type: sale homes | Title: Fully Furnished Slightly Used Well Kept Bungalow For Sale | Location: DHA Phase 6, DHA Defence | Beds: 5 | Baths: 6 | Price: 82500000 PKR | Details: Al-Ahad Estate and Builder Offer Fu"
dataset_zameen-property-scraper_2026-09-21_18-26-46-864_54523330,Lahore,sale,homes,5 Marla Brand New House For Sale Near Ucp University & Shaukat Khanam Chowk,26500000,PKR,5.0,Marla,6,6,"Airline Housing Society, Lahore",5 Marla Brand New Double Storey Hou,https://www.zameen.com/Property/lahore_airline_housing_society_5_marla_brand_new_house_for_sale_near_ucp_university_shaukat_khanam_chowk-54523330-1290-1.html,"City: Lahore | Type: sale homes | Title: 5 Marla Brand New House For Sale Near Ucp University & Shaukat Khanam Chowk | Location: Airline Housing Society, Lahore | Beds: 6 | Baths: 6 | Price: 26500000 PKR | Details: 5 Marla Brand New Double Storey Hou"
dataset_zameen-property-scraper_2026-09-21_18-26-46-864_54732104,Lahore,sale,homes,"5 Marla Modern Design House For Sale In Parkview City, Lahore",18000000,PKR,5.0,Marla,4,4,"Park View City, Lahore",A golden opportunity to own a Moder,https://www.zameen.com/Property/lahore_park_view_city_5_marla_modern_design_house_for_sale_in_parkview_city_lahore-54732104-1466-1.html,"City: Lahore | Type: sale homes | Title: 5 Marla Modern Design House For Sale In Parkview City, Lahore | Location: Park View City, Lahore | Beds: 4 | Baths: 4 | Price: 18000000 PKR | Details: A golden opportunity to own a Moder"
dataset_zameen-property-scraper_2026-09-21_18-26-46-864_54759139,Lahore,sale,homes,8 Kanal Farmhouse For Sale Main Barki Road,210000000,PKR,8.0,Kanal,3,3,"Farmers Farm Houses, Barki Road",8 Kanal Farmhouse for Sale Farmers,https://www.zameen.com/Property/barki_road_farmers_farm_houses_8_kanal_farmhouse_for_sale_main_barki_road-54759139-15494-1.html,"City: Lahore | Type: sale homes | Title: 8 Kanal Farmhouse For Sale Main Barki Road | Location: Farmers Farm Houses, Barki Road | Beds: 3 | Baths: 3 | Price: 210000000 PKR | Details: 8 Kanal Farmhouse for Sale Farmers"
dataset_zameen-property-scraper_2026-09-21_18-26-46-864_54674054,Lahore,sale,homes,3 Years Installment Plan Luxury 10 Marla Brand New House In Park View City Lahore,31500000,PKR,10.0,Marla,5,6,"Park View City, Lahore",* Nova Builders Offers You Ready Ho,https://www.zameen.com/Property/lahore_park_view_city_3_years_installment_plan_luxury_10_marla_brand_new_house_in_park_view_city_lahore-54674054-1466-1.html,"City: Lahore | Type: sale homes | Title: 3 Years Installment Plan Luxury 10 Marla Brand New House In Park View City Lahore | Location: Park View City, Lahore | Beds: 5 | Baths: 6 | Price: 31500000 PKR | Details: * Nova Builders Offers You Ready Ho"
dataset_zameen-property-scraper_2026-09-21_18-26-46-864_54773412,Lahore,sale,homes,Elegant 5 Marla Brand New Fully Furnished Ultra Modern Beautiful House For Sale In DHA 9 Town Lahore,43500000,PKR,5.0,Marla,3,4,"DHA 9 Town, DHA Defence",Elegant 5 Marla Brand New Fully Fur,https://www.zameen.com/Property/dha_defence_dha_9_town_elegant_5_marla_brand_new_fully_furnished_ultra_modern_beautiful_house_for_sale_in_dha_9_town_lahore-54773412-1452-1.html,"City: Lahore | Type: sale homes | Title: Elegant 5 Marla Brand New Fully Furnished Ultra Modern Beautiful House For Sale In DHA 9 Town Lahore | Location: DHA 9 Town, DHA Defence | Beds: 3 | Baths: 4 | Price: 43500000 PKR | Details: Elegant 5 Marla Brand New Fully Fur"
dataset_zameen-property-scraper_2026-09-21_18-26-46-864_54672710,Lahore,sale,homes,"* MODERN 1 KANAL USED HOUSE FOR SALE* * Location: DHA Phase 6, Lahore | Prime Location* 100 % ORIGINAL DEAL",82000000,PKR,1.0,Kanal,5,6,"DHA Phase 6 - Block N, DHA Phase 6","* PROPERTY OVERVIEW*
Own a beautifu",https://www.zameen.com/Property/dha_phase_6_dha_phase_6_-_block_n_modern_1_kanal_used_house_for_sale_location_dha_phase_6_lahore_prime_location_100_original_deal-54672710-1622-1.html,"City: Lahore | Type: sale homes | Title: * MODERN 1 KANAL USED HOUSE FOR SALE* * Location: DHA Phase 6, Lahore | Prime Location* 100 % ORIGINAL DEAL | Location: DHA Phase 6 - Block N, DHA Phase 6 | Beds: 5 | Baths: 6 | Price: 82000000 PKR | Details: * PROPERTY OVERVIEW*
Own a beautifu"
dataset_zameen-property-scraper_2026-09-21_18-26-46-864_54717244,Lahore,sale,homes,5 Marla House For Sale In Banker Avenue Cooperative Housing Society Excellent Location & Reasonable Price,18500000,PKR,5.0,Marla,3,6,"Bankers Avenue Cooperative Housing Society, Lahore",5 Marla House Available For Sale In,https://www.zameen.com/Property/lahore_bankers_avenue_cooperative_housing_society_5_marla_house_for_sale_in_banker_avenue_cooperative_housing_society_excellent_location_reasonable_price-54717244-8325-1.html,"City: Lahore | Type: sale homes | Title: 5 Marla House For Sale In Banker Avenue Cooperative Housing Society Excellent Location & Reasonable Price | Location: Bankers Avenue Cooperative Housing Society, Lahore | Beds: 3 | Baths: 6 | Price: 18500000 PKR | Details: 5 Marla House Available For Sale In"
dataset_zameen-property-scraper_2026-09-21_18-26-46-864_54774694,Lahore,sale,homes,3 Marla Brand Beautiful House For Sale Jubilee Town C BLOCK  Prime Location  Onwer Needed,18000000,PKR,3.0,Marla,4,4,"Jubilee Town, Lahore",3 Marla beautiful Brand New House F,https://www.zameen.com/Property/lahore_jubilee_town_3_marla_brand_beautiful_house_for_sale_jubilee_town_c_block_prime_location_onwer_needed-54774694-766-1.html,"City: Lahore | Type: sale homes | Title: 3 Marla Brand Beautiful House For Sale Jubilee Town C BLOCK  Prime Location  Onwer Needed | Location: Jubilee Town, Lahore | Beds: 4 | Baths: 4 | Price: 18000000 PKR | Details: 3 Marla beautiful Brand New House F"
dataset_zameen-property-scraper_2026-09-21_18-26-46-864_50905463,Lahore,sale,homes,5 Marla House For Sale In Paragon City Lahore,27000000,PKR,5.0,Marla,3,4,"Paragon City, Lahore",Investing in a House in Paragon Cit,https://www.zameen.com/Property/lahore_paragon_city_5_marla_house_for_sale_in_paragon_city_lahore-50905463-1014-1.html,"City: Lahore | Type: sale homes | Title: 5 Marla House For Sale In Paragon City Lahore | Location: Paragon City, Lahore | Beds: 3 | Baths: 4 | Price: 27000000 PKR | Details: Investing in a House in Paragon Cit"
dataset_zameen-property-scraper_2026-09-21_18-26-46-864_54738802,Lahore,sale,homes,2 Bedroom Apartment For Sale,26500000,PKR,4.2,Marla,2,3,"Zameen Opal, Land Breeze Housing Society",Premium Fully Furnished 2-Bed Apart,https://www.zameen.com/Property/land_breeze_housing_society_zameen_opal_2_bedroom_apartment_for_sale-54738802-12916-1.html,"City: Lahore | Type: sale homes | Title: 2 Bedroom Apartment For Sale | Location: Zameen Opal, Land Breeze Housing Society | Beds: 2 | Baths: 3 | Price: 26500000 PKR | Details: Premium Fully Furnished 2-Bed Apart"
dataset_zameen-property-scraper_2026-09-21_18-26-46-864_54522393,Lahore,sale,homes,3 Years Installment Plan Luxury 5 Marla Brand New House In Park View City Lahore,17000000,PKR,5.0,Marla,4,5,"Park View City, Lahore",* Nova Builders Offers You Ready Ho,https://www.zameen.com/Property/lahore_park_view_city_3_years_installment_plan_luxury_5_marla_brand_new_house_in_park_view_city_lahore-54522393-1466-1.html,"City: Lahore | Type: sale homes | Title: 3 Years Installment Plan Luxury 5 Marla Brand New House In Park View City Lahore | Location: Park View City, Lahore | Beds: 4 | Baths: 5 | Price: 17000000 PKR | Details: * Nova Builders Offers You Ready Ho"
dataset_zameen-property-scraper_2026-09-21_18-26-46-864_54517138,Lahore,sale,homes,3 Years Installment Plan Luxury 5 Marla Brand New House In Park View City Lahore,19000000,PKR,5.0,Marla,4,5,"Park View City, Lahore",* Nova Builder Offers You Ready Hou,https://www.zameen.com/Property/lahore_park_view_city_3_years_installment_plan_luxury_5_marla_brand_new_house_in_park_view_city_lahore-54517138-1466-1.html,"City: Lahore | Type: sale homes | Title: 3 Years Installment Plan Luxury 5 Marla Brand New House In Park View City Lahore | Location: Park View City, Lahore | Beds: 4 | Baths: 5 | Price: 19000000 PKR | Details: * Nova Builder Offers You Ready Hou"
dataset_zameen-property-scraper_2026-09-21_18-26-46-864_54521500,Lahore,sale,homes,3 Years Installment Plan Luxury 10 Marla Brand New House In Park View City Lahore,32500000,PKR,10.0,Marla,5,6,"Park View City, Lahore",* Nova Builders Offers You Ready Ho,https://www.zameen.com/Property/lahore_park_view_city_3_years_installment_plan_luxury_10_marla_brand_new_house_in_park_view_city_lahore-54521500-1466-1.html,"City: Lahore | Type: sale homes | Title: 3 Years Installment Plan Luxury 10 Marla Brand New House In Park View City Lahore | Location: Park View City, Lahore | Beds: 5 | Baths: 6 | Price: 32500000 PKR | Details: * Nova Builders Offers You Ready Ho"
dataset_zameen-property-scraper_2026-09-21_18-26-46-864_54521525,Lahore,sale,homes,3 Years Installment Plan Luxury 5 Marla Brand New House In Park View City Lahore,18000000,PKR,5.0,Marla,4,5,"Park View City, Lahore",* Nova Builders Offers You Ready Ho,https://www.zameen.com/Property/lahore_park_view_city_3_years_installment_plan_luxury_5_marla_brand_new_house_in_park_view_city_lahore-54521525-1466-1.html,"City: Lahore | Type: sale homes | Title: 3 Years Installment Plan Luxury 5 Marla Brand New House In Park View City Lahore | Location: Park View City, Lahore | Beds: 4 | Baths: 5 | Price: 18000000 PKR | Details: * Nova Builders Offers You Ready Ho"
dataset_zameen-property-scraper_2026-09-21_18-26-46-864_54522315,Lahore,sale,homes,3 Years Installment Plan Luxury 10 Marla Brand New House In Park View City Lahore,32000000,PKR,10.0,Marla,5,6,"Park View City, Lahore",* Nova Builder Offers You Ready Hou,https://www.zameen.com/Property/lahore_park_view_city_3_years_installment_plan_luxury_10_marla_brand_new_house_in_park_view_city_lahore-54522315-1466-1.html,"City: Lahore | Type: sale homes | Title: 3 Years Installment Plan Luxury 10 Marla Brand New House In Park View City Lahore | Location: Park View City, Lahore | Beds: 5 | Baths: 6 | Price: 32000000 PKR | Details: * Nova Builder Offers You Ready Hou"
dataset_zameen-property-scraper_2026-09-21_18-26-46-864_54522317,Lahore,sale,homes,3 Years Installment Plan Luxury 5 Marla Brand New House In Park View City Lahore,21500000,PKR,5.0,Marla,4,5,"Park View City, Lahore",* Nova Builders Offers You Ready Ho,https://www.zameen.com/Property/lahore_park_view_city_3_years_installment_plan_luxury_5_marla_brand_new_house_in_park_view_city_lahore-54522317-1466-1.html,"City: Lahore | Type: sale homes | Title: 3 Years Installment Plan Luxury 5 Marla Brand New House In Park View City Lahore | Location: Park View City, Lahore | Beds: 4 | Baths: 5 | Price: 21500000 PKR | Details: * Nova Builders Offers You Ready Ho"
dataset_zameen-property-scraper_2026-09-21_18-26-46-864_54691972,Lahore,sale,homes,Brand New 5 Marla House For sale In Park View City - Jade Block Lahore,23000000,PKR,5.0,Marla,4,4,"Park View City - Jade Block, Park View City",Envision Homes Pvt. Ltd. Your Visio,https://www.zameen.com/Property/park_view_city_park_view_city_-_jade_block_brand_new_5_marla_house_for_sale_in_park_view_city_-_jade_block_lahore-54691972-4135-1.html,"City: Lahore | Type: sale homes | Title: Brand New 5 Marla House For sale In Park View City - Jade Block Lahore | Location: Park View City - Jade Block, Park View City | Beds: 4 | Baths: 4 | Price: 23000000 PKR | Details: Envision Homes Pvt. Ltd. Your Visio"
dataset_zameen-property-scraper_2026-09-21_18-26-46-864_54691974,Lahore,sale,homes,Well-constructed Brand New House Available For sale In Park View City - Overseas Block,17000000,PKR,5.0,Marla,4,4,"Park View City - Overseas Block, Park View City",Envision Homes Pvt. Ltd. Your Visio,https://www.zameen.com/Property/park_view_city_park_view_city_-_overseas_block_well-constructed_brand_new_house_available_for_sale_in_park_view_city_-_overseas_block-54691974-17602-1.html,"City: Lahore | Type: sale homes | Title: Well-constructed Brand New House Available For sale In Park View City - Overseas Block | Location: Park View City - Overseas Block, Park View City | Beds: 4 | Baths: 4 | Price: 17000000 PKR | Details: Envision Homes Pvt. Ltd. Your Visio"
dataset_zameen-property-scraper_2026-09-21_18-30-05-269_54745226,Lahore,rent,rentals,1 Kanal Brand New Fully Furnished,700000,PKR,1.0,Kanal,5,7,"DHA Phase 8 - Ex Air Avenue, DHA Phase 8",1 Kanal Brand New Fully Furnished L,https://www.zameen.com/Property/dha_phase_8_dha_phase_8_-_ex_air_avenue_1_kanal_brand_new_fully_furnished-54745226-407-4.html,"City: Lahore | Type: rent rentals | Title: 1 Kanal Brand New Fully Furnished | Location: DHA Phase 8 - Ex Air Avenue, DHA Phase 8 | Beds: 5 | Baths: 7 | Price: 700000 PKR | Details: 1 Kanal Brand New Fully Furnished L"
dataset_zameen-property-scraper_2026-09-21_18-30-05-269_54620744,Lahore,rent,rentals,LIKE A BRAND NEW 1 KANAL HOUSE WITH BASEMENT FOR RENT DHA PHASE 6,480000,PKR,1.0,Kanal,7,6,"DHA Phase 6, DHA Defence","1 Kanal House For Rent 

1 Kanal Ho",https://www.zameen.com/Property/dha_defence_dha_phase_6_like_a_brand_new_1_kanal_house_with_basement_for_rent_dha_phase_6-54620744-1448-4.html,"City: Lahore | Type: rent rentals | Title: LIKE A BRAND NEW 1 KANAL HOUSE WITH BASEMENT FOR RENT DHA PHASE 6 | Location: DHA Phase 6, DHA Defence | Beds: 7 | Baths: 6 | Price: 480000 PKR | Details: 1 Kanal House For Rent 

1 Kanal Ho"
dataset_zameen-property-scraper_2026-09-21_18-30-05-269_54686500,Lahore,rent,rentals,2 KANAL HOUSE FOR RENT 1 KANAL HOUSE 1 KANAL LAWN (20 KV SOLAR),550000,PKR,2.0,Kanal,5,6,"DHA Phase 7, DHA Defence",2 Kanal Semi-Furnished House for Re,https://www.zameen.com/Property/dha_defence_dha_phase_7_2_kanal_house_for_rent_1_kanal_house_1_kanal_lawn_20_kv_solar-54686500-1450-4.html,"City: Lahore | Type: rent rentals | Title: 2 KANAL HOUSE FOR RENT 1 KANAL HOUSE 1 KANAL LAWN (20 KV SOLAR) | Location: DHA Phase 7, DHA Defence | Beds: 5 | Baths: 6 | Price: 550000 PKR | Details: 2 Kanal Semi-Furnished House for Re"
dataset_zameen-property-scraper_2026-09-21_18-30-05-269_54774069,Lahore,rent,rentals,Brand New Open View 14 Marla Apartment Low Price From Market,165000,PKR,14.0,Marla,4,4,"Askari 10, Askari","It includes:
4 Bedrooms with attach",https://www.zameen.com/Property/askari_askari_10_brand_new_open_view_14_marla_apartment_low_price_from_market-54774069-1011-4.html,"City: Lahore | Type: rent rentals | Title: Brand New Open View 14 Marla Apartment Low Price From Market | Location: Askari 10, Askari | Beds: 4 | Baths: 4 | Price: 165000 PKR | Details: It includes:
4 Bedrooms with attach"
dataset_zameen-property-scraper_2026-09-21_18-30-05-269_10,Lahore,rent,rentals,House For Rent In Sector-S Askari-10,315000,PKR,17.0,Marla,5,6,"Askari 10 - Sector S, Askari 10",Askari Property Offers 17 Marla In,https://www.zameen.com/Property/askari_10_askari_10_-_sector_s_house_for_rent_in_sector-s_askari-10-54737775-21434-4.html,"City: Lahore | Type: rent rentals | Title: House For Rent In Sector-S Askari-10 | Location: Askari 10 - Sector S, Askari 10 | Beds: 5 | Baths: 6 | Price: 315000 PKR | Details: Askari Property Offers 17 Marla In"
dataset_zameen-property-scraper_2026-09-21_18-30-05-269_54716150,Lahore,rent,rentals,Luxury 10 Marla House For Rent,140000,PKR,10.0,Marla,5,6,"Bahria Town - Jasmine Block, Bahria Town - Sector C",Hattar Marketing Offering Best Inve,https://www.zameen.com/Property/bahria_town_sector_c_bahria_town_-_jasmine_block_luxury_10_marla_house_for_rent-54716150-1786-4.html,"City: Lahore | Type: rent rentals | Title: Luxury 10 Marla House For Rent | Location: Bahria Town - Jasmine Block, Bahria Town - Sector C | Beds: 5 | Baths: 6 | Price: 140000 PKR | Details: Hattar Marketing Offering Best Inve"
dataset_zameen-property-scraper_2026-09-21_18-30-05-269_54774948,Lahore,rent,rentals,LUXURY 5 MARLA MODERN HOUSE FOR RENT,120000,PKR,5.0,Marla,3,4,"DHA 9 Town, DHA Defence",LUXURY 5 MARLA MODERN HOUSE FOR REN,https://www.zameen.com/Property/dha_defence_dha_9_town_luxury_5_marla_modern_house_for_rent-54774948-1452-4.html,"City: Lahore | Type: rent rentals | Title: LUXURY 5 MARLA MODERN HOUSE FOR RENT | Location: DHA 9 Town, DHA Defence | Beds: 3 | Baths: 4 | Price: 120000 PKR | Details: LUXURY 5 MARLA MODERN HOUSE FOR REN"
dataset_zameen-property-scraper_2026-09-21_18-30-05-269_26995627,Lahore,rent,rentals,Brand New 13 Marla 4 Bed Flat For Rent In Askari Green Lahore,125000,PKR,13.0,Marla,4,5,"Askari 11, Askari",Brand New 13 Marla 4 Bed Flat For R,https://www.zameen.com/Property/askari_askari_11_brand_new_13_marla_4_bed_flat_for_rent_in_askari_green_lahore-26995627-1503-4.html,"City: Lahore | Type: rent rentals | Title: Brand New 13 Marla 4 Bed Flat For Rent In Askari Green Lahore | Location: Askari 11, Askari | Beds: 4 | Baths: 5 | Price: 125000 PKR | Details: Brand New 13 Marla 4 Bed Flat For R"
dataset_zameen-property-scraper_2026-09-21_18-30-05-269_54383858,Lahore,rent,rentals,5 MARLA BRAND NEW MODERN DESIGNER HOUSE FOR RENT,98000,PKR,5.0,Marla,3,4,"DHA 9 Town, DHA Defence",- 3 Bedrooms with attached washroom,https://www.zameen.com/Property/dha_defence_dha_9_town_5_marla_brand_new_modern_designer_house_for_rent-54383858-1452-4.html,"City: Lahore | Type: rent rentals | Title: 5 MARLA BRAND NEW MODERN DESIGNER HOUSE FOR RENT | Location: DHA 9 Town, DHA Defence | Beds: 3 | Baths: 4 | Price: 98000 PKR | Details: - 3 Bedrooms with attached washroom"
dataset_zameen-property-scraper_2026-09-21_18-30-05-269_54579352,Lahore,rent,rentals,1 Kanal Beautifully Designed Modern House For Rent In DHA Phase 6,300000,PKR,1.0,Kanal,5,6,"DHA Phase 6, DHA Defence",1 Kanal Beautifully Designed Modern,https://www.zameen.com/Property/dha_defence_dha_phase_6_1_kanal_beautifully_designed_modern_house_for_rent_in_dha_phase_6-54579352-1448-4.html,"City: Lahore | Type: rent rentals | Title: 1 Kanal Beautifully Designed Modern House For Rent In DHA Phase 6 | Location: DHA Phase 6, DHA Defence | Beds: 5 | Baths: 6 | Price: 300000 PKR | Details: 1 Kanal Beautifully Designed Modern"
dataset_zameen-property-scraper_2026-09-21_18-30-05-269_54723314,Lahore,rent,rentals,1 Kanal Most Beautiful Design Bungalow For Rent At Prime Location Of Dha Phase 6 Reasonable Price,415000,PKR,1.0,Kanal,5,6,"DHA Phase 6, DHA Defence",1 Kanal Luxury House for Sale in DH,https://www.zameen.com/Property/dha_defence_dha_phase_6_1_kanal_most_beautiful_design_bungalow_for_rent_at_prime_location_of_dha_phase_6_reasonable_price-54723314-1448-4.html,"City: Lahore | Type: rent rentals | Title: 1 Kanal Most Beautiful Design Bungalow For Rent At Prime Location Of Dha Phase 6 Reasonable Price | Location: DHA Phase 6, DHA Defence | Beds: 5 | Baths: 6 | Price: 415000 PKR | Details: 1 Kanal Luxury House for Sale in DH"
dataset_zameen-property-scraper_2026-09-21_18-30-05-269_54723012,Lahore,rent,rentals,1 Kanal Most Beautiful Design Bungalow For Rent At Prime Location Of Dha Phase 7 Reasonable Price,380000,PKR,1.0,Kanal,5,6,"DHA Phase 7, DHA Defence",1 Kanal Luxury House for Rent in DH,https://www.zameen.com/Property/dha_defence_dha_phase_7_1_kanal_most_beautiful_design_bungalow_for_rent_at_prime_location_of_dha_phase_7_reasonable_price-54723012-1450-4.html,"City: Lahore | Type: rent rentals | Title: 1 Kanal Most Beautiful Design Bungalow For Rent At Prime Location Of Dha Phase 7 Reasonable Price | Location: DHA Phase 7, DHA Defence | Beds: 5 | Baths: 6 | Price: 380000 PKR | Details: 1 Kanal Luxury House for Rent in DH"
dataset_zameen-property-scraper_2026-09-21_18-30-05-269_53230864,Lahore,rent,rentals,13 Marla Double Storey House In Johar Town Near UMT UNIVERSITY HAKIM CKOWK,185000,PKR,10.0,Marla,5,6,"Johar Town Phase 2, Johar Town",13 marla Outstanding double storey,https://www.zameen.com/Property/johar_town_johar_town_phase_2_13_marla_double_storey_house_in_johar_town_near_umt_university_hakim_ckowk-53230864-3961-4.html,"City: Lahore | Type: rent rentals | Title: 13 Marla Double Storey House In Johar Town Near UMT UNIVERSITY HAKIM CKOWK | Location: Johar Town Phase 2, Johar Town | Beds: 5 | Baths: 6 | Price: 185000 PKR | Details: 13 marla Outstanding double storey"
dataset_zameen-property-scraper_2026-09-21_18-30-05-269_53919428,Lahore,rent,rentals,One Bed Furnished Apartment Available For Rent,45000,PKR,2.4,Marla,1,1,"Bahria Town - Jasmine Block, Bahria Town - Sector C",Hattar Marketing Offering Best Inve,https://www.zameen.com/Property/bahria_town_sector_c_bahria_town_-_jasmine_block_one_bed_furnished_apartment_available_for_rent-53919428-1786-4.html,"City: Lahore | Type: rent rentals | Title: One Bed Furnished Apartment Available For Rent | Location: Bahria Town - Jasmine Block, Bahria Town - Sector C | Beds: 1 | Baths: 1 | Price: 45000 PKR | Details: Hattar Marketing Offering Best Inve"
dataset_zameen-property-scraper_2026-09-21_18-30-05-269_54519245,Lahore,rent,rentals,"House Of 5 Marla Is Available For Rent In DHA Phase 5 - Block D, Lahore",90000,PKR,5.0,Marla,3,4,"DHA Phase 5 - Block D, DHA Phase 5",This House is the ideal property at,https://www.zameen.com/Property/dha_phase_5_dha_phase_5_-_block_d_house_of_5_marla_is_available_for_rent_in_dha_phase_5_-_block_d_lahore-54519245-1601-4.html,"City: Lahore | Type: rent rentals | Title: House Of 5 Marla Is Available For Rent In DHA Phase 5 - Block D, Lahore | Location: DHA Phase 5 - Block D, DHA Phase 5 | Beds: 3 | Baths: 4 | Price: 90000 PKR | Details: This House is the ideal property at"
dataset_zameen-property-scraper_2026-09-21_18-30-05-269_54519255,Lahore,rent,rentals,Stunning 20 Marla Upper Portion In DHA Phase 3 - Block Y Available,95000,PKR,1.0,Kanal,3,4,"DHA Phase 3 - Block Y, DHA Phase 3",rent this property and live comfort,https://www.zameen.com/Property/dha_phase_3_dha_phase_3_-_block_y_stunning_20_marla_upper_portion_in_dha_phase_3_-_block_y_available-54519255-1587-4.html,"City: Lahore | Type: rent rentals | Title: Stunning 20 Marla Upper Portion In DHA Phase 3 - Block Y Available | Location: DHA Phase 3 - Block Y, DHA Phase 3 | Beds: 3 | Baths: 4 | Price: 95000 PKR | Details: rent this property and live comfort"
dataset_zameen-property-scraper_2026-09-21_18-30-05-269_54519251,Lahore,rent,rentals,This Is Your Chance To Buy Upper Portion In DHA Phase 6 - Block H Lahore,105000,PKR,1.0,Kanal,3,4,"DHA Phase 6 - Block H, DHA Phase 6",A Upper Portion In DHA Phase 6 - Bl,https://www.zameen.com/Property/dha_phase_6_dha_phase_6_-_block_h_this_is_your_chance_to_buy_upper_portion_in_dha_phase_6_-_block_h_lahore-54519251-1617-4.html,"City: Lahore | Type: rent rentals | Title: This Is Your Chance To Buy Upper Portion In DHA Phase 6 - Block H Lahore | Location: DHA Phase 6 - Block H, DHA Phase 6 | Beds: 3 | Baths: 4 | Price: 105000 PKR | Details: A Upper Portion In DHA Phase 6 - Bl"
dataset_zameen-property-scraper_2026-09-21_18-30-05-269_53742354,Lahore,rent,rentals,1150 Sqft Furnished Apartment For Rent In Gulberg,170000,PKR,5.1,Marla,2,2,"Gulberg, Lahore",2 Bedroom Furnished Apartment For R,https://www.zameen.com/Property/lahore_gulberg_1150_sqft_furnished_apartment_for_rent_in_gulberg-53742354-7-4.html,"City: Lahore | Type: rent rentals | Title: 1150 Sqft Furnished Apartment For Rent In Gulberg | Location: Gulberg, Lahore | Beds: 2 | Baths: 2 | Price: 170000 PKR | Details: 2 Bedroom Furnished Apartment For R"
dataset_zameen-property-scraper_2026-09-21_18-30-05-269_51110509,Lahore,rent,rentals,5 Marla VIP Full Furnished Lower Portion For Rent In Johar Town Phase 2 Block L,70000,PKR,5.0,Marla,2,2,"Johar Town Phase 2, Johar Town",5 Marla VIP Full Furnished Lower Po,https://www.zameen.com/Property/johar_town_johar_town_phase_2_5_marla_vip_full_furnished_lower_portion_for_rent_in_johar_town_phase_2_block_l-51110509-3961-4.html,"City: Lahore | Type: rent rentals | Title: 5 Marla VIP Full Furnished Lower Portion For Rent In Johar Town Phase 2 Block L | Location: Johar Town Phase 2, Johar Town | Beds: 2 | Baths: 2 | Price: 70000 PKR | Details: 5 Marla VIP Full Furnished Lower Po"
dataset_zameen-property-scraper_2026-09-21_18-30-05-269_53670447,Lahore,rent,rentals,2 Bedroom Brand-New Apartment For Rent,170000,PKR,8.4,Marla,2,3,"Gulberg, Lahore",Centre of MM Alam Road and Main bou,https://www.zameen.com/Property/lahore_gulberg_2_bedroom_brand-new_apartment_for_rent-53670447-7-4.html,"City: Lahore | Type: rent rentals | Title: 2 Bedroom Brand-New Apartment For Rent | Location: Gulberg, Lahore | Beds: 2 | Baths: 3 | Price: 170000 PKR | Details: Centre of MM Alam Road and Main bou"
dataset_zameen-property-scraper_2026-09-21_18-30-05-269_52344989,Lahore,rent,rentals,"Modern Apartment, All Sleek And Stylish",300000,PKR,11.6,Marla,3,4,"Main Boulevard Gulberg, Gulberg","2600 sq ft

A Class Furnished Apart",https://www.zameen.com/Property/gulberg_main_boulevard_gulberg_modern_apartment_all_sleek_and_stylish-52344989-3852-4.html,"City: Lahore | Type: rent rentals | Title: Modern Apartment, All Sleek And Stylish | Location: Main Boulevard Gulberg, Gulberg | Beds: 3 | Baths: 4 | Price: 300000 PKR | Details: 2600 sq ft

A Class Furnished Apart"
dataset_zameen-property-scraper_2026-09-21_18-30-05-269_48669507,Lahore,rent,rentals,Semi Furnished Flat For Rent,200000,PKR,8.0,Marla,2,3,"Gulberg, Lahore",1600 sq ft Spacious best located sa,https://www.zameen.com/Property/lahore_gulberg_semi_furnished_flat_for_rent-48669507-7-4.html,"City: Lahore | Type: rent rentals | Title: Semi Furnished Flat For Rent | Location: Gulberg, Lahore | Beds: 2 | Baths: 3 | Price: 200000 PKR | Details: 1600 sq ft Spacious best located sa"
dataset_zameen-property-scraper_2026-09-21_18-30-05-269_54705812,Lahore,rent,rentals,Lower Portion of 5 Marla House Available For Rent In Canal Gardens,45000,PKR,5.0,Marla,2,2,"Canal Garden, Lahore",### Property Available For Rent in,https://www.zameen.com/Property/lahore_canal_garden_lower_portion_of_5_marla_house_available_for_rent_in_canal_gardens-54705812-1287-4.html,"City: Lahore | Type: rent rentals | Title: Lower Portion of 5 Marla House Available For Rent In Canal Gardens | Location: Canal Garden, Lahore | Beds: 2 | Baths: 2 | Price: 45000 PKR | Details: ### Property Available For Rent in"
dataset_zameen-property-scraper_2026-09-21_18-30-05-269_54596455,Lahore,rent,rentals,2 Bedroom Apartment For Rent in Gulberg - Prime Location,160000,PKR,5.3,Marla,2,2,"Gulberg, Lahore",A Well-maintained and spacious 2 Be,https://www.zameen.com/Property/lahore_gulberg_2_bedroom_apartment_for_rent_in_gulberg_-_prime_location-54596455-7-4.html,"City: Lahore | Type: rent rentals | Title: 2 Bedroom Apartment For Rent in Gulberg - Prime Location | Location: Gulberg, Lahore | Beds: 2 | Baths: 2 | Price: 160000 PKR | Details: A Well-maintained and spacious 2 Be"
dataset_zameen-property-scraper_2026-09-21_18-30-05-269_54645671,Lahore,rent,rentals,Premium Furnished Living | Apartment For Rent,230000,PKR,10.0,Marla,2,4,"Gulberg 3, Gulberg",Premium 2-Bedroom Apartment for Ren,https://www.zameen.com/Property/gulberg_gulberg_3_premium_furnished_living_apartment_for_rent-54645671-3824-4.html,"City: Lahore | Type: rent rentals | Title: Premium Furnished Living | Apartment For Rent | Location: Gulberg 3, Gulberg | Beds: 2 | Baths: 4 | Price: 230000 PKR | Details: Premium 2-Bedroom Apartment for Ren"
dataset_zameen-property-scraper_2026-09-21_18-31-54-879_54467607,Karachi,sale,homes,1550 Square Feet Flat Is Available In Harmain Royal Residency,23500000,PKR,172.0,Sq Yd,3,3,"Harmain Royal Residency, Gulshan-e-Iqbal - Block 1",Luxurious apartment for sale in Har,https://www.zameen.com/Property/gulshan_e_iqbal_block_1_harmain_royal_residency_1550_square_feet_flat_is_available_in_harmain_royal_residency-54467607-9675-1.html,"City: Karachi | Type: sale homes | Title: 1550 Square Feet Flat Is Available In Harmain Royal Residency | Location: Harmain Royal Residency, Gulshan-e-Iqbal - Block 1 | Beds: 3 | Baths: 3 | Price: 23500000 PKR | Details: Luxurious apartment for sale in Har"
dataset_zameen-property-scraper_2026-09-21_18-31-54-879_52804982,Karachi,sale,homes,Brand New Project Burj-Ul-Harmain At Main Safoora Chowrangi,17500000,PKR,167.0,Sq Yd,3,3,"Burj-Ul-Harmain, University Road",Exclusive Property Holdings By Bric,https://www.zameen.com/Property/university_road_burj-ul-harmain_brand_new_project_burj-ul-harmain_at_main_safoora_chowrangi-52804982-9674-1.html,"City: Karachi | Type: sale homes | Title: Brand New Project Burj-Ul-Harmain At Main Safoora Chowrangi | Location: Burj-Ul-Harmain, University Road | Beds: 3 | Baths: 3 | Price: 17500000 PKR | Details: Exclusive Property Holdings By Bric"
dataset_zameen-property-scraper_2026-09-21_18-31-54-879_54708973,Karachi,sale,homes,"5 Bedroom Architecture-Designed Luxury Villa for Sale Precinct-1 Overseas Block, Bahria Town Karachi. Prime Location Near Main Entrance | Contemporary Elegant Design | Surrounded by Park, Mosque, Commercial Area & All Essential Amenities.",39500000,PKR,272.0,Sq Yd,5,5,"Bahria Town - Precinct 1, Bahria Town Karachi",Exclusively offered for sale by NUH,https://www.zameen.com/Property/bahria_town_karachi_bahria_town_-_precinct_1_5_bedroom_architecture-designed_luxury_villa_for_sale_precinct-1_overseas_block_bahria_town_karachi_prime_location_near_main_entrance_contemporary_elegant_design_surrounded_by_park_mosque_commercial_area_all_essential_amenities-54708973-10007-1.html,"City: Karachi | Type: sale homes | Title: 5 Bedroom Architecture-Designed Luxury Villa for Sale Precinct-1 Overseas Block, Bahria Town Karachi. Prime Location Near Main Entrance | Contemporary Elegant Design | Surrounded by Park, Mosque, Commercial Area & All Essential Amenities. | Location: Bahria Town - Precinct 1, Bahria Town Karachi | Beds: 5 | Baths: 5 | Price: 39500000 PKR | Details: Exclusively offered for sale by NUH"
dataset_zameen-property-scraper_2026-09-21_18-31-54-879_54774250,Karachi,sale,homes,DESIGNER BUNGALOW 1000sqyd in DHA Phase 8. PRIME LOCATION -> Ready To Move,680000000,PKR,1000.0,Sq Yd,6,6,"DHA Phase 8, DHA Defence","1000sqyd
- Nexus Build CO. 
- Groun",https://www.zameen.com/Property/dha_defence_dha_phase_8_designer_bungalow_1000sqyd_in_dha_phase_8_prime_location_-_ready_to_move-54774250-1485-1.html,"City: Karachi | Type: sale homes | Title: DESIGNER BUNGALOW 1000sqyd in DHA Phase 8. PRIME LOCATION -> Ready To Move | Location: DHA Phase 8, DHA Defence | Beds: 6 | Baths: 6 | Price: 680000000 PKR | Details: 1000sqyd
- Nexus Build CO. 
- Groun"
dataset_zameen-property-scraper_2026-09-21_18-31-54-879_54408132,Karachi,sale,homes,Booking 3 Bedrooms Lounge Brand New West Open Second Floor,18500000,PKR,122.0,Sq Yd,3,3,"PECHS, Jamshed Town",Prime Location Of P. E. C. H. S Blo,https://www.zameen.com/Property/jamshed_town_pechs_booking_3_bedrooms_lounge_brand_new_west_open_second_floor-54408132-403-1.html,"City: Karachi | Type: sale homes | Title: Booking 3 Bedrooms Lounge Brand New West Open Second Floor | Location: PECHS, Jamshed Town | Beds: 3 | Baths: 3 | Price: 18500000 PKR | Details: Prime Location Of P. E. C. H. S Blo"
dataset_zameen-property-scraper_2026-09-21_18-31-54-879_54735326,Karachi,sale,homes,"4Bed DDL 125sq yd Villa FOR SALE Near Park & Masjid at ALI BLOCK All amenities nearby including MOSQUE, General Store & Parks",15500000,PKR,125.0,Sq Yd,4,4,"Bahria Town - Ali Block, Bahria Town - Precinct 12","125 Sq. Yards, 4 Bedrooms Modern St",https://www.zameen.com/Property/bahria_town_precinct_12_bahria_town_-_ali_block_4bed_ddl_125sq_yd_villa_for_sale_near_park_masjid_at_ali_block_all_amenities_nearby_including_mosque_general_store_parks-54735326-10023-1.html,"City: Karachi | Type: sale homes | Title: 4Bed DDL 125sq yd Villa FOR SALE Near Park & Masjid at ALI BLOCK All amenities nearby including MOSQUE, General Store & Parks | Location: Bahria Town - Ali Block, Bahria Town - Precinct 12 | Beds: 4 | Baths: 4 | Price: 15500000 PKR | Details: 125 Sq. Yards, 4 Bedrooms Modern St"
dataset_zameen-property-scraper_2026-09-21_18-31-54-879_54731025,Karachi,sale,homes,350 Sq Yd 4Bed DDL Sports Villas With 100sq Yd BackYard LAWN At LOWEST RATE Of MARKET,16000000,PKR,350.0,Sq Yd,4,4,"Bahria Sports City, Bahria Town Karachi",Ready To Move Luxury 4 Bedrooms Bah,https://www.zameen.com/Property/bahria_town_karachi_bahria_sports_city_350_sq_yd_4bed_ddl_sports_villas_with_100sq_yd_backyard_lawn_at_lowest_rate_of_market-54731025-10061-1.html,"City: Karachi | Type: sale homes | Title: 350 Sq Yd 4Bed DDL Sports Villas With 100sq Yd BackYard LAWN At LOWEST RATE Of MARKET | Location: Bahria Sports City, Bahria Town Karachi | Beds: 4 | Baths: 4 | Price: 16000000 PKR | Details: Ready To Move Luxury 4 Bedrooms Bah"
dataset_zameen-property-scraper_2026-09-21_18-31-54-879_54697989,Karachi,sale,homes,Gorgeous Prime Location 240 Square Yards House For sale Available In Bagh-e-Korangi,39700000,PKR,240.0,Sq Yd,7,6,"Bagh-e-Korangi, Korangi",**BUNGALOW FOR SALE | SAIMA LUXURY,https://www.zameen.com/Property/korangi_bagh-e-korangi_gorgeous_prime_location_240_square_yards_house_for_sale_available_in_bagh-e-korangi-54697989-8539-1.html,"City: Karachi | Type: sale homes | Title: Gorgeous Prime Location 240 Square Yards House For sale Available In Bagh-e-Korangi | Location: Bagh-e-Korangi, Korangi | Beds: 7 | Baths: 6 | Price: 39700000 PKR | Details: **BUNGALOW FOR SALE | SAIMA LUXURY"
dataset_zameen-property-scraper_2026-09-21_18-31-54-879_54773468,Karachi,sale,homes,500 YARDS BANGLOW FOR SALE PHASE 7,150000000,PKR,500.0,Sq Yd,5,5,"DHA Phase 7, DHA Defence","500 yards
2+3 bedrooms 
Dha phase 7",https://www.zameen.com/Property/dha_defence_dha_phase_7_500_yards_banglow_for_sale_phase_7-54773468-1484-1.html,"City: Karachi | Type: sale homes | Title: 500 YARDS BANGLOW FOR SALE PHASE 7 | Location: DHA Phase 7, DHA Defence | Beds: 5 | Baths: 5 | Price: 150000000 PKR | Details: 500 yards
2+3 bedrooms 
Dha phase 7"
dataset_zameen-property-scraper_2026-09-21_18-31-54-879_54767631,Karachi,sale,homes,"200 Sq Yards Beautiful House for Sale in KESC Society, Scheme 33 - Prime Location",50000000,PKR,200.0,Sq Yd,6,6,"KESC Housing Society, Scheme 33","Location: KESC Society, Scheme 33,",https://www.zameen.com/Property/scheme_33_kesc_housing_society_200_sq_yards_beautiful_house_for_sale_in_kesc_society_scheme_33_-_prime_location-54767631-9075-1.html,"City: Karachi | Type: sale homes | Title: 200 Sq Yards Beautiful House for Sale in KESC Society, Scheme 33 - Prime Location | Location: KESC Housing Society, Scheme 33 | Beds: 6 | Baths: 6 | Price: 50000000 PKR | Details: Location: KESC Society, Scheme 33,"
dataset_zameen-property-scraper_2026-09-21_18-31-54-879_54467605,Karachi,sale,homes,This Is Your Chance To Buy Flat In Harmain Royal Residency Karachi,28000000,PKR,209.0,Sq Yd,4,4,"Harmain Royal Residency, Gulshan-e-Iqbal - Block 1",Luxurious apartment for sale in Har,https://www.zameen.com/Property/gulshan_e_iqbal_block_1_harmain_royal_residency_this_is_your_chance_to_buy_flat_in_harmain_royal_residency_karachi-54467605-9675-1.html,"City: Karachi | Type: sale homes | Title: This Is Your Chance To Buy Flat In Harmain Royal Residency Karachi | Location: Harmain Royal Residency, Gulshan-e-Iqbal - Block 1 | Beds: 4 | Baths: 4 | Price: 28000000 PKR | Details: Luxurious apartment for sale in Har"
dataset_zameen-property-scraper_2026-09-21_18-31-54-879_52920278,Karachi,sale,homes,Exclusive Property Holdings By BRICKSWALL ENTERPRISES. . . !!!,22000000,PKR,168.0,Sq Yd,3,3,"Harmain Royal Residency, Gulshan-e-Iqbal - Block 1","Description
Harmain Royal Residency",https://www.zameen.com/Property/gulshan_e_iqbal_block_1_harmain_royal_residency_exclusive_property_holdings_by_brickswall_enterprises-52920278-9675-1.html,"City: Karachi | Type: sale homes | Title: Exclusive Property Holdings By BRICKSWALL ENTERPRISES. . . !!! | Location: Harmain Royal Residency, Gulshan-e-Iqbal - Block 1 | Beds: 3 | Baths: 3 | Price: 22000000 PKR | Details: Description
Harmain Royal Residency"
dataset_zameen-property-scraper_2026-09-21_18-31-54-879_54630757,Karachi,sale,homes,3Bed DDL 200sq yd Villa FOR SALE. Top Heighted Location near. Murree Point BTK (Hill View),19500000,PKR,200.0,Sq Yd,3,3,"Bahria Town - Precinct 11-A, Bahria Town - Precinct 11",Ready To Move Luxury 3 Bedrooms Pre,https://www.zameen.com/Property/bahria_town_precinct_11_bahria_town_-_precinct_11-a_3bed_ddl_200sq_yd_villa_for_sale_top_heighted_location_near_murree_point_btk_hill_view-54630757-10020-1.html,"City: Karachi | Type: sale homes | Title: 3Bed DDL 200sq yd Villa FOR SALE. Top Heighted Location near. Murree Point BTK (Hill View) | Location: Bahria Town - Precinct 11-A, Bahria Town - Precinct 11 | Beds: 3 | Baths: 3 | Price: 19500000 PKR | Details: Ready To Move Luxury 3 Bedrooms Pre"
dataset_zameen-property-scraper_2026-09-21_18-31-54-879_53729092,Karachi,sale,homes,Flat For Sale In Gulshan E Iqbal Block 13A,20000000,PKR,156.0,Sq Yd,3,3,"Gulshan-e-Iqbal - Block 13/A, Gulshan-e-Iqbal",Flat For Sell In Gulshan e Iqbal Bl,https://www.zameen.com/Property/gulshan_e_iqbal_gulshan-e-iqbal_-_block_13_a_flat_for_sale_in_gulshan_e_iqbal_block_13a-53729092-8468-1.html,"City: Karachi | Type: sale homes | Title: Flat For Sale In Gulshan E Iqbal Block 13A | Location: Gulshan-e-Iqbal - Block 13/A, Gulshan-e-Iqbal | Beds: 3 | Baths: 3 | Price: 20000000 PKR | Details: Flat For Sell In Gulshan e Iqbal Bl"
dataset_zameen-property-scraper_2026-09-21_18-31-54-879_54775124,Karachi,sale,homes,Apparment for sale (Available on bank loan),14500000,PKR,111.0,Sq Yd,2,2,"Gulshan-e-Iqbal - Block 4, Gulshan-e-Iqbal",Bhayani Heights (Near Maskan chowra,https://www.zameen.com/Property/gulshan_e_iqbal_gulshan-e-iqbal_-_block_4_apparment_for_sale_available_on_bank_loan-54775124-6864-1.html,"City: Karachi | Type: sale homes | Title: Apparment for sale (Available on bank loan) | Location: Gulshan-e-Iqbal - Block 4, Gulshan-e-Iqbal | Beds: 2 | Baths: 2 | Price: 14500000 PKR | Details: Bhayani Heights (Near Maskan chowra"
dataset_zameen-property-scraper_2026-09-21_18-31-54-879_50139370,Karachi,sale,homes,Fully Renovated Townhouse Is For Sale,85000000,PKR,160.0,Sq Yd,5,5,"PECHS Block 6, PECHS","160 Sqyds Townhouse
2021 Constructi",https://www.zameen.com/Property/pechs_pechs_block_6_fully_renovated_townhouse_is_for_sale-50139370-6935-1.html,"City: Karachi | Type: sale homes | Title: Fully Renovated Townhouse Is For Sale | Location: PECHS Block 6, PECHS | Beds: 5 | Baths: 5 | Price: 85000000 PKR | Details: 160 Sqyds Townhouse
2021 Constructi"
dataset_zameen-property-scraper_2026-09-21_18-31-54-879_54554627,Karachi,sale,homes,Double Storey House Available For Sale,20000000,PKR,120.0,Sq Yd,4,6,"Saima Arabian Villas, Gadap Town","Villa Available For Sale
Size : 120",https://www.zameen.com/Property/gadap_town_saima_arabian_villas_double_storey_house_available_for_sale-54554627-8856-1.html,"City: Karachi | Type: sale homes | Title: Double Storey House Available For Sale | Location: Saima Arabian Villas, Gadap Town | Beds: 4 | Baths: 6 | Price: 20000000 PKR | Details: Villa Available For Sale
Size : 120"
dataset_zameen-property-scraper_2026-09-21_18-31-54-879_54630879,Karachi,sale,homes,540sq ft 1BHK Luxury Flat Available on CASH/ INSTALMENTS. Paragon Towers are available on SALE at minimum prices.,4000000,PKR,60.0,Sq Yd,1,1,"Paragon Tower, Bahria Town - Precinct 17","Welcome to Paragon Towers, an epito",https://www.zameen.com/Property/bahria_town_precinct_17_paragon_tower_540sq_ft_1bhk_luxury_flat_available_on_cash_instalments_paragon_towers_are_available_on_sale_at_minimum_prices-54630879-21833-1.html,"City: Karachi | Type: sale homes | Title: 540sq ft 1BHK Luxury Flat Available on CASH/ INSTALMENTS. Paragon Towers are available on SALE at minimum prices. | Location: Paragon Tower, Bahria Town - Precinct 17 | Beds: 1 | Baths: 1 | Price: 4000000 PKR | Details: Welcome to Paragon Towers, an epito"
dataset_zameen-property-scraper_2026-09-21_18-31-54-879_54646614,Karachi,sale,homes,"500 SQ YD Brand New 5-Bedroom Villa For Sale Precinct-51, Bahria Paradise, Bahria Town Karachi Close to Mosque | All Amenities Nearby | Developed & Ready-to-Move.",45500000,PKR,500.0,Sq Yd,5,5,"Bahria Paradise, Bahria Town Karachi",Exclusively available for sale thro,https://www.zameen.com/Property/bahria_town_karachi_bahria_paradise_500_sq_yd_brand_new_5-bedroom_villa_for_sale_precinct-51_bahria_paradise_bahria_town_karachi_close_to_mosque_all_amenities_nearby_developed_ready-to-move-54646614-11458-1.html,"City: Karachi | Type: sale homes | Title: 500 SQ YD Brand New 5-Bedroom Villa For Sale Precinct-51, Bahria Paradise, Bahria Town Karachi Close to Mosque | All Amenities Nearby | Developed & Ready-to-Move. | Location: Bahria Paradise, Bahria Town Karachi | Beds: 5 | Baths: 5 | Price: 45500000 PKR | Details: Exclusively available for sale thro"
dataset_zameen-property-scraper_2026-09-21_18-31-54-879_52884929,Karachi,sale,homes,Flat For Sale In Gulshan e Iqbal Blk 13B,22000000,PKR,167.0,Sq Yd,3,2,"Gulshan-e-Iqbal - Block 13/B, Gulshan-e-Iqbal","3 Bed dd 2 Washrooms
 2nd Floor 150",https://www.zameen.com/Property/gulshan_e_iqbal_gulshan-e-iqbal_-_block_13_b_flat_for_sale_in_gulshan_e_iqbal_blk_13b-52884929-8844-1.html,"City: Karachi | Type: sale homes | Title: Flat For Sale In Gulshan e Iqbal Blk 13B | Location: Gulshan-e-Iqbal - Block 13/B, Gulshan-e-Iqbal | Beds: 3 | Baths: 2 | Price: 22000000 PKR | Details: 3 Bed dd 2 Washrooms
 2nd Floor 150"
dataset_zameen-property-scraper_2026-09-21_18-31-54-879_54596766,Karachi,sale,homes,Flat For Sell In Gulshan e Iqbal Block 16,24000000,PKR,156.0,Sq Yd,3,2,"Gulshan-e-Iqbal - Block 16, Gulshan-e-Iqbal",Flat For Sell In Gulshan e Iqbal Bl,https://www.zameen.com/Property/gulshan_e_iqbal_gulshan-e-iqbal_-_block_16_flat_for_sell_in_gulshan_e_iqbal_block_16-54596766-6878-1.html,"City: Karachi | Type: sale homes | Title: Flat For Sell In Gulshan e Iqbal Block 16 | Location: Gulshan-e-Iqbal - Block 16, Gulshan-e-Iqbal | Beds: 3 | Baths: 2 | Price: 24000000 PKR | Details: Flat For Sell In Gulshan e Iqbal Bl"
dataset_zameen-property-scraper_2026-09-21_18-31-54-879_54775167,Karachi,sale,homes,"*Apartment for Sale at PECHS Block 2 Near Khalid Bin Waleed, Allama Iqbal Road*",38000000,PKR,183.0,Sq Yd,3,3,"PECHS Block 2, PECHS","3 Bed Drawing & Dining
 3 Attached",https://www.zameen.com/Property/pechs_pechs_block_2_apartment_for_sale_at_pechs_block_2_near_khalid_bin_waleed_allama_iqbal_road-54775167-6933-1.html,"City: Karachi | Type: sale homes | Title: *Apartment for Sale at PECHS Block 2 Near Khalid Bin Waleed, Allama Iqbal Road* | Location: PECHS Block 2, PECHS | Beds: 3 | Baths: 3 | Price: 38000000 PKR | Details: 3 Bed Drawing & Dining
 3 Attached"
dataset_zameen-property-scraper_2026-09-21_18-31-54-879_54684461,Karachi,sale,homes,READY TO MOVE 2950sq Ft 4Bed Luxury Apartment At Tower-8 Near Entrance Of Bahria Town Karachi FOR SALE,27000000,PKR,328.0,Sq Yd,4,4,"Bahria Apartments, Bahria Town Karachi",Brings You An Opportunity To Buy 29,https://www.zameen.com/Property/bahria_town_karachi_bahria_apartments_ready_to_move_2950sq_ft_4bed_luxury_apartment_at_tower-8_near_entrance_of_bahria_town_karachi_for_sale-54684461-9030-1.html,"City: Karachi | Type: sale homes | Title: READY TO MOVE 2950sq Ft 4Bed Luxury Apartment At Tower-8 Near Entrance Of Bahria Town Karachi FOR SALE | Location: Bahria Apartments, Bahria Town Karachi | Beds: 4 | Baths: 4 | Price: 27000000 PKR | Details: Brings You An Opportunity To Buy 29"
dataset_zameen-property-scraper_2026-09-21_18-31-54-879_54390599,Karachi,sale,homes,Flat For Sale In Gulshan e iqbal Block 13-A,26000000,PKR,183.0,Sq Yd,3,3,"Gulshan-e-Iqbal - Block 13/A, Gulshan-e-Iqbal",Flat For Sale In Gulshan e iqbal Bl,https://www.zameen.com/Property/gulshan_e_iqbal_gulshan-e-iqbal_-_block_13_a_flat_for_sale_in_gulshan_e_iqbal_block_13-a-54390599-8468-1.html,"City: Karachi | Type: sale homes | Title: Flat For Sale In Gulshan e iqbal Block 13-A | Location: Gulshan-e-Iqbal - Block 13/A, Gulshan-e-Iqbal | Beds: 3 | Baths: 3 | Price: 26000000 PKR | Details: Flat For Sale In Gulshan e iqbal Bl"
dataset_zameen-property-scraper_2026-09-21_18-31-54-879_54088166,Karachi,sale,homes,House For Sale In Gulshane e Iqbal Block 5,105000000,PKR,400.0,Sq Yd,6,6,"Gulshan-e-Iqbal - Block 5, Gulshan-e-Iqbal",House For Sale In Gulshane e Iqbal,https://www.zameen.com/Property/gulshan_e_iqbal_gulshan-e-iqbal_-_block_5_house_for_sale_in_gulshane_e_iqbal_block_5-54088166-6866-1.html,"City: Karachi | Type: sale homes | Title: House For Sale In Gulshane e Iqbal Block 5 | Location: Gulshan-e-Iqbal - Block 5, Gulshan-e-Iqbal | Beds: 6 | Baths: 6 | Price: 105000000 PKR | Details: House For Sale In Gulshane e Iqbal"
dataset_zameen-property-scraper_2026-09-21_18-33-48-930_54744820,Karachi,rent,rentals,500 Yards Upper Portion For Rent  DHA Phase 6,300000,PKR,500.0,Sq Yd,3,3,"DHA Phase 6, DHA Defence","500yard
Upper floor 
3 bed dd
tv Lo",https://www.zameen.com/Property/dha_defence_dha_phase_6_500_yards_upper_portion_for_rent_dha_phase_6-54744820-1483-4.html,"City: Karachi | Type: rent rentals | Title: 500 Yards Upper Portion For Rent  DHA Phase 6 | Location: DHA Phase 6, DHA Defence | Beds: 3 | Baths: 3 | Price: 300000 PKR | Details: 500yard
Upper floor 
3 bed dd
tv Lo"
dataset_zameen-property-scraper_2026-09-21_18-33-48-930_54650432,Karachi,rent,rentals,"FOR RENT: BRAND NEW 3-BEDROOM PORTION WITH CAR PARKING DHA PHASE 4, KARACHI",245000,PKR,500.0,Sq Yd,3,3,"DHA Phase 4, DHA Defence",FOR RENT: BRAND NEW 3-BEDROOM PORTI,https://www.zameen.com/Property/dha_defence_dha_phase_4_for_rent_brand_new_3-bedroom_portion_with_car_parking_dha_phase_4_karachi-54650432-1481-4.html,"City: Karachi | Type: rent rentals | Title: FOR RENT: BRAND NEW 3-BEDROOM PORTION WITH CAR PARKING DHA PHASE 4, KARACHI | Location: DHA Phase 4, DHA Defence | Beds: 3 | Baths: 3 | Price: 245000 PKR | Details: FOR RENT: BRAND NEW 3-BEDROOM PORTI"
dataset_zameen-property-scraper_2026-09-21_18-33-48-930_54314860,Karachi,rent,rentals,Luxurious 4 Bedrooms Apartment For Rent In CREEK VISTA,425000,PKR,428.0,Sq Yd,4,5,"Creek Vista, DHA Phase 8",LUXURY APARTMENT FOR RENT IN DHA PH,https://www.zameen.com/Property/dha_phase_8_creek_vista_luxurious_4_bedrooms_apartment_for_rent_in_creek_vista-54314860-9058-4.html,"City: Karachi | Type: rent rentals | Title: Luxurious 4 Bedrooms Apartment For Rent In CREEK VISTA | Location: Creek Vista, DHA Phase 8 | Beds: 4 | Baths: 5 | Price: 425000 PKR | Details: LUXURY APARTMENT FOR RENT IN DHA PH"
dataset_zameen-property-scraper_2026-09-21_18-33-48-930_54734894,Karachi,rent,rentals,Flat For Rent,120000,PKR,111.0,Sq Yd,2,2,"DHA Phase 6, DHA Defence",2Nd Floor For Rent In Itthad Commer,https://www.zameen.com/Property/dha_defence_dha_phase_6_flat_for_rent-54734894-1483-4.html,"City: Karachi | Type: rent rentals | Title: Flat For Rent | Location: DHA Phase 6, DHA Defence | Beds: 2 | Baths: 2 | Price: 120000 PKR | Details: 2Nd Floor For Rent In Itthad Commer"
dataset_zameen-property-scraper_2026-09-21_18-33-48-930_54511581,Karachi,rent,rentals,CHANCE DEAL BRAND NEW 2 BED CITY FACING APARTMENT AVAILABLE FOR RENT | The Views,250000,PKR,206.0,Sq Yd,2,3,"Emaar The Views, DHA Phase 8",The Views 2 Bedroom Apartment For R,https://www.zameen.com/Property/dha_phase_8_emaar_the_views_chance_deal_brand_new_2_bed_city_facing_apartment_available_for_rent_the_views-54511581-17808-4.html,"City: Karachi | Type: rent rentals | Title: CHANCE DEAL BRAND NEW 2 BED CITY FACING APARTMENT AVAILABLE FOR RENT | The Views | Location: Emaar The Views, DHA Phase 8 | Beds: 2 | Baths: 3 | Price: 250000 PKR | Details: The Views 2 Bedroom Apartment For R"
dataset_zameen-property-scraper_2026-09-21_18-33-48-930_54774405,Karachi,rent,rentals,EVERYTHING SEPARATE PORTION FOR RANT DHA PHASE 6,300000,PKR,600.0,Sq Yd,3,4,"DHA Phase 6, DHA Defence",500 Yards Portion Available for Ren,https://www.zameen.com/Property/dha_defence_dha_phase_6_everything_separate_portion_for_rant_dha_phase_6-54774405-1483-4.html,"City: Karachi | Type: rent rentals | Title: EVERYTHING SEPARATE PORTION FOR RANT DHA PHASE 6 | Location: DHA Phase 6, DHA Defence | Beds: 3 | Baths: 4 | Price: 300000 PKR | Details: 500 Yards Portion Available for Ren"
dataset_zameen-property-scraper_2026-09-21_18-33-48-930_54670250,Karachi,rent,rentals,LUXURY APARTMENT FOR RENT,300000,PKR,278.0,Sq Yd,4,5,"Shaheed Millat Road, Karachi","4 Bed Dd Available On Rent
 (Main S",https://www.zameen.com/Property/karachi_shaheed_millat_road_luxury_apartment_for_rent-54670250-413-4.html,"City: Karachi | Type: rent rentals | Title: LUXURY APARTMENT FOR RENT | Location: Shaheed Millat Road, Karachi | Beds: 4 | Baths: 5 | Price: 300000 PKR | Details: 4 Bed Dd Available On Rent
 (Main S"
dataset_zameen-property-scraper_2026-09-21_18-33-48-930_52111736,Karachi,rent,rentals,2 Unit 500 Square Yards Bungalow Available For Rent,400000,PKR,500.0,Sq Yd,5,6,"DHA Phase 6, DHA Defence","500 square yards bungalow 
2 unit
2",https://www.zameen.com/Property/dha_defence_dha_phase_6_2_unit_500_square_yards_bungalow_available_for_rent-52111736-1483-4.html,"City: Karachi | Type: rent rentals | Title: 2 Unit 500 Square Yards Bungalow Available For Rent | Location: DHA Phase 6, DHA Defence | Beds: 5 | Baths: 6 | Price: 400000 PKR | Details: 500 square yards bungalow 
2 unit
2"
dataset_zameen-property-scraper_2026-09-21_18-33-48-930_54685442,Karachi,rent,rentals,Prime Location 2400 Square Feet Flat In Bath Island Is Available For Rent,350000,PKR,267.0,Sq Yd,3,3,"Bath Island, Karachi","TRICON TOWER BATH ISLAND, CLIFTON",https://www.zameen.com/Property/karachi_bath_island_prime_location_2400_square_feet_flat_in_bath_island_is_available_for_rent-54685442-198-4.html,"City: Karachi | Type: rent rentals | Title: Prime Location 2400 Square Feet Flat In Bath Island Is Available For Rent | Location: Bath Island, Karachi | Beds: 3 | Baths: 3 | Price: 350000 PKR | Details: TRICON TOWER BATH ISLAND, CLIFTON"
dataset_zameen-property-scraper_2026-09-21_18-33-48-930_54757440,Karachi,rent,rentals,Idyllic Prime Location House Available In Naya Nazimabad For rent,80000,PKR,120.0,Sq Yd,4,4,"Naya Nazimabad, Karachi","Single story independent 
Villa For",https://www.zameen.com/Property/karachi_naya_nazimabad_idyllic_prime_location_house_available_in_naya_nazimabad_for_rent-54757440-10079-4.html,"City: Karachi | Type: rent rentals | Title: Idyllic Prime Location House Available In Naya Nazimabad For rent | Location: Naya Nazimabad, Karachi | Beds: 4 | Baths: 4 | Price: 80000 PKR | Details: Single story independent 
Villa For"
dataset_zameen-property-scraper_2026-09-21_18-33-48-930_45078993,Karachi,rent,rentals,Brand New Houses For Rent At Good Location In Askari 6,145000,PKR,375.0,Sq Yd,5,5,"Askari 6, Malir Cantonment",House Available For Rant in Askari,https://www.zameen.com/Property/malir_cantonment_askari_6_brand_new_houses_for_rent_at_good_location_in_askari_6-45078993-21109-4.html,"City: Karachi | Type: rent rentals | Title: Brand New Houses For Rent At Good Location In Askari 6 | Location: Askari 6, Malir Cantonment | Beds: 5 | Baths: 5 | Price: 145000 PKR | Details: House Available For Rant in Askari"
dataset_zameen-property-scraper_2026-09-21_18-33-48-930_45840894,Karachi,rent,rentals,Brand New Houses For Rent Purpose,150000,PKR,375.0,Sq Yd,5,6,"Askari 6, Malir Cantonment",House Available For Rent in Askari,https://www.zameen.com/Property/malir_cantonment_askari_6_brand_new_houses_for_rent_purpose-45840894-21109-4.html,"City: Karachi | Type: rent rentals | Title: Brand New Houses For Rent Purpose | Location: Askari 6, Malir Cantonment | Beds: 5 | Baths: 6 | Price: 150000 PKR | Details: House Available For Rent in Askari"
dataset_zameen-property-scraper_2026-09-21_18-33-48-930_53980601,Karachi,rent,rentals,Creek Vista 4 Bedrooms Two Apartments For Rent West Open Well Maintained Ready To Move 360 With Maintenance,370000,PKR,418.0,Sq Yd,4,5,"Creek Vista, DHA Phase 8",*CREEK VISTA 4 BED APPT FOR RENT 2,https://www.zameen.com/Property/dha_phase_8_creek_vista_creek_vista_4_bedrooms_two_apartments_for_rent_west_open_well_maintained_ready_to_move_360_with_maintenance-53980601-9058-4.html,"City: Karachi | Type: rent rentals | Title: Creek Vista 4 Bedrooms Two Apartments For Rent West Open Well Maintained Ready To Move 360 With Maintenance | Location: Creek Vista, DHA Phase 8 | Beds: 4 | Baths: 5 | Price: 370000 PKR | Details: *CREEK VISTA 4 BED APPT FOR RENT 2"
dataset_zameen-property-scraper_2026-09-21_18-33-48-930_54716528,Karachi,rent,rentals,Flat For Rent In Gulshan E Iqbal Block 13-A,53000,PKR,100.0,Sq Yd,2,3,"Gulshan-e-Iqbal - Block 13/A, Gulshan-e-Iqbal",Flat For Rent In Gulshan e iqbal Bl,https://www.zameen.com/Property/gulshan_e_iqbal_gulshan-e-iqbal_-_block_13_a_flat_for_rent_in_gulshan_e_iqbal_block_13-a-54716528-8468-4.html,"City: Karachi | Type: rent rentals | Title: Flat For Rent In Gulshan E Iqbal Block 13-A | Location: Gulshan-e-Iqbal - Block 13/A, Gulshan-e-Iqbal | Beds: 2 | Baths: 3 | Price: 53000 PKR | Details: Flat For Rent In Gulshan e iqbal Bl"
dataset_zameen-property-scraper_2026-09-21_18-33-48-930_54178243,Karachi,rent,rentals,Fully Furnished Villa On Rent Near Sports Complex And Chirpy Park,90000,PKR,125.0,Sq Yd,3,3,"Bahria Town - Precinct 12, Bahria Town Karachi",Ready To Move Fully Furnished Villa,https://www.zameen.com/Property/bahria_town_karachi_bahria_town_-_precinct_12_fully_furnished_villa_on_rent_near_sports_complex_and_chirpy_park-54178243-10022-4.html,"City: Karachi | Type: rent rentals | Title: Fully Furnished Villa On Rent Near Sports Complex And Chirpy Park | Location: Bahria Town - Precinct 12, Bahria Town Karachi | Beds: 3 | Baths: 3 | Price: 90000 PKR | Details: Ready To Move Fully Furnished Villa"
dataset_zameen-property-scraper_2026-09-21_18-33-48-930_53214597,Karachi,rent,rentals,Brand New House Available For Rent In Asakari 6,150000,PKR,375.0,Sq Yd,5,6,"Askari 6, Malir Cantonment",Asaki 6 is the best Housing Society,https://www.zameen.com/Property/malir_cantonment_askari_6_brand_new_house_available_for_rent_in_asakari_6-53214597-21109-4.html,"City: Karachi | Type: rent rentals | Title: Brand New House Available For Rent In Asakari 6 | Location: Askari 6, Malir Cantonment | Beds: 5 | Baths: 6 | Price: 150000 PKR | Details: Asaki 6 is the best Housing Society"
dataset_zameen-property-scraper_2026-09-21_18-33-48-930_54639532,Karachi,rent,rentals,Defence Phase 8 Ground Portion Available For Rent,295000,PKR,500.0,Sq Yd,3,4,"DHA Phase 8, DHA Defence",Defence phase 8 Ground Portion For,https://www.zameen.com/Property/dha_defence_dha_phase_8_defence_phase_8_ground_portion_available_for_rent-54639532-1485-4.html,"City: Karachi | Type: rent rentals | Title: Defence Phase 8 Ground Portion Available For Rent | Location: DHA Phase 8, DHA Defence | Beds: 3 | Baths: 4 | Price: 295000 PKR | Details: Defence phase 8 Ground Portion For"
dataset_zameen-property-scraper_2026-09-21_18-33-48-930_54735319,Karachi,rent,rentals,READY TO MOVE 955 Square Feet 2 Bed Lounge Flat FOR RENT Outer Corner Apartment With AMAZING VIEW 2 KM From MAIN GATE Of BTK,30000,PKR,106.0,Sq Yd,2,2,"Bahria Town - Jinnah Avenue, Bahria Town Karachi",950 Square Ft 2 Bedrooms Luxury Apa,https://www.zameen.com/Property/bahria_town_karachi_bahria_town_-_jinnah_avenue_ready_to_move_955_square_feet_2_bed_lounge_flat_for_rent_outer_corner_apartment_with_amazing_view_2_km_from_main_gate_of_btk-54735319-13847-4.html,"City: Karachi | Type: rent rentals | Title: READY TO MOVE 955 Square Feet 2 Bed Lounge Flat FOR RENT Outer Corner Apartment With AMAZING VIEW 2 KM From MAIN GATE Of BTK | Location: Bahria Town - Jinnah Avenue, Bahria Town Karachi | Beds: 2 | Baths: 2 | Price: 30000 PKR | Details: 950 Square Ft 2 Bedrooms Luxury Apa"
dataset_zameen-property-scraper_2026-09-21_18-33-48-930_53903533,Karachi,rent,rentals,Proper Full Sea Facing 3-Bedrooms Pearl Tower 2 Like New Apartment,400000,PKR,272.0,Sq Yd,3,4,"Emaar Pearl Towers, Emaar Crescent Bay","Emaar PT-2 
 Full Proper Sea Facing",https://www.zameen.com/Property/emaar_crescent_bay_emaar_pearl_towers_proper_full_sea_facing_3-bedrooms_pearl_tower_2_like_new_apartment-53903533-10719-4.html,"City: Karachi | Type: rent rentals | Title: Proper Full Sea Facing 3-Bedrooms Pearl Tower 2 Like New Apartment | Location: Emaar Pearl Towers, Emaar Crescent Bay | Beds: 3 | Baths: 4 | Price: 400000 PKR | Details: Emaar PT-2 
 Full Proper Sea Facing"
dataset_zameen-property-scraper_2026-09-21_18-33-48-930_53783790,Karachi,rent,rentals,Emaar 3-Bedrooms Apartment For Rent Coral Tower 2 Higher Floor Partial Sea Facing,320000,PKR,233.0,Sq Yd,3,3,"Emaar Crescent Bay, DHA Phase 8",*بِسْمِ اللّٰهِِ الرَّحْمَنِ الرَّح,https://www.zameen.com/Property/dha_phase_8_emaar_crescent_bay_emaar_3-bedrooms_apartment_for_rent_coral_tower_2_higher_floor_partial_sea_facing-53783790-8503-4.html,"City: Karachi | Type: rent rentals | Title: Emaar 3-Bedrooms Apartment For Rent Coral Tower 2 Higher Floor Partial Sea Facing | Location: Emaar Crescent Bay, DHA Phase 8 | Beds: 3 | Baths: 3 | Price: 320000 PKR | Details: *بِسْمِ اللّٰهِِ الرَّحْمَنِ الرَّح"
dataset_zameen-property-scraper_2026-09-21_18-33-48-930_53284969,Karachi,rent,rentals,Emaar 2 Bedrooms Apartment For Rent Dolmen Facing Full Sea Facing Outclass Apartment Lile New,350000,PKR,200.0,Sq Yd,2,3,"Emaar Pearl Towers, Emaar Crescent Bay","Emaar Pearl Tower 2 
 20th Floor",https://www.zameen.com/Property/emaar_crescent_bay_emaar_pearl_towers_emaar_2_bedrooms_apartment_for_rent_dolmen_facing_full_sea_facing_outclass_apartment_lile_new-53284969-10719-4.html,"City: Karachi | Type: rent rentals | Title: Emaar 2 Bedrooms Apartment For Rent Dolmen Facing Full Sea Facing Outclass Apartment Lile New | Location: Emaar Pearl Towers, Emaar Crescent Bay | Beds: 2 | Baths: 3 | Price: 350000 PKR | Details: Emaar Pearl Tower 2 
 20th Floor"
dataset_zameen-property-scraper_2026-09-21_18-33-48-930_52325251,Karachi,rent,rentals,Alhamdulillah I Am Specialist Of Creek Vista Since Last 15 Years Creek Vista 4-Bedroom Well Maintained Apartment Stadium Facing For Rent,350000,PKR,418.0,Sq Yd,4,4,"Creek Vista, DHA Phase 8",*CREEK VISTA 4 BED APARTMENT FOR RE,https://www.zameen.com/Property/dha_phase_8_creek_vista_alhamdulillah_i_am_specialist_of_creek_vista_since_last_15_years_creek_vista_4-bedroom_well_maintained_apartment_stadium_facing_for_rent-52325251-9058-4.html,"City: Karachi | Type: rent rentals | Title: Alhamdulillah I Am Specialist Of Creek Vista Since Last 15 Years Creek Vista 4-Bedroom Well Maintained Apartment Stadium Facing For Rent | Location: Creek Vista, DHA Phase 8 | Beds: 4 | Baths: 4 | Price: 350000 PKR | Details: *CREEK VISTA 4 BED APARTMENT FOR RE"
dataset_zameen-property-scraper_2026-09-21_18-33-48-930_54614510,Karachi,rent,rentals,Bangalore For Rent Defense Phase 2,600000,PKR,600.0,Sq Yd,6,6,"DHA Phase 2, DHA Defence",Defense Phase 2 Bangalore For Rent,https://www.zameen.com/Property/dha_defence_dha_phase_2_bangalore_for_rent_defense_phase_2-54614510-1479-4.html,"City: Karachi | Type: rent rentals | Title: Bangalore For Rent Defense Phase 2 | Location: DHA Phase 2, DHA Defence | Beds: 6 | Baths: 6 | Price: 600000 PKR | Details: Defense Phase 2 Bangalore For Rent"
dataset_zameen-property-scraper_2026-09-21_18-33-48-930_54638290,Karachi,rent,rentals,Brand New 3 Bed Lounge Apartment For Rent With Lift 4th Floor 6 Months Maintenance Free,110000,PKR,117.0,Sq Yd,3,3,"DHA Phase 2 Extension, DHA Defence",Brand New Building Brand New Apartm,https://www.zameen.com/Property/dha_defence_dha_phase_2_extension_brand_new_3_bed_lounge_apartment_for_rent_with_lift_4th_floor_6_months_maintenance_free-54638290-1672-4.html,"City: Karachi | Type: rent rentals | Title: Brand New 3 Bed Lounge Apartment For Rent With Lift 4th Floor 6 Months Maintenance Free | Location: DHA Phase 2 Extension, DHA Defence | Beds: 3 | Baths: 3 | Price: 110000 PKR | Details: Brand New Building Brand New Apartm"
dataset_zameen-property-scraper_2026-09-21_18-33-48-930_54549503,Karachi,rent,rentals,Portion For Rent In Gulshan E Iqbal Block - 09,125000,PKR,600.0,Sq Yd,2,2,"Gulshan-e-Iqbal - Block 9, Gulshan-e-Iqbal",Portion For Rent In Gulshan e iqbal,https://www.zameen.com/Property/gulshan_e_iqbal_gulshan-e-iqbal_-_block_9_portion_for_rent_in_gulshan_e_iqbal_block_-_09-54549503-6870-4.html,"City: Karachi | Type: rent rentals | Title: Portion For Rent In Gulshan E Iqbal Block - 09 | Location: Gulshan-e-Iqbal - Block 9, Gulshan-e-Iqbal | Beds: 2 | Baths: 2 | Price: 125000 PKR | Details: Portion For Rent In Gulshan e iqbal"
dataset_zameen-property-scraper_2026-09-21_18-35-26-850_54748879,Islamabad,sale,homes,"Excellent 10 Marla House , Corner , 3 Sides Open With Solar System For Sale . This Is A Triple Storey House With Top Class Open Basement.",69000000,PKR,10.0,Marla,7,6,"DHA Phase 2 - Sector C, DHA Defence Phase 2",Excellent owner built 10 Marla hous,https://www.zameen.com/Property/dha_defence_phase_2_dha_phase_2_-_sector_c_excellent_10_marla_house_corner_3_sides_open_with_solar_system_for_sale_this_is_a_triple_storey_house_with_top_class_open_basement-54748879-3198-1.html,"City: Islamabad | Type: sale homes | Title: Excellent 10 Marla House , Corner , 3 Sides Open With Solar System For Sale . This Is A Triple Storey House With Top Class Open Basement. | Location: DHA Phase 2 - Sector C, DHA Defence Phase 2 | Beds: 7 | Baths: 6 | Price: 69000000 PKR | Details: Excellent owner built 10 Marla hous"
dataset_zameen-property-scraper_2026-09-21_18-35-26-850_54069877,Islamabad,sale,homes,Stunning And Affordable House Available For Sale In DHA Phase 2 - Sector E,82500000,PKR,10.0,Marla,5,6,"DHA Phase 2 - Sector E, DHA Defence Phase 2","Designers 10 Marla House , 5 Beds 6",https://www.zameen.com/Property/dha_defence_phase_2_dha_phase_2_-_sector_e_stunning_and_affordable_house_available_for_sale_in_dha_phase_2_-_sector_e-54069877-3200-1.html,"City: Islamabad | Type: sale homes | Title: Stunning And Affordable House Available For Sale In DHA Phase 2 - Sector E | Location: DHA Phase 2 - Sector E, DHA Defence Phase 2 | Beds: 5 | Baths: 6 | Price: 82500000 PKR | Details: Designers 10 Marla House , 5 Beds 6"
dataset_zameen-property-scraper_2026-09-21_18-35-26-850_54774770,Islamabad,sale,homes,Fully furnished A Block 10 Marla House for Sale,51000000,PKR,10.0,Marla,5,6,"Top City 1 - Block A, Top City 1",fully furnished house A Block Prime,https://www.zameen.com/Property/top_city_1_top_city_1_-_block_a_fully_furnished_a_block_10_marla_house_for_sale-54774770-9231-1.html,"City: Islamabad | Type: sale homes | Title: Fully furnished A Block 10 Marla House for Sale | Location: Top City 1 - Block A, Top City 1 | Beds: 5 | Baths: 6 | Price: 51000000 PKR | Details: fully furnished house A Block Prime"
dataset_zameen-property-scraper_2026-09-21_18-35-26-850_53323941,Islamabad,sale,homes,Bahria Enclave 2 Bed Cube Apartment 1558 Sq Feet Possession Utility Circulation Charges Paid On Murree Facing Available For Sale,20500000,PKR,6.9,Marla,2,3,"Cube Apartments, Bahria Enclave",Bahria Enclave 2 Bed Cube Apartment,https://www.zameen.com/Property/bahria_enclave_cube_apartments_bahria_enclave_2_bed_cube_apartment_1558_sq_feet_possession_utility_circulation_charges_paid_on_murree_facing_available_for_sale-53323941-21520-1.html,"City: Islamabad | Type: sale homes | Title: Bahria Enclave 2 Bed Cube Apartment 1558 Sq Feet Possession Utility Circulation Charges Paid On Murree Facing Available For Sale | Location: Cube Apartments, Bahria Enclave | Beds: 2 | Baths: 3 | Price: 20500000 PKR | Details: Bahria Enclave 2 Bed Cube Apartment"
dataset_zameen-property-scraper_2026-09-21_18-35-26-850_54480942,Islamabad,sale,homes,Fully Furnished 1 Kanal Spanish Style House For Sale In DHA Phase 2,150000000,PKR,1.0,Kanal,5,6,"DHA Defence Phase 2, DHA Defence",1 Kanal Brand New Designer House Fo,https://www.zameen.com/Property/dha_defence_dha_defence_phase_2_fully_furnished_1_kanal_spanish_style_house_for_sale_in_dha_phase_2-54480942-339-1.html,"City: Islamabad | Type: sale homes | Title: Fully Furnished 1 Kanal Spanish Style House For Sale In DHA Phase 2 | Location: DHA Defence Phase 2, DHA Defence | Beds: 5 | Baths: 6 | Price: 150000000 PKR | Details: 1 Kanal Brand New Designer House Fo"
dataset_zameen-property-scraper_2026-09-21_18-35-26-850_54760578,Islamabad,sale,homes,Buying A Prime Location House In Top City 1?,57500000,PKR,10.0,Marla,4,5,"Top City 1, Islamabad",TOPCITY-1 | 10 MARLA CORNER DESIGNE,https://www.zameen.com/Property/islamabad_top_city_1_buying_a_prime_location_house_in_top_city_1-54760578-1383-1.html,"City: Islamabad | Type: sale homes | Title: Buying A Prime Location House In Top City 1? | Location: Top City 1, Islamabad | Beds: 4 | Baths: 5 | Price: 57500000 PKR | Details: TOPCITY-1 | 10 MARLA CORNER DESIGNE"
dataset_zameen-property-scraper_2026-09-21_18-35-26-850_54760974,Islamabad,sale,homes,Prime Location Top City 1 House Sized 10 Marla,55000000,PKR,10.0,Marla,4,5,"Top City 1, Islamabad",TOPCITY-1 | 10 MARLA CORNER DESIGNE,https://www.zameen.com/Property/islamabad_top_city_1_prime_location_top_city_1_house_sized_10_marla-54760974-1383-1.html,"City: Islamabad | Type: sale homes | Title: Prime Location Top City 1 House Sized 10 Marla | Location: Top City 1, Islamabad | Beds: 4 | Baths: 5 | Price: 55000000 PKR | Details: TOPCITY-1 | 10 MARLA CORNER DESIGNE"
dataset_zameen-property-scraper_2026-09-21_18-35-26-850_54768431,Islamabad,sale,homes,Topcity 10 Marla House for sale,51500000,PKR,10.0,Marla,5,6,"Top City 1, Islamabad",Top City-1 Islamabad is a modern re,https://www.zameen.com/Property/islamabad_top_city_1_topcity_10_marla_house_for_sale-54768431-1383-1.html,"City: Islamabad | Type: sale homes | Title: Topcity 10 Marla House for sale | Location: Top City 1, Islamabad | Beds: 5 | Baths: 6 | Price: 51500000 PKR | Details: Top City-1 Islamabad is a modern re"
dataset_zameen-property-scraper_2026-09-21_18-35-26-850_54703306,Islamabad,sale,homes,Luxury Furnished 10 Marla House All Amenities Available,67500000,PKR,10.0,Marla,9,6,"Faisal Town - F-18, Islamabad","Property Details:
*Size: 10 Marla",https://www.zameen.com/Property/islamabad_faisal_town_-_f-18_luxury_furnished_10_marla_house_all_amenities_available-54703306-8260-1.html,"City: Islamabad | Type: sale homes | Title: Luxury Furnished 10 Marla House All Amenities Available | Location: Faisal Town - F-18, Islamabad | Beds: 9 | Baths: 6 | Price: 67500000 PKR | Details: Property Details:
*Size: 10 Marla"
dataset_zameen-property-scraper_2026-09-21_18-35-26-850_11,Islamabad,sale,homes,INVESTOR PRICE HOUSE FOR SALE IN E-11,135000000,PKR,1.0,Kanal,9,6,"E-11/3, E-11",Luxury Triple Storey House for Sale,https://www.zameen.com/Property/e_11_e-11_3_investor_price_house_for_sale_in_e-11-53974534-3238-1.html,"City: Islamabad | Type: sale homes | Title: INVESTOR PRICE HOUSE FOR SALE IN E-11 | Location: E-11/3, E-11 | Beds: 9 | Baths: 6 | Price: 135000000 PKR | Details: Luxury Triple Storey House for Sale"
dataset_zameen-property-scraper_2026-09-21_18-35-26-850_54121234,Islamabad,sale,homes,1 Kanal Ultra Luxury Designer House for Sale in DHA Phase 2 Islamabad | 7 Master Bedrooms | Prime Location Near Central Park DHA Phase 2 & Islamabad Expressway | Elegant Living | Double Kitchens | Servant Accommodation | Parking for 3,107500000,PKR,1.0,Kanal,7,6,"DHA Defence Phase 2, DHA Defence",Luxury Living Redefined | 1 Kanal D,https://www.zameen.com/Property/dha_defence_dha_defence_phase_2_1_kanal_ultra_luxury_designer_house_for_sale_in_dha_phase_2_islamabad_7_master_bedrooms_prime_location_near_central_park_dha_phase_2_islamabad_expressway_elegant_living_double_kitchens_servant_accommodation_parking_for_3-54121234-339-1.html,"City: Islamabad | Type: sale homes | Title: 1 Kanal Ultra Luxury Designer House for Sale in DHA Phase 2 Islamabad | 7 Master Bedrooms | Prime Location Near Central Park DHA Phase 2 & Islamabad Expressway | Elegant Living | Double Kitchens | Servant Accommodation | Parking for 3 | Location: DHA Defence Phase 2, DHA Defence | Beds: 7 | Baths: 6 | Price: 107500000 PKR | Details: Luxury Living Redefined | 1 Kanal D"
dataset_zameen-property-scraper_2026-09-21_18-35-26-850_53601131,Islamabad,sale,homes,1 Kanal Elegant Designed House For Sale In DHA Islamabad,158000000,PKR,1.0,Kanal,5,5,"DHA Defence Phase 2, DHA Defence",Presenting This Exceptional 1 Kanal,https://www.zameen.com/Property/dha_defence_dha_defence_phase_2_1_kanal_elegant_designed_house_for_sale_in_dha_islamabad-53601131-339-1.html,"City: Islamabad | Type: sale homes | Title: 1 Kanal Elegant Designed House For Sale In DHA Islamabad | Location: DHA Defence Phase 2, DHA Defence | Beds: 5 | Baths: 5 | Price: 158000000 PKR | Details: Presenting This Exceptional 1 Kanal"
dataset_zameen-property-scraper_2026-09-21_18-35-26-850_54238693,Islamabad,sale,homes,1 Kanal House With Premium Drawing Room With Imported Furniture,117500000,PKR,1.0,Kanal,5,7,"DHA Defence Phase 2, DHA Defence","Don&#x27;T Wait, Choose And Buy This Stu",https://www.zameen.com/Property/dha_defence_dha_defence_phase_2_1_kanal_house_with_premium_drawing_room_with_imported_furniture-54238693-339-1.html,"City: Islamabad | Type: sale homes | Title: 1 Kanal House With Premium Drawing Room With Imported Furniture | Location: DHA Defence Phase 2, DHA Defence | Beds: 5 | Baths: 7 | Price: 117500000 PKR | Details: Don&#x27;T Wait, Choose And Buy This Stu"
dataset_zameen-property-scraper_2026-09-21_18-35-26-850_54725621,Islamabad,sale,homes,TOPCITY-1 | LUXURIOUS 10 MARLA CORNER DESIGNER HOUSE FOR SALE,68900000,PKR,10.0,Marla,4,5,"Top City 1, Islamabad",TOPCITY-1 | 10 MARLA CORNER DESIGNE,https://www.zameen.com/Property/islamabad_top_city_1_topcity-1_luxurious_10_marla_corner_designer_house_for_sale-54725621-1383-1.html,"City: Islamabad | Type: sale homes | Title: TOPCITY-1 | LUXURIOUS 10 MARLA CORNER DESIGNER HOUSE FOR SALE | Location: Top City 1, Islamabad | Beds: 4 | Baths: 5 | Price: 68900000 PKR | Details: TOPCITY-1 | 10 MARLA CORNER DESIGNE"
dataset_zameen-property-scraper_2026-09-21_18-35-26-850_54627663,Islamabad,sale,homes,Buying A Corner House In MPCHS - Block E Islamabad?,44000000,PKR,8.0,Marla,5,6,"MPCHS - Block E, MPCHS - Multi Gardens",Corner House Available for Sale E B,https://www.zameen.com/Property/mpchs_multi_gardens_mpchs_-_block_e_buying_a_corner_house_in_mpchs_-_block_e_islamabad-54627663-3120-1.html,"City: Islamabad | Type: sale homes | Title: Buying A Corner House In MPCHS - Block E Islamabad? | Location: MPCHS - Block E, MPCHS - Multi Gardens | Beds: 5 | Baths: 6 | Price: 44000000 PKR | Details: Corner House Available for Sale E B"
dataset_zameen-property-scraper_2026-09-21_18-35-26-850_54734488,Islamabad,sale,homes,10 Marla Brand New Designer Luxury House Available For Sale In DHA Phase 2 Islamabad,72500000,PKR,10.0,Marla,5,6,"DHA Defence Phase 2, DHA Defence",5 Bedroom Bathroom Kitchen TV Loung,https://www.zameen.com/Property/dha_defence_dha_defence_phase_2_10_marla_brand_new_designer_luxury_house_available_for_sale_in_dha_phase_2_islamabad-54734488-339-1.html,"City: Islamabad | Type: sale homes | Title: 10 Marla Brand New Designer Luxury House Available For Sale In DHA Phase 2 Islamabad | Location: DHA Defence Phase 2, DHA Defence | Beds: 5 | Baths: 6 | Price: 72500000 PKR | Details: 5 Bedroom Bathroom Kitchen TV Loung"
dataset_zameen-property-scraper_2026-09-21_18-35-26-850_54771626,Islamabad,sale,homes,3 Bedroom Apartment for Sale Bahria Enclave Islamabad,19800000,PKR,10.9,Marla,3,5,"Bahria Enclave, Bahria Town",3 Bedroom Apartment for Sale Bahria,https://www.zameen.com/Property/bahria_town_bahria_enclave_3_bedroom_apartment_for_sale_bahria_enclave_islamabad-54771626-1705-1.html,"City: Islamabad | Type: sale homes | Title: 3 Bedroom Apartment for Sale Bahria Enclave Islamabad | Location: Bahria Enclave, Bahria Town | Beds: 3 | Baths: 5 | Price: 19800000 PKR | Details: 3 Bedroom Apartment for Sale Bahria"
dataset_zameen-property-scraper_2026-09-21_18-35-26-850_54775179,Islamabad,sale,homes,Brand New 3-Bedroom Corner Apartment for Sale El Silo B Block,17000000,PKR,6.2,Marla,3,3,"El Cielo, GT Road","A brand-new, spacious 3-bedroom cor",https://www.zameen.com/Property/gt_road_el_cielo_brand_new_3-bedroom_corner_apartment_for_sale_el_silo_b_block-54775179-10358-1.html,"City: Islamabad | Type: sale homes | Title: Brand New 3-Bedroom Corner Apartment for Sale El Silo B Block | Location: El Cielo, GT Road | Beds: 3 | Baths: 3 | Price: 17000000 PKR | Details: A brand-new, spacious 3-bedroom cor"
dataset_zameen-property-scraper_2026-09-21_18-35-26-850_54088978,Islamabad,sale,homes,1 Kanal Corner House Available For Sale In DHA Phase 2 Islamabad In Very Reasonable Price,90000000,PKR,1.0,Kanal,6,6,"DHA Defence Phase 2, DHA Defence",1 Kanal Corner House for Sale in DH,https://www.zameen.com/Property/dha_defence_dha_defence_phase_2_1_kanal_corner_house_available_for_sale_in_dha_phase_2_islamabad_in_very_reasonable_price-54088978-339-1.html,"City: Islamabad | Type: sale homes | Title: 1 Kanal Corner House Available For Sale In DHA Phase 2 Islamabad In Very Reasonable Price | Location: DHA Defence Phase 2, DHA Defence | Beds: 6 | Baths: 6 | Price: 90000000 PKR | Details: 1 Kanal Corner House for Sale in DH"
dataset_zameen-property-scraper_2026-09-21_18-35-26-850_54775175,Islamabad,sale,homes,"Beautiful 4 Marla House for Sale in G-14/4 Islamabad Equipped with Solar System, Premium Tiles Flooring & All Basic Amenities in a Prime Residential Location",36000000,PKR,4.0,Marla,4,5,"G-14/4, G-14",4 Marla House for Sale in G-14/4 Is,https://www.zameen.com/Property/g_14_g-14_4_beautiful_4_marla_house_for_sale_in_g-14_4_islamabad_equipped_with_solar_system_premium_tiles_flooring_all_basic_amenities_in_a_prime_residential_location-54775175-3346-1.html,"City: Islamabad | Type: sale homes | Title: Beautiful 4 Marla House for Sale in G-14/4 Islamabad Equipped with Solar System, Premium Tiles Flooring & All Basic Amenities in a Prime Residential Location | Location: G-14/4, G-14 | Beds: 4 | Baths: 5 | Price: 36000000 PKR | Details: 4 Marla House for Sale in G-14/4 Is"
dataset_zameen-property-scraper_2026-09-21_18-35-26-850_52372119,Islamabad,sale,homes,1 Kanal Double Heighted Lobby Design House For Sale In DHA I_R,147500000,PKR,1.0,Kanal,6,6,"DHA Defence Phase 2, DHA Defence",Presenting This Exceptional 1 Kanal,https://www.zameen.com/Property/dha_defence_dha_defence_phase_2_1_kanal_double_heighted_lobby_design_house_for_sale_in_dha_i_r-52372119-339-1.html,"City: Islamabad | Type: sale homes | Title: 1 Kanal Double Heighted Lobby Design House For Sale In DHA I_R | Location: DHA Defence Phase 2, DHA Defence | Beds: 6 | Baths: 6 | Price: 147500000 PKR | Details: Presenting This Exceptional 1 Kanal"
dataset_zameen-property-scraper_2026-09-21_18-35-26-850_54391547,Islamabad,sale,homes,A House Of 1022 Square Yards In Rs. 450000000,450000000,PKR,2.0,Kanal,6,6,"F-8/1, F-8",House For sale 1022 sqyds liveable,https://www.zameen.com/Property/f_8_f-8_1_a_house_of_1022_square_yards_in_rs_450000000-54391547-3314-1.html,"City: Islamabad | Type: sale homes | Title: A House Of 1022 Square Yards In Rs. 450000000 | Location: F-8/1, F-8 | Beds: 6 | Baths: 6 | Price: 450000000 PKR | Details: House For sale 1022 sqyds liveable"
dataset_zameen-property-scraper_2026-09-21_18-35-26-850_54436991,Islamabad,sale,homes,Corner Demolished House Size 1200 Sqyds 80*135 Each Plot 600 Sqyds Top Loction,450000000,PKR,2.4,Kanal,5,5,"F-8/4, F-8",old house corner Main Nazam Deen ro,https://www.zameen.com/Property/f_8_f-8_4_corner_demolished_house_size_1200_sqyds_80_135_each_plot_600_sqyds_top_loction-54436991-3317-1.html,"City: Islamabad | Type: sale homes | Title: Corner Demolished House Size 1200 Sqyds 80*135 Each Plot 600 Sqyds Top Loction | Location: F-8/4, F-8 | Beds: 5 | Baths: 5 | Price: 450000000 PKR | Details: old house corner Main Nazam Deen ro"
dataset_zameen-property-scraper_2026-09-21_18-35-26-850_54405821,Islamabad,sale,homes,Deal Directly With The OWNER For A Smooth And Cost-Effective Purchase House For Sale,115000000,PKR,1.0,Kanal,5,7,"DHA Defence Phase 2, DHA Defence","Don&#x27;T Wait, Choose And Buy This Stu",https://www.zameen.com/Property/dha_defence_dha_defence_phase_2_deal_directly_with_the_owner_for_a_smooth_and_cost-effective_purchase_house_for_sale-54405821-339-1.html,"City: Islamabad | Type: sale homes | Title: Deal Directly With The OWNER For A Smooth And Cost-Effective Purchase House For Sale | Location: DHA Defence Phase 2, DHA Defence | Beds: 5 | Baths: 7 | Price: 115000000 PKR | Details: Don&#x27;T Wait, Choose And Buy This Stu"
dataset_zameen-property-scraper_2026-09-21_18-35-26-850_54405823,Islamabad,sale,homes,Latest Design Ultra Luxurious House For Sale At DHA Islamabad,116000000,PKR,1.0,Kanal,5,6,"DHA Defence Phase 2, DHA Defence","Don&#x27;T Wait, Choose And Buy This Stu",https://www.zameen.com/Property/dha_defence_dha_defence_phase_2_latest_design_ultra_luxurious_house_for_sale_at_dha_islamabad-54405823-339-1.html,"City: Islamabad | Type: sale homes | Title: Latest Design Ultra Luxurious House For Sale At DHA Islamabad | Location: DHA Defence Phase 2, DHA Defence | Beds: 5 | Baths: 6 | Price: 116000000 PKR | Details: Don&#x27;T Wait, Choose And Buy This Stu"
dataset_zameen-property-scraper_2026-09-21_18-37-26-375_54774171,Islamabad,rent,rentals,10 Marla Double Storey House For Rent,140000,PKR,10.0,Marla,5,6,"Top City 1, Islamabad",A Well-Maintained 10 Marla House Is,https://www.zameen.com/Property/islamabad_top_city_1_10_marla_double_storey_house_for_rent-54774171-1383-4.html,"City: Islamabad | Type: rent rentals | Title: 10 Marla Double Storey House For Rent | Location: Top City 1, Islamabad | Beds: 5 | Baths: 6 | Price: 140000 PKR | Details: A Well-Maintained 10 Marla House Is"
dataset_zameen-property-scraper_2026-09-21_18-37-26-375_54643868,Islamabad,rent,rentals,F-7 Beautiful Lower Ground For Rent,925000,PKR,2.1,Kanal,3,4,"F-7, Islamabad",Luexgrid Construction & Marketing O,https://www.zameen.com/Property/islamabad_f-7_f-7_beautiful_lower_ground_for_rent-54643868-165-4.html,"City: Islamabad | Type: rent rentals | Title: F-7 Beautiful Lower Ground For Rent | Location: F-7, Islamabad | Beds: 3 | Baths: 4 | Price: 925000 PKR | Details: Luexgrid Construction & Marketing O"
dataset_zameen-property-scraper_2026-09-21_18-37-26-375_54249943,Islamabad,rent,rentals,"Fully Furnished Apartments for Rent in F-6, Islamabad",616000,PKR,17.8,Marla,2,2,"F-6, Islamabad",Beautiful fully furnished ground an,https://www.zameen.com/Property/islamabad_f-6_fully_furnished_apartments_for_rent_in_f-6_islamabad-54249943-164-4.html,"City: Islamabad | Type: rent rentals | Title: Fully Furnished Apartments for Rent in F-6, Islamabad | Location: F-6, Islamabad | Beds: 2 | Baths: 2 | Price: 616000 PKR | Details: Beautiful fully furnished ground an"
dataset_zameen-property-scraper_2026-09-21_18-37-26-375_10,Islamabad,rent,rentals,LOWER PORTION AVAILABLE FOR RENT IN I-10,100000,PKR,6.0,Marla,2,2,"I-10/4, I-10","LOWER PORTION IN I-10/4
2 BED ATTAC",https://www.zameen.com/Property/i_10_i-10_4_lower_portion_available_for_rent_in_i-10-54620493-3423-4.html,"City: Islamabad | Type: rent rentals | Title: LOWER PORTION AVAILABLE FOR RENT IN I-10 | Location: I-10/4, I-10 | Beds: 2 | Baths: 2 | Price: 100000 PKR | Details: LOWER PORTION IN I-10/4
2 BED ATTAC"
dataset_zameen-property-scraper_2026-09-21_18-37-26-375_11,Islamabad,rent,rentals,UPPER PORTION AVAILABLE FOR RENT IN I-11,100000,PKR,6.0,Marla,2,2,"I-11/2, I-11","UPPER PORTION IN I-11/2
2 BED ATTAC",https://www.zameen.com/Property/i_11_i-11_2_upper_portion_available_for_rent_in_i-11-54620576-9879-4.html,"City: Islamabad | Type: rent rentals | Title: UPPER PORTION AVAILABLE FOR RENT IN I-11 | Location: I-11/2, I-11 | Beds: 2 | Baths: 2 | Price: 100000 PKR | Details: UPPER PORTION IN I-11/2
2 BED ATTAC"
dataset_zameen-property-scraper_2026-09-21_18-37-26-375_54773288,Islamabad,rent,rentals,F-7 Brand New Luxury House Available For Rent.,1500000,PKR,1.1,Kanal,6,6,"F-7, Islamabad",Capital zone Offer a Ideal House ha,https://www.zameen.com/Property/islamabad_f-7_f-7_brand_new_luxury_house_available_for_rent-54773288-165-4.html,"City: Islamabad | Type: rent rentals | Title: F-7 Brand New Luxury House Available For Rent. | Location: F-7, Islamabad | Beds: 6 | Baths: 6 | Price: 1500000 PKR | Details: Capital zone Offer a Ideal House ha"
dataset_zameen-property-scraper_2026-09-21_18-37-26-375_54769196,Islamabad,rent,rentals,"I-8 GROUND PORTION 3 BED 4 BATH 170,000 FINAL NO BARGAINING",170000,PKR,14.0,Marla,3,4,"I-8/4, I-8",I-8 VERY TOP NOTCH LOCATED NEAT AND,https://www.zameen.com/Property/i_8_i-8_4_i-8_ground_portion_3_bed_4_bath_170_000_final_no_bargaining-54769196-3444-4.html,"City: Islamabad | Type: rent rentals | Title: I-8 GROUND PORTION 3 BED 4 BATH 170,000 FINAL NO BARGAINING | Location: I-8/4, I-8 | Beds: 3 | Baths: 4 | Price: 170000 PKR | Details: I-8 VERY TOP NOTCH LOCATED NEAT AND"
dataset_zameen-property-scraper_2026-09-21_18-37-26-375_54657149,Islamabad,rent,rentals,"One Of The Prestigious And Well Managed Family Building, A 3-Bedroom Apartment Available For Rent.",400000,PKR,8.7,Marla,3,3,"Sukh Chayn Residence, F-10","*Overview*
This stunning apartment",https://www.zameen.com/Property/f_10_sukh_chayn_residence_one_of_the_prestigious_and_well_managed_family_building_a_3-bedroom_apartment_available_for_rent-54657149-13589-4.html,"City: Islamabad | Type: rent rentals | Title: One Of The Prestigious And Well Managed Family Building, A 3-Bedroom Apartment Available For Rent. | Location: Sukh Chayn Residence, F-10 | Beds: 3 | Baths: 3 | Price: 400000 PKR | Details: *Overview*
This stunning apartment"
dataset_zameen-property-scraper_2026-09-21_18-37-26-375_52060784,Islamabad,rent,rentals,This Beautiful Apartment With Modern Amenities Available For Rent In Sukh Chayn Residence F10 Islamabad,450000,PKR,8.7,Marla,3,4,"Sukh Chayn Residence, F-10","The Sukh Chayn Residence
 Modern In",https://www.zameen.com/Property/f_10_sukh_chayn_residence_this_beautiful_apartment_with_modern_amenities_available_for_rent_in_sukh_chayn_residence_f10_islamabad-52060784-13589-4.html,"City: Islamabad | Type: rent rentals | Title: This Beautiful Apartment With Modern Amenities Available For Rent In Sukh Chayn Residence F10 Islamabad | Location: Sukh Chayn Residence, F-10 | Beds: 3 | Baths: 4 | Price: 450000 PKR | Details: The Sukh Chayn Residence
 Modern In"
dataset_zameen-property-scraper_2026-09-21_18-37-26-375_54398577,Islamabad,rent,rentals,1 Furnished Studio Apartment On Rent Available In Al Mustafa Tower F10,70000,PKR,3.0,Marla,0,1,"F-10/3, F-10",1 Furnished Studio Apartment On Ren,https://www.zameen.com/Property/f_10_f-10_3_1_furnished_studio_apartment_on_rent_available_in_al_mustafa_tower_f10-54398577-3278-4.html,"City: Islamabad | Type: rent rentals | Title: 1 Furnished Studio Apartment On Rent Available In Al Mustafa Tower F10 | Location: F-10/3, F-10 | Beds: 0 | Baths: 1 | Price: 70000 PKR | Details: 1 Furnished Studio Apartment On Ren"
dataset_zameen-property-scraper_2026-09-21_18-37-26-375_54714039,Islamabad,rent,rentals,"Luxury 2-Bed Corner Apartment 1562 Sq. Ft. | ACs, Fans, Microwave & Geyser Installed | Lake & Margalla Views | Gulberg Greens",145000,PKR,6.9,Marla,2,2,"Karakoram Greens, Gulberg Greens","Apartment Features & Amenities

1,5",https://www.zameen.com/Property/gulberg_greens_karakoram_greens_luxury_2-bed_corner_apartment_1562_sq_ft_acs_fans_microwave_geyser_installed_lake_margalla_views_gulberg_greens-54714039-11832-4.html,"City: Islamabad | Type: rent rentals | Title: Luxury 2-Bed Corner Apartment 1562 Sq. Ft. | ACs, Fans, Microwave & Geyser Installed | Lake & Margalla Views | Gulberg Greens | Location: Karakoram Greens, Gulberg Greens | Beds: 2 | Baths: 2 | Price: 145000 PKR | Details: Apartment Features & Amenities

1,5"
dataset_zameen-property-scraper_2026-09-21_18-37-26-375_54764385,Islamabad,rent,rentals,Luxury 1-Bed Furnished Apartment For Rent In E-11/4 Islamabad | Elevator & Parking,60000,PKR,2.9,Marla,1,1,"E-11, Islamabad",Luxury 1-Bed Apartment for Rent E-1,https://www.zameen.com/Property/islamabad_e-11_luxury_1-bed_furnished_apartment_for_rent_in_e-11_4_islamabad_elevator_parking-54764385-329-4.html,"City: Islamabad | Type: rent rentals | Title: Luxury 1-Bed Furnished Apartment For Rent In E-11/4 Islamabad | Elevator & Parking | Location: E-11, Islamabad | Beds: 1 | Baths: 1 | Price: 60000 PKR | Details: Luxury 1-Bed Apartment for Rent E-1"
dataset_zameen-property-scraper_2026-09-21_18-37-26-375_51311957,Islamabad,rent,rentals,Fully Furnished Apartment Is Available For Rent,62000,PKR,4.2,Marla,2,2,"Pakistan Town - Phase 2, Pakistan Town",Fully Furnished Apartments Availabl,https://www.zameen.com/Property/pakistan_town_pakistan_town_-_phase_2_fully_furnished_apartment_is_available_for_rent-51311957-16525-4.html,"City: Islamabad | Type: rent rentals | Title: Fully Furnished Apartment Is Available For Rent | Location: Pakistan Town - Phase 2, Pakistan Town | Beds: 2 | Baths: 2 | Price: 62000 PKR | Details: Fully Furnished Apartments Availabl"
dataset_zameen-property-scraper_2026-09-21_18-37-26-375_51919896,Islamabad,rent,rentals,Fully Furnished Apartment,60000,PKR,4.2,Marla,2,2,"Pakistan Town - Phase 2, Pakistan Town",Fully furnished apartment available,https://www.zameen.com/Property/pakistan_town_pakistan_town_-_phase_2_fully_furnished_apartment-51919896-16525-4.html,"City: Islamabad | Type: rent rentals | Title: Fully Furnished Apartment | Location: Pakistan Town - Phase 2, Pakistan Town | Beds: 2 | Baths: 2 | Price: 60000 PKR | Details: Fully furnished apartment available"
dataset_zameen-property-scraper_2026-09-21_18-37-26-375_52172409,Islamabad,rent,rentals,Fully Furnished Apartment For Rent,60000,PKR,4.2,Marla,2,2,"PWD Housing Scheme, Islamabad",Fully Furnished Apartment Available,https://www.zameen.com/Property/islamabad_pwd_housing_scheme_fully_furnished_apartment_for_rent-52172409-424-4.html,"City: Islamabad | Type: rent rentals | Title: Fully Furnished Apartment For Rent | Location: PWD Housing Scheme, Islamabad | Beds: 2 | Baths: 2 | Price: 60000 PKR | Details: Fully Furnished Apartment Available"
dataset_zameen-property-scraper_2026-09-21_18-37-26-375_53652415,Islamabad,rent,rentals,F-11 Beautiful Lower Portion For Rent,200000,PKR,1.3,Kanal,3,3,"F-11, Islamabad",F-11 Lower Portion for Rent Prime L,https://www.zameen.com/Property/islamabad_f-11_f-11_beautiful_lower_portion_for_rent-53652415-163-4.html,"City: Islamabad | Type: rent rentals | Title: F-11 Beautiful Lower Portion For Rent | Location: F-11, Islamabad | Beds: 3 | Baths: 3 | Price: 200000 PKR | Details: F-11 Lower Portion for Rent Prime L"
dataset_zameen-property-scraper_2026-09-21_18-37-26-375_54434552,Islamabad,rent,rentals,Brand New House Available For Rent On Prime Location,850000,PKR,1.1,Kanal,4,5,"F-7, Islamabad",Best Property Advisors and Builders,https://www.zameen.com/Property/islamabad_f-7_brand_new_house_available_for_rent_on_prime_location-54434552-165-4.html,"City: Islamabad | Type: rent rentals | Title: Brand New House Available For Rent On Prime Location | Location: F-7, Islamabad | Beds: 4 | Baths: 5 | Price: 850000 PKR | Details: Best Property Advisors and Builders"
dataset_zameen-property-scraper_2026-09-21_18-37-26-375_54702379,Islamabad,rent,rentals,10 Marla Like That Brand New Upper Floor Available For Rent With All Basic Needs At Reasonable Demand In G-13 Islamabad,120000,PKR,10.0,Marla,3,3,"G-13, Islamabad",Brand New 10 Marla Upper Floor Avai,https://www.zameen.com/Property/islamabad_g-13_10_marla_like_that_brand_new_upper_floor_available_for_rent_with_all_basic_needs_at_reasonable_demand_in_g-13_islamabad-54702379-330-4.html,"City: Islamabad | Type: rent rentals | Title: 10 Marla Like That Brand New Upper Floor Available For Rent With All Basic Needs At Reasonable Demand In G-13 Islamabad | Location: G-13, Islamabad | Beds: 3 | Baths: 3 | Price: 120000 PKR | Details: Brand New 10 Marla Upper Floor Avai"
dataset_zameen-property-scraper_2026-09-21_18-37-26-375_54633722,Islamabad,rent,rentals,Most Luxurious House For Rent With 03 Karnal Extra Land On Most Prime Location In G6/3,4000000,PKR,4.2,Kanal,8,6,"G-6, Islamabad","| MARRIOTT ESTATE & BUILDERS |

1.",https://www.zameen.com/Property/islamabad_g-6_most_luxurious_house_for_rent_with_03_karnal_extra_land_on_most_prime_location_in_g6_3-54633722-169-4.html,"City: Islamabad | Type: rent rentals | Title: Most Luxurious House For Rent With 03 Karnal Extra Land On Most Prime Location In G6/3 | Location: G-6, Islamabad | Beds: 8 | Baths: 6 | Price: 4000000 PKR | Details: | MARRIOTT ESTATE & BUILDERS |

1."
dataset_zameen-property-scraper_2026-09-21_18-37-26-375_54659934,Islamabad,rent,rentals,Luxury Fully Furnished Newly House For Rent In F6 On Prime Location,1900000,PKR,1.0,Kanal,6,6,"F-6, Islamabad","| MARRIOTT ESTATE & BUILDERS |

1.",https://www.zameen.com/Property/islamabad_f-6_luxury_fully_furnished_newly_house_for_rent_in_f6_on_prime_location-54659934-164-4.html,"City: Islamabad | Type: rent rentals | Title: Luxury Fully Furnished Newly House For Rent In F6 On Prime Location | Location: F-6, Islamabad | Beds: 6 | Baths: 6 | Price: 1900000 PKR | Details: | MARRIOTT ESTATE & BUILDERS |

1."
dataset_zameen-property-scraper_2026-09-21_18-37-26-375_54724429,Islamabad,rent,rentals,Brand New Luxury House For Rent Having 10 Bedrooms In F6 On Prime Location For Foreigner Or Multinational Companies,8400000,PKR,5.4,Kanal,10,6,"F-6, Islamabad","| MARRIOTT ESTATE & BUILDERS |

1.",https://www.zameen.com/Property/islamabad_f-6_brand_new_luxury_house_for_rent_having_10_bedrooms_in_f6_on_prime_location_for_foreigner_or_multinational_companies-54724429-164-4.html,"City: Islamabad | Type: rent rentals | Title: Brand New Luxury House For Rent Having 10 Bedrooms In F6 On Prime Location For Foreigner Or Multinational Companies | Location: F-6, Islamabad | Beds: 10 | Baths: 6 | Price: 8400000 PKR | Details: | MARRIOTT ESTATE & BUILDERS |

1."
dataset_zameen-property-scraper_2026-09-21_18-37-26-375_54733343,Islamabad,rent,rentals,Brand New House For Rent In F7 On Prime Location Only For Foreigner  Having 08 Bedrooms,2550000,PKR,1.8,Kanal,8,6,"F-7, Islamabad","| MARRIOTT ESTATE & BUILDERS |

1.",https://www.zameen.com/Property/islamabad_f-7_brand_new_house_for_rent_in_f7_on_prime_location_only_for_foreigner_having_08_bedrooms-54733343-165-4.html,"City: Islamabad | Type: rent rentals | Title: Brand New House For Rent In F7 On Prime Location Only For Foreigner  Having 08 Bedrooms | Location: F-7, Islamabad | Beds: 8 | Baths: 6 | Price: 2550000 PKR | Details: | MARRIOTT ESTATE & BUILDERS |

1."
dataset_zameen-property-scraper_2026-09-21_18-37-26-375_54768575,Islamabad,rent,rentals,Fully Furnished Newly House Available For Rent In F7 On Prime Location Having 07 bedrooms,2000000,PKR,2.1,Kanal,7,6,"F-7, Islamabad","| MARRIOTT ESTATE & BUILDERS |

1.",https://www.zameen.com/Property/islamabad_f-7_fully_furnished_newly_house_available_for_rent_in_f7_on_prime_location_having_07_bedrooms-54768575-165-4.html,"City: Islamabad | Type: rent rentals | Title: Fully Furnished Newly House Available For Rent In F7 On Prime Location Having 07 bedrooms | Location: F-7, Islamabad | Beds: 7 | Baths: 6 | Price: 2000000 PKR | Details: | MARRIOTT ESTATE & BUILDERS |

1."
dataset_zameen-property-scraper_2026-09-21_18-37-26-375_51392421,Islamabad,rent,rentals,"Furnished Home Portion / GUEST HOUSE For Paying Guest In 1bed, 2beds, 3beds Furnished APARTMENT With TV Lounge For Your Wedding Guests, Foreigners, Small Family, WORKING Couple Or Male / Female Executives - Furnished ROOMS On Daily, Weekly, Monthly",65000,PKR,6.2,Marla,2,2,"Soan Garden - Block G, Soan Garden",A beautifully furnished home with 7,https://www.zameen.com/Property/soan_garden_soan_garden_-_block_g_furnished_home_portion_guest_house_for_paying_guest_in_1bed_2beds_3beds_furnished_apartment_with_tv_lounge_for_your_wedding_guests_foreigners_small_family_working_couple_or_male_female_executives_-_furnished_rooms_on_daily_weekly_monthly-51392421-3497-4.html,"City: Islamabad | Type: rent rentals | Title: Furnished Home Portion / GUEST HOUSE For Paying Guest In 1bed, 2beds, 3beds Furnished APARTMENT With TV Lounge For Your Wedding Guests, Foreigners, Small Family, WORKING Couple Or Male / Female Executives - Furnished ROOMS On Daily, Weekly, Monthly | Location: Soan Garden - Block G, Soan Garden | Beds: 2 | Baths: 2 | Price: 65000 PKR | Details: A beautifully furnished home with 7"
dataset_zameen-property-scraper_2026-09-21_18-37-26-375_54765675,Islamabad,rent,rentals,Beautiful Luxury House For Rent In F-7 Islamabad,3350000,PKR,2.4,Kanal,9,6,"F-7, Islamabad",Luexgrid construction & marketing O,https://www.zameen.com/Property/islamabad_f-7_beautiful_luxury_house_for_rent_in_f-7_islamabad-54765675-165-4.html,"City: Islamabad | Type: rent rentals | Title: Beautiful Luxury House For Rent In F-7 Islamabad | Location: F-7, Islamabad | Beds: 9 | Baths: 6 | Price: 3350000 PKR | Details: Luexgrid construction & marketing O"
dataset_zameen-property-scraper_2026-09-21_18-39-00-938_54760082,Faisalabad,sale,homes,Brand New Very Beautiful House 1+ Construction Available In Lowest Demand In Abdullah Gardens Faisalabad Demand From Owner Side Is 125000000 But It&#x27;S Almost Very Low Price So Please Don&#x27;T Offer Chori Wala Rate,119500000,PKR,1.0,Kanal,6,6,"Abdullah Gardens, East Canal Road","Elite Society
Price Is Fix Just Onl",https://www.zameen.com/Property/east_canal_road_abdullah_gardens_brand_new_very_beautiful_house_1_construction_available_in_lowest_demand_in_abdullah_gardens_faisalabad_demand_from_owner_side_is_125000000_but_it_s_almost_very_low_price_so_please_don_t_offer_chori_wala_rate-54760082-4890-1.html,"City: Faisalabad | Type: sale homes | Title: Brand New Very Beautiful House 1+ Construction Available In Lowest Demand In Abdullah Gardens Faisalabad Demand From Owner Side Is 125000000 But It&#x27;S Almost Very Low Price So Please Don&#x27;T Offer Chori Wala Rate | Location: Abdullah Gardens, East Canal Road | Beds: 6 | Baths: 6 | Price: 119500000 PKR | Details: Elite Society
Price Is Fix Just Onl"
dataset_zameen-property-scraper_2026-09-21_18-39-00-938_54614817,Faisalabad,sale,homes,5 Marla House Eden Executive,23000000,PKR,5.0,Marla,3,4,"Eden Executive, Eden Gardens",5 Marla Eden,https://www.zameen.com/Property/eden_gardens_eden_executive_5_marla_house_eden_executive-54614817-10765-1.html,"City: Faisalabad | Type: sale homes | Title: 5 Marla House Eden Executive | Location: Eden Executive, Eden Gardens | Beds: 3 | Baths: 4 | Price: 23000000 PKR | Details: 5 Marla Eden"
dataset_zameen-property-scraper_2026-09-21_18-39-00-938_54767385,Faisalabad,sale,homes,12 Marla House Brand New Canal Road,85000000,PKR,12.0,Marla,5,6,"Canal Road, Faisalabad",Practicality as well as design have,https://www.zameen.com/Property/faisalabad_canal_road_12_marla_house_brand_new_canal_road-54767385-1140-1.html,"City: Faisalabad | Type: sale homes | Title: 12 Marla House Brand New Canal Road | Location: Canal Road, Faisalabad | Beds: 5 | Baths: 6 | Price: 85000000 PKR | Details: Practicality as well as design have"
dataset_zameen-property-scraper_2026-09-21_18-39-00-938_54767379,Faisalabad,sale,homes,12 Marla House Brand New Canal Road Society,80000000,PKR,12.0,Marla,5,6,"Canal Road, Faisalabad","12 Marla Canal Road Society 
Visit",https://www.zameen.com/Property/faisalabad_canal_road_12_marla_house_brand_new_canal_road_society-54767379-1140-1.html,"City: Faisalabad | Type: sale homes | Title: 12 Marla House Brand New Canal Road Society | Location: Canal Road, Faisalabad | Beds: 5 | Baths: 6 | Price: 80000000 PKR | Details: 12 Marla Canal Road Society 
Visit"
dataset_zameen-property-scraper_2026-09-21_18-39-00-938_54767371,Faisalabad,sale,homes,9 Marla House canal Road society,65000000,PKR,9.0,Marla,4,5,"Canal Road, Faisalabad","9 Marla House Canal Road Society 
4",https://www.zameen.com/Property/faisalabad_canal_road_9_marla_house_canal_road_society-54767371-1140-1.html,"City: Faisalabad | Type: sale homes | Title: 9 Marla House canal Road society | Location: Canal Road, Faisalabad | Beds: 4 | Baths: 5 | Price: 65000000 PKR | Details: 9 Marla House Canal Road Society 
4"
dataset_zameen-property-scraper_2026-09-21_18-39-00-938_53902263,Faisalabad,sale,homes,Ideal House For Sale In Wapda City Nearer To Park,26000000,PKR,5.0,Marla,4,5,"Wapda City, Faisalabad",Built With New Generation Concept,https://www.zameen.com/Property/faisalabad_wapda_city_ideal_house_for_sale_in_wapda_city_nearer_to_park-53902263-501-1.html,"City: Faisalabad | Type: sale homes | Title: Ideal House For Sale In Wapda City Nearer To Park | Location: Wapda City, Faisalabad | Beds: 4 | Baths: 5 | Price: 26000000 PKR | Details: Built With New Generation Concept"
dataset_zameen-property-scraper_2026-09-21_18-39-00-938_54765178,Faisalabad,sale,homes,10 Marla Gry Home Home Beautiful Location,21000000,PKR,10.0,Marla,5,6,"Citi Housing Samundri Road, Citi Housing",10 Marla Home In Citi Housing Samun,https://www.zameen.com/Property/citi_housing_citi_housing_samundri_road_10_marla_gry_home_home_beautiful_location-54765178-11230-1.html,"City: Faisalabad | Type: sale homes | Title: 10 Marla Gry Home Home Beautiful Location | Location: Citi Housing Samundri Road, Citi Housing | Beds: 5 | Baths: 6 | Price: 21000000 PKR | Details: 10 Marla Home In Citi Housing Samun"
dataset_zameen-property-scraper_2026-09-21_18-39-00-938_54764884,Faisalabad,sale,homes,Divine Enclave House For Sale,72500000,PKR,13.0,Marla,5,6,"Divine Enclave, Canal Road",Canal Road Link Hot Location Divine,https://www.zameen.com/Property/canal_road_divine_enclave_divine_enclave_house_for_sale-54764884-21698-1.html,"City: Faisalabad | Type: sale homes | Title: Divine Enclave House For Sale | Location: Divine Enclave, Canal Road | Beds: 5 | Baths: 6 | Price: 72500000 PKR | Details: Canal Road Link Hot Location Divine"
dataset_zameen-property-scraper_2026-09-21_18-39-00-938_54640441,Faisalabad,sale,homes,Al Najaf Colony House Sized 11 Marla Is Available Single Storey Lanter,35000000,PKR,11.0,Marla,3,3,"Al Najaf Colony, Faisalabad",Buy your House with desired facilit,https://www.zameen.com/Property/faisalabad_al_najaf_colony_al_najaf_colony_house_sized_11_marla_is_available_single_storey_lanter-54640441-4902-1.html,"City: Faisalabad | Type: sale homes | Title: Al Najaf Colony House Sized 11 Marla Is Available Single Storey Lanter | Location: Al Najaf Colony, Faisalabad | Beds: 3 | Baths: 3 | Price: 35000000 PKR | Details: Buy your House with desired facilit"
dataset_zameen-property-scraper_2026-09-21_18-39-00-938_54758168,Faisalabad,sale,homes,5 Marla Brand New Luxury House Citi Housing,20000000,PKR,5.0,Marla,4,5,"Citi Housing Samundri Road, Citi Housing",You can be the owner of your dream,https://www.zameen.com/Property/citi_housing_citi_housing_samundri_road_5_marla_brand_new_luxury_house_citi_housing-54758168-11230-1.html,"City: Faisalabad | Type: sale homes | Title: 5 Marla Brand New Luxury House Citi Housing | Location: Citi Housing Samundri Road, Citi Housing | Beds: 4 | Baths: 5 | Price: 20000000 PKR | Details: You can be the owner of your dream"
dataset_zameen-property-scraper_2026-09-21_18-39-00-938_54773860,Faisalabad,sale,homes,House for sale designer house 5 bedroom beautifully located,135000000,PKR,1.0,Kanal,5,6,"Wapda City, Faisalabad","Property Features:
 5 Spacious Bedr",https://www.zameen.com/Property/faisalabad_wapda_city_house_for_sale_designer_house_5_bedroom_beautifully_located-54773860-501-1.html,"City: Faisalabad | Type: sale homes | Title: House for sale designer house 5 bedroom beautifully located | Location: Wapda City, Faisalabad | Beds: 5 | Baths: 6 | Price: 135000000 PKR | Details: Property Features:
 5 Spacious Bedr"
dataset_zameen-property-scraper_2026-09-21_18-39-00-938_54749563,Faisalabad,sale,homes,5 Marla Braind New House,23000000,PKR,5.0,Marla,3,4,"Eden Executive, Eden Gardens",5 Marla House for Sale Eden Executi,https://www.zameen.com/Property/eden_gardens_eden_executive_5_marla_braind_new_house-54749563-10765-1.html,"City: Faisalabad | Type: sale homes | Title: 5 Marla Braind New House | Location: Eden Executive, Eden Gardens | Beds: 3 | Baths: 4 | Price: 23000000 PKR | Details: 5 Marla House for Sale Eden Executi"
dataset_zameen-property-scraper_2026-09-21_18-39-00-938_54563138,Faisalabad,sale,homes,This Is Your Chance To Buy House In Faisalabad,79500000,PKR,15.0,Marla,5,6,"Wapda City - Block C, Wapda City","With An Area Spanning 15 Marla, Thi",https://www.zameen.com/Property/wapda_city_wapda_city_-_block_c_this_is_your_chance_to_buy_house_in_faisalabad-54563138-5068-1.html,"City: Faisalabad | Type: sale homes | Title: This Is Your Chance To Buy House In Faisalabad | Location: Wapda City - Block C, Wapda City | Beds: 5 | Baths: 6 | Price: 79500000 PKR | Details: With An Area Spanning 15 Marla, Thi"
dataset_zameen-property-scraper_2026-09-21_18-39-00-938_54720877,Faisalabad,sale,homes,Brand New 10 Marla House For Sale In Citi Housing Faisalabad Prime Location | Modern Design | Ready To Move,33000000,PKR,10.0,Marla,5,6,"Citi Housing Sargodha Road, Citi Housing",Discover your dream home in the pre,https://www.zameen.com/Property/citi_housing_citi_housing_sargodha_road_brand_new_10_marla_house_for_sale_in_citi_housing_faisalabad_prime_location_modern_design_ready_to_move-54720877-11229-1.html,"City: Faisalabad | Type: sale homes | Title: Brand New 10 Marla House For Sale In Citi Housing Faisalabad Prime Location | Modern Design | Ready To Move | Location: Citi Housing Sargodha Road, Citi Housing | Beds: 5 | Baths: 6 | Price: 33000000 PKR | Details: Discover your dream home in the pre"
dataset_zameen-property-scraper_2026-09-21_18-39-00-938_54756842,Faisalabad,sale,homes,10 Marla Beautiful & Lavish House for Sale,61800000,PKR,10.0,Marla,5,6,"Abdullah Garden, Faisalabad","9 Marla Luxury House For Sale
 Loca",https://www.zameen.com/Property/faisalabad_abdullah_garden_10_marla_beautiful_lavish_house_for_sale-54756842-15268-1.html,"City: Faisalabad | Type: sale homes | Title: 10 Marla Beautiful & Lavish House for Sale | Location: Abdullah Garden, Faisalabad | Beds: 5 | Baths: 6 | Price: 61800000 PKR | Details: 9 Marla Luxury House For Sale
 Loca"
dataset_zameen-property-scraper_2026-09-21_18-39-00-938_54144300,Faisalabad,sale,homes,5 MARLA BRAND NEW HOUSE AVAILABLE FOR SALE,25500000,PKR,5.0,Marla,3,4,"Wapda City - Block L, Wapda City","A Prestigious Place To Live in,
 Pr",https://www.zameen.com/Property/wapda_city_wapda_city_-_block_l_5_marla_brand_new_house_available_for_sale-54144300-5076-1.html,"City: Faisalabad | Type: sale homes | Title: 5 MARLA BRAND NEW HOUSE AVAILABLE FOR SALE | Location: Wapda City - Block L, Wapda City | Beds: 3 | Baths: 4 | Price: 25500000 PKR | Details: A Prestigious Place To Live in,
 Pr"
dataset_zameen-property-scraper_2026-09-21_18-39-00-938_54470253,Faisalabad,sale,homes,"10 MARLA ULTRA MODERN, NEW HOUSE AVAILABLE FOR SALE",47500000,PKR,10.0,Marla,4,5,"Wapda City, Faisalabad","A Prestigious Place To Live in,
Pri",https://www.zameen.com/Property/faisalabad_wapda_city_10_marla_ultra_modern_new_house_available_for_sale-54470253-501-1.html,"City: Faisalabad | Type: sale homes | Title: 10 MARLA ULTRA MODERN, NEW HOUSE AVAILABLE FOR SALE | Location: Wapda City, Faisalabad | Beds: 4 | Baths: 5 | Price: 47500000 PKR | Details: A Prestigious Place To Live in,
Pri"
dataset_zameen-property-scraper_2026-09-21_18-39-00-938_54619090,Faisalabad,sale,homes,Double Storey House Is Available For Sale,14000000,PKR,5.0,Marla,5,3,"Jaranwala Road, Faisalabad",Investment in 5 Marla property shou,https://www.zameen.com/Property/faisalabad_jaranwala_road_double_storey_house_is_available_for_sale-54619090-9229-1.html,"City: Faisalabad | Type: sale homes | Title: Double Storey House Is Available For Sale | Location: Jaranwala Road, Faisalabad | Beds: 5 | Baths: 3 | Price: 14000000 PKR | Details: Investment in 5 Marla property shou"
dataset_zameen-property-scraper_2026-09-21_18-39-00-938_54640437,Faisalabad,sale,homes,Prime Location House For Sale In TECH Town (TNT Colony),11000000,PKR,5.0,Marla,3,3,"TECH Town (TNT Colony), Satiana Road",Hurry up before this 5 Marla House,https://www.zameen.com/Property/satiana_road_tech_town_tnt_colony_prime_location_house_for_sale_in_tech_town_tnt_colony-54640437-419-1.html,"City: Faisalabad | Type: sale homes | Title: Prime Location House For Sale In TECH Town (TNT Colony) | Location: TECH Town (TNT Colony), Satiana Road | Beds: 3 | Baths: 3 | Price: 11000000 PKR | Details: Hurry up before this 5 Marla House"
dataset_zameen-property-scraper_2026-09-21_18-39-00-938_54699944,Faisalabad,sale,homes,Centrally Located Prime Location House In Al Najaf Colony Is Available For sale,14000000,PKR,4.0,Marla,4,3,"Al Najaf Colony, Faisalabad",Recent real estate projects have in,https://www.zameen.com/Property/faisalabad_al_najaf_colony_centrally_located_prime_location_house_in_al_najaf_colony_is_available_for_sale-54699944-4902-1.html,"City: Faisalabad | Type: sale homes | Title: Centrally Located Prime Location House In Al Najaf Colony Is Available For sale | Location: Al Najaf Colony, Faisalabad | Beds: 4 | Baths: 3 | Price: 14000000 PKR | Details: Recent real estate projects have in"
dataset_zameen-property-scraper_2026-09-21_18-39-00-938_54774241,Faisalabad,sale,homes,4 Marla Beautiful & Lavish House For Sale,21500000,PKR,4.0,Marla,3,4,"Canal Garden, Faisalabad","3.7 Marla Luxury House For Sale
 Lo",https://www.zameen.com/Property/faisalabad_canal_garden_4_marla_beautiful_lavish_house_for_sale-54774241-8588-1.html,"City: Faisalabad | Type: sale homes | Title: 4 Marla Beautiful & Lavish House For Sale | Location: Canal Garden, Faisalabad | Beds: 3 | Baths: 4 | Price: 21500000 PKR | Details: 3.7 Marla Luxury House For Sale
 Lo"
dataset_zameen-property-scraper_2026-09-21_18-39-00-938_53875933,Faisalabad,sale,homes,5 Marla Beautiful & Lavish House For Sale,27000000,PKR,5.0,Marla,3,4,"Eden Valley, Faisalabad",5 Marla Brand New Luxury House For,https://www.zameen.com/Property/faisalabad_eden_valley_5_marla_beautiful_lavish_house_for_sale-53875933-8917-1.html,"City: Faisalabad | Type: sale homes | Title: 5 Marla Beautiful & Lavish House For Sale | Location: Eden Valley, Faisalabad | Beds: 3 | Baths: 4 | Price: 27000000 PKR | Details: 5 Marla Brand New Luxury House For"
dataset_zameen-property-scraper_2026-09-21_18-39-00-938_53876022,Faisalabad,sale,homes,7 Marla Conner Beautiful & Lavish House For Sale,25000000,PKR,7.0,Marla,3,4,"Canal Road, Faisalabad","7 Marla Corner house 
 3 Master bed",https://www.zameen.com/Property/faisalabad_canal_road_7_marla_conner_beautiful_lavish_house_for_sale-53876022-1140-1.html,"City: Faisalabad | Type: sale homes | Title: 7 Marla Conner Beautiful & Lavish House For Sale | Location: Canal Road, Faisalabad | Beds: 3 | Baths: 4 | Price: 25000000 PKR | Details: 7 Marla Corner house 
 3 Master bed"
dataset_zameen-property-scraper_2026-09-21_18-39-00-938_53876177,Faisalabad,sale,homes,5 Marla Beautiful & Lavish House For Sale,25000000,PKR,5.0,Marla,3,5,"Eden Executive, Eden Gardens",5 marla brand new solid built house,https://www.zameen.com/Property/eden_gardens_eden_executive_5_marla_beautiful_lavish_house_for_sale-53876177-10765-1.html,"City: Faisalabad | Type: sale homes | Title: 5 Marla Beautiful & Lavish House For Sale | Location: Eden Executive, Eden Gardens | Beds: 3 | Baths: 5 | Price: 25000000 PKR | Details: 5 marla brand new solid built house"
dataset_zameen-property-scraper_2026-09-21_18-39-00-938_54496692,Faisalabad,sale,homes,20 Marla Beautiful Furnished & Lavish House For Sale,140000000,PKR,1.0,Kanal,5,7,"Abdullah Gardens, East Canal Road",20 Marla Beautiful Furnished & Lavi,https://www.zameen.com/Property/east_canal_road_abdullah_gardens_20_marla_beautiful_furnished_lavish_house_for_sale-54496692-4890-1.html,"City: Faisalabad | Type: sale homes | Title: 20 Marla Beautiful Furnished & Lavish House For Sale | Location: Abdullah Gardens, East Canal Road | Beds: 5 | Baths: 7 | Price: 140000000 PKR | Details: 20 Marla Beautiful Furnished & Lavi"
dataset_zameen-property-scraper_2026-09-21_18-40-06-934_54646940,Faisalabad,rent,rentals,New Furnished Room For Rent Umer Heights Wapda City Faisalabad,40000,PKR,2.0,Marla,0,0,"Wapda City, Faisalabad",Beautiful Newly Furnished Room Avai,https://www.zameen.com/Property/faisalabad_wapda_city_new_furnished_room_for_rent_umer_heights_wapda_city_faisalabad-54646940-501-4.html,"City: Faisalabad | Type: rent rentals | Title: New Furnished Room For Rent Umer Heights Wapda City Faisalabad | Location: Wapda City, Faisalabad | Beds: 0 | Baths: 0 | Price: 40000 PKR | Details: Beautiful Newly Furnished Room Avai"
dataset_zameen-property-scraper_2026-09-21_18-40-06-934_54695420,Faisalabad,rent,rentals,1 Kanal House Upper Portion For Rent In Abdullah Garden Canal Road Faisalabad,160000,PKR,1.0,Kanal,4,4,"Abdullah Gardens, East Canal Road","1 Kanal House
Abdullah Garden 
Uppe",https://www.zameen.com/Property/east_canal_road_abdullah_gardens_1_kanal_house_upper_portion_for_rent_in_abdullah_garden_canal_road_faisalabad-54695420-4890-4.html,"City: Faisalabad | Type: rent rentals | Title: 1 Kanal House Upper Portion For Rent In Abdullah Garden Canal Road Faisalabad | Location: Abdullah Gardens, East Canal Road | Beds: 4 | Baths: 4 | Price: 160000 PKR | Details: 1 Kanal House
Abdullah Garden 
Uppe"
dataset_zameen-property-scraper_2026-09-21_18-40-06-934_54646939,Faisalabad,rent,rentals,Luxury Furnished Room Flat For Rent In Umer Heights Wapda City Faisalabad,70000,PKR,3.3,Marla,2,2,"Wapda City, Faisalabad",A beautifully designed newly furnis,https://www.zameen.com/Property/faisalabad_wapda_city_luxury_furnished_room_flat_for_rent_in_umer_heights_wapda_city_faisalabad-54646939-501-4.html,"City: Faisalabad | Type: rent rentals | Title: Luxury Furnished Room Flat For Rent In Umer Heights Wapda City Faisalabad | Location: Wapda City, Faisalabad | Beds: 2 | Baths: 2 | Price: 70000 PKR | Details: A beautifully designed newly furnis"
dataset_zameen-property-scraper_2026-09-21_18-40-06-934_54768811,Faisalabad,rent,rentals,15 Marla Spacious House Available In Khayaban Colony For Rent,160000,PKR,15.0,Marla,4,4,"Khayaban Colony, Faisalabad",This House Has Good Value For Money,https://www.zameen.com/Property/faisalabad_khayaban_colony_15_marla_spacious_house_available_in_khayaban_colony_for_rent-54768811-4980-4.html,"City: Faisalabad | Type: rent rentals | Title: 15 Marla Spacious House Available In Khayaban Colony For Rent | Location: Khayaban Colony, Faisalabad | Beds: 4 | Baths: 4 | Price: 160000 PKR | Details: This House Has Good Value For Money"
dataset_zameen-property-scraper_2026-09-21_18-40-06-934_54711466,Faisalabad,rent,rentals,5-Marla Beautiful House Available For Rent,90000,PKR,5.0,Marla,3,4,"Model City 1, Canal Road",5 Marla house available for rent,https://www.zameen.com/Property/canal_road_model_city_1_5-marla_beautiful_house_available_for_rent-54711466-8590-4.html,"City: Faisalabad | Type: rent rentals | Title: 5-Marla Beautiful House Available For Rent | Location: Model City 1, Canal Road | Beds: 3 | Baths: 4 | Price: 90000 PKR | Details: 5 Marla house available for rent"
dataset_zameen-property-scraper_2026-09-21_18-40-06-934_54698838,Faisalabad,rent,rentals,5 Marla Double Storey House Available For Rent,80000,PKR,5.0,Marla,3,4,"Eden Orchard, Faisalabad",5 Marla Double Story House Availabl,https://www.zameen.com/Property/faisalabad_eden_orchard_5_marla_double_storey_house_available_for_rent-54698838-11162-4.html,"City: Faisalabad | Type: rent rentals | Title: 5 Marla Double Storey House Available For Rent | Location: Eden Orchard, Faisalabad | Beds: 3 | Baths: 4 | Price: 80000 PKR | Details: 5 Marla Double Story House Availabl"
dataset_zameen-property-scraper_2026-09-21_18-40-06-934_54727706,Faisalabad,rent,rentals,Beautiful Neat Clean House,90000,PKR,5.0,Marla,3,4,"Eden Orchard, Faisalabad",Drowning Store Big Car Gerage 2 Kit,https://www.zameen.com/Property/faisalabad_eden_orchard_beautiful_neat_clean_house-54727706-11162-4.html,"City: Faisalabad | Type: rent rentals | Title: Beautiful Neat Clean House | Location: Eden Orchard, Faisalabad | Beds: 3 | Baths: 4 | Price: 90000 PKR | Details: Drowning Store Big Car Gerage 2 Kit"
dataset_zameen-property-scraper_2026-09-21_18-40-06-934_53698769,Faisalabad,rent,rentals,5 Marla Like Brand New Double Storey House Available For Rent,80000,PKR,5.0,Marla,4,5,"Eden Orchard, Faisalabad",5 Marla Like Brand New Double Story,https://www.zameen.com/Property/faisalabad_eden_orchard_5_marla_like_brand_new_double_storey_house_available_for_rent-53698769-11162-4.html,"City: Faisalabad | Type: rent rentals | Title: 5 Marla Like Brand New Double Storey House Available For Rent | Location: Eden Orchard, Faisalabad | Beds: 4 | Baths: 5 | Price: 80000 PKR | Details: 5 Marla Like Brand New Double Story"
dataset_zameen-property-scraper_2026-09-21_18-40-06-934_52819197,Faisalabad,rent,rentals,Best Options For House Is Available For Rent In Millat Chowk,25000,PKR,3.0,Marla,4,2,"Millat Chowk, Faisalabad",A House Like This Doesn&#x27;T Come Arou,https://www.zameen.com/Property/faisalabad_millat_chowk_best_options_for_house_is_available_for_rent_in_millat_chowk-52819197-11865-4.html,"City: Faisalabad | Type: rent rentals | Title: Best Options For House Is Available For Rent In Millat Chowk | Location: Millat Chowk, Faisalabad | Beds: 4 | Baths: 2 | Price: 25000 PKR | Details: A House Like This Doesn&#x27;T Come Arou"
dataset_zameen-property-scraper_2026-09-21_18-40-06-934_53320510,Faisalabad,rent,rentals,Ideal Lower Portion For Rent In Gulistan Colony No 1,25000,PKR,3.0,Marla,2,2,"Gulistan Colony No 1, Faisalabad",Now you can enjoy some of the most,https://www.zameen.com/Property/faisalabad_gulistan_colony_no_1_ideal_lower_portion_for_rent_in_gulistan_colony_no_1-53320510-1073-4.html,"City: Faisalabad | Type: rent rentals | Title: Ideal Lower Portion For Rent In Gulistan Colony No 1 | Location: Gulistan Colony No 1, Faisalabad | Beds: 2 | Baths: 2 | Price: 25000 PKR | Details: Now you can enjoy some of the most"
dataset_zameen-property-scraper_2026-09-21_18-40-06-934_54566173,Faisalabad,rent,rentals,7 Marla House For Rent Eden Valley,200000,PKR,7.0,Marla,4,5,"Eden Valley, Faisalabad",You can find many property options,https://www.zameen.com/Property/faisalabad_eden_valley_7_marla_house_for_rent_eden_valley-54566173-8917-4.html,"City: Faisalabad | Type: rent rentals | Title: 7 Marla House For Rent Eden Valley | Location: Eden Valley, Faisalabad | Beds: 4 | Baths: 5 | Price: 200000 PKR | Details: You can find many property options"
dataset_zameen-property-scraper_2026-09-21_18-40-06-934_54768875,Faisalabad,rent,rentals,10 Marla Eden Executive 5 bed House,160000,PKR,10.0,Marla,5,6,"Eden Executive, Eden Gardens","5 Bed House Eden valley 
Rent",https://www.zameen.com/Property/eden_gardens_eden_executive_10_marla_eden_executive_5_bed_house-54768875-10765-4.html,"City: Faisalabad | Type: rent rentals | Title: 10 Marla Eden Executive 5 bed House | Location: Eden Executive, Eden Gardens | Beds: 5 | Baths: 6 | Price: 160000 PKR | Details: 5 Bed House Eden valley 
Rent"
dataset_zameen-property-scraper_2026-09-21_18-40-06-934_54485044,Faisalabad,rent,rentals,1 Kanal Upper Portion Available For Rent,90000,PKR,1.0,Kanal,4,3,"Wapda City - Block K, Wapda City",1 Kanal Uper Portion Available For,https://www.zameen.com/Property/wapda_city_wapda_city_-_block_k_1_kanal_upper_portion_available_for_rent-54485044-5075-4.html,"City: Faisalabad | Type: rent rentals | Title: 1 Kanal Upper Portion Available For Rent | Location: Wapda City - Block K, Wapda City | Beds: 4 | Baths: 3 | Price: 90000 PKR | Details: 1 Kanal Uper Portion Available For"
dataset_zameen-property-scraper_2026-09-21_18-40-06-934_54615570,Faisalabad,rent,rentals,"Model City 5 Marla 3 Bed, Drawing, Fully Furnish House With Everything Installed. Rent 2.25 Lac Per Month Negotiable.",225000,PKR,10.0,Marla,4,5,"Canal Road, Faisalabad",Fully furnish houses with electroni,https://www.zameen.com/Property/faisalabad_canal_road_model_city_5_marla_3_bed_drawing_fully_furnish_house_with_everything_installed_rent_2_25_lac_per_month_negotiable-54615570-1140-4.html,"City: Faisalabad | Type: rent rentals | Title: Model City 5 Marla 3 Bed, Drawing, Fully Furnish House With Everything Installed. Rent 2.25 Lac Per Month Negotiable. | Location: Canal Road, Faisalabad | Beds: 4 | Baths: 5 | Price: 225000 PKR | Details: Fully furnish houses with electroni"
dataset_zameen-property-scraper_2026-09-21_18-40-06-934_52897444,Faisalabad,rent,rentals,8 Marla Fully Furnished House Available For Rent,125000,PKR,8.0,Marla,4,5,"Canal Road, Faisalabad","""8 Marla ka fully finished double s",https://www.zameen.com/Property/faisalabad_canal_road_8_marla_fully_furnished_house_available_for_rent-52897444-1140-4.html,"City: Faisalabad | Type: rent rentals | Title: 8 Marla Fully Furnished House Available For Rent | Location: Canal Road, Faisalabad | Beds: 4 | Baths: 5 | Price: 125000 PKR | Details: ""8 Marla ka fully finished double s"
dataset_zameen-property-scraper_2026-09-21_18-40-06-934_53475864,Faisalabad,rent,rentals,6 Marla Brand New Double Storey House Available For Rent,120000,PKR,6.0,Marla,5,5,"Canal Road, Faisalabad",This property at Rs. 120000 comes w,https://www.zameen.com/Property/faisalabad_canal_road_6_marla_brand_new_double_storey_house_available_for_rent-53475864-1140-4.html,"City: Faisalabad | Type: rent rentals | Title: 6 Marla Brand New Double Storey House Available For Rent | Location: Canal Road, Faisalabad | Beds: 5 | Baths: 5 | Price: 120000 PKR | Details: This property at Rs. 120000 comes w"
dataset_zameen-property-scraper_2026-09-21_18-40-06-934_53704356,Faisalabad,rent,rentals,1 Kanal Fully Furnished House (Move-In Ready),300000,PKR,1.0,Kanal,5,5,"Canal Road, Faisalabad",Our listing is the best choice for,https://www.zameen.com/Property/faisalabad_canal_road_1_kanal_fully_furnished_house_move-in_ready-53704356-1140-4.html,"City: Faisalabad | Type: rent rentals | Title: 1 Kanal Fully Furnished House (Move-In Ready) | Location: Canal Road, Faisalabad | Beds: 5 | Baths: 5 | Price: 300000 PKR | Details: Our listing is the best choice for"
dataset_zameen-property-scraper_2026-09-21_18-40-06-934_54736598,Faisalabad,rent,rentals,Faisal Town House For Rent Sized 3 Marla,35000,PKR,3.0,Marla,0,0,"Faisal Town, Faisalabad",Your property search ends right her,https://www.zameen.com/Property/faisalabad_faisal_town_faisal_town_house_for_rent_sized_3_marla-54736598-1361-4.html,"City: Faisalabad | Type: rent rentals | Title: Faisal Town House For Rent Sized 3 Marla | Location: Faisal Town, Faisalabad | Beds: 0 | Baths: 0 | Price: 35000 PKR | Details: Your property search ends right her"
dataset_zameen-property-scraper_2026-09-21_18-40-06-934_54736599,Faisalabad,rent,rentals,Faisal Town House For Rent Sized 3 Marla,35000,PKR,3.0,Marla,0,0,"Faisal Town, Faisalabad","Faisal Town is best for living, so",https://www.zameen.com/Property/faisalabad_faisal_town_faisal_town_house_for_rent_sized_3_marla-54736599-1361-4.html,"City: Faisalabad | Type: rent rentals | Title: Faisal Town House For Rent Sized 3 Marla | Location: Faisal Town, Faisalabad | Beds: 0 | Baths: 0 | Price: 35000 PKR | Details: Faisal Town is best for living, so"
dataset_zameen-property-scraper_2026-09-21_18-40-06-934_54736601,Faisalabad,rent,rentals,Prime Location 5 Marla Lower Portion Is Available In Affordable Price In Madina Town,28000,PKR,5.0,Marla,0,0,"Madina Town, Faisalabad",A price of PKR Rs. 28000 for this p,https://www.zameen.com/Property/faisalabad_madina_town_prime_location_5_marla_lower_portion_is_available_in_affordable_price_in_madina_town-54736601-533-4.html,"City: Faisalabad | Type: rent rentals | Title: Prime Location 5 Marla Lower Portion Is Available In Affordable Price In Madina Town | Location: Madina Town, Faisalabad | Beds: 0 | Baths: 0 | Price: 28000 PKR | Details: A price of PKR Rs. 28000 for this p"
dataset_zameen-property-scraper_2026-09-21_18-40-06-934_54736602,Faisalabad,rent,rentals,Prime Location 5 Marla Lower Portion Is Available In Affordable Price In Madina Town,28000,PKR,5.0,Marla,0,0,"Madina Town, Faisalabad",When you have a property of 5 Marla,https://www.zameen.com/Property/faisalabad_madina_town_prime_location_5_marla_lower_portion_is_available_in_affordable_price_in_madina_town-54736602-533-4.html,"City: Faisalabad | Type: rent rentals | Title: Prime Location 5 Marla Lower Portion Is Available In Affordable Price In Madina Town | Location: Madina Town, Faisalabad | Beds: 0 | Baths: 0 | Price: 28000 PKR | Details: When you have a property of 5 Marla"
dataset_zameen-property-scraper_2026-09-21_18-40-06-934_54736607,Faisalabad,rent,rentals,Spacious 5 Marla House Available For Rent In Saeed Colony - New Garden Block,65000,PKR,5.0,Marla,0,0,"Saeed Colony - New Garden Block, Saeed Colony",A price of PKR Rs. 65000 is quite r,https://www.zameen.com/Property/saeed_colony_saeed_colony_-_new_garden_block_spacious_5_marla_house_available_for_rent_in_saeed_colony_-_new_garden_block-54736607-11202-4.html,"City: Faisalabad | Type: rent rentals | Title: Spacious 5 Marla House Available For Rent In Saeed Colony - New Garden Block | Location: Saeed Colony - New Garden Block, Saeed Colony | Beds: 0 | Baths: 0 | Price: 65000 PKR | Details: A price of PKR Rs. 65000 is quite r"
dataset_zameen-property-scraper_2026-09-21_18-40-06-934_54736610,Faisalabad,rent,rentals,Faisal Town House For Rent Sized 3 Marla,35000,PKR,3.0,Marla,0,0,"Faisal Town, Faisalabad",You can find abundant options for s,https://www.zameen.com/Property/faisalabad_faisal_town_faisal_town_house_for_rent_sized_3_marla-54736610-1361-4.html,"City: Faisalabad | Type: rent rentals | Title: Faisal Town House For Rent Sized 3 Marla | Location: Faisal Town, Faisalabad | Beds: 0 | Baths: 0 | Price: 35000 PKR | Details: You can find abundant options for s"
dataset_zameen-property-scraper_2026-09-21_18-40-06-934_54736611,Faisalabad,rent,rentals,Ideal 5 Marla House Has Landed On Market In Amin Town,60000,PKR,5.0,Marla,0,0,"Amin Town, Faisalabad",Based on our experience with numero,https://www.zameen.com/Property/faisalabad_amin_town_ideal_5_marla_house_has_landed_on_market_in_amin_town-54736611-1362-4.html,"City: Faisalabad | Type: rent rentals | Title: Ideal 5 Marla House Has Landed On Market In Amin Town | Location: Amin Town, Faisalabad | Beds: 0 | Baths: 0 | Price: 60000 PKR | Details: Based on our experience with numero"
dataset_zameen-property-scraper_2026-09-21_18-40-06-934_54736612,Faisalabad,rent,rentals,Spacious House Is Available In Zia Town For Rent,58000,PKR,5.0,Marla,0,0,"Zia Town, Chak 208 Road",The House is great for families who,https://www.zameen.com/Property/chak_208_road_zia_town_spacious_house_is_available_in_zia_town_for_rent-54736612-13747-4.html,"City: Faisalabad | Type: rent rentals | Title: Spacious House Is Available In Zia Town For Rent | Location: Zia Town, Chak 208 Road | Beds: 0 | Baths: 0 | Price: 58000 PKR | Details: The House is great for families who"
dataset_zameen-property-scraper_2026-09-21_19-24-22-552_54428649,Faisalabad,sale,flats,Apartment 504 Sqft Layelpur Galleria,15000000,PKR,504.0,sqft,2,2,"Lyallpur Galleria, East Canal Road","504 sft
2 bed Apartment 
5th floor",https://www.zameen.com/Property/east_canal_road_lyallpur_galleria_apartment_504_sqft_layelpur_galleria-54428649-10499-1.html,"City: Faisalabad | Type: sale flats | Title: Apartment 504 Sqft Layelpur Galleria | Location: Lyallpur Galleria, East Canal Road | Beds: 2 | Baths: 2 | Price: 15000000 PKR | Details: 504 sft
2 bed Apartment 
5th floor"
dataset_zameen-property-scraper_2026-09-21_19-24-22-552_54706167,Faisalabad,sale,flats,2 Bed Apartment For Sale In Layalpur Galleria East Canal Road Best Location Hot Location Near Commercial Near Food Court Best Rental Income Best For Investment,13000000,PKR,506.0,sqft,2,2,"Lyallpur Galleria, East Canal Road",Let us help you narrow down popular,https://www.zameen.com/Property/east_canal_road_lyallpur_galleria_2_bed_apartment_for_sale_in_layalpur_galleria_east_canal_road_best_location_hot_location_near_commercial_near_food_court_best_rental_income_best_for_investment-54706167-10499-1.html,"City: Faisalabad | Type: sale flats | Title: 2 Bed Apartment For Sale In Layalpur Galleria East Canal Road Best Location Hot Location Near Commercial Near Food Court Best Rental Income Best For Investment | Location: Lyallpur Galleria, East Canal Road | Beds: 2 | Baths: 2 | Price: 13000000 PKR | Details: Let us help you narrow down popular"
dataset_zameen-property-scraper_2026-09-21_19-24-22-552_54640438,Faisalabad,sale,flats,Beautiful Furnished Apartment Available On Prime Location,13200000,PKR,552.0,sqft,1,1,"West Canal Residences, Canal Expressway",A Flat in West Canal Residences is,https://www.zameen.com/Property/canal_expressway_west_canal_residences_beautiful_furnished_apartment_available_on_prime_location-54640438-20236-1.html,"City: Faisalabad | Type: sale flats | Title: Beautiful Furnished Apartment Available On Prime Location | Location: West Canal Residences, Canal Expressway | Beds: 1 | Baths: 1 | Price: 13200000 PKR | Details: A Flat in West Canal Residences is"
dataset_zameen-property-scraper_2026-09-21_19-24-22-552_54771081,Faisalabad,sale,flats,Fully Furnished Apartment Available For Sale At Lower Canal Road On Easy Installment,10500000,PKR,784.0,sqft,2,2,"Green Orchard - Block B, Green Orchard",With the current boom in Faisalabad,https://www.zameen.com/Property/green_orchard_green_orchard_-_block_b_fully_furnished_apartment_available_for_sale_at_lower_canal_road_on_easy_installment-54771081-19743-1.html,"City: Faisalabad | Type: sale flats | Title: Fully Furnished Apartment Available For Sale At Lower Canal Road On Easy Installment | Location: Green Orchard - Block B, Green Orchard | Beds: 2 | Baths: 2 | Price: 10500000 PKR | Details: With the current boom in Faisalabad"
dataset_zameen-property-scraper_2026-09-21_19-24-22-552_54771075,Faisalabad,sale,flats,Flat Available For Sale At Jaranwala Road Faisalabad,3500000,PKR,325.0,sqft,1,1,"Kohinoor One, Jaranwala Road",A Flat you have been looking to buy,https://www.zameen.com/Property/jaranwala_road_kohinoor_one_flat_available_for_sale_at_jaranwala_road_faisalabad-54771075-12286-1.html,"City: Faisalabad | Type: sale flats | Title: Flat Available For Sale At Jaranwala Road Faisalabad | Location: Kohinoor One, Jaranwala Road | Beds: 1 | Baths: 1 | Price: 3500000 PKR | Details: A Flat you have been looking to buy"
dataset_zameen-property-scraper_2026-09-21_19-24-22-552_54771072,Faisalabad,sale,flats,Flat Available For Sale At Jaranwala Road Faisalabad,3500000,PKR,325.0,sqft,1,1,"Kohinoor One, Jaranwala Road",The spacious property for sale come,https://www.zameen.com/Property/jaranwala_road_kohinoor_one_flat_available_for_sale_at_jaranwala_road_faisalabad-54771072-12286-1.html,"City: Faisalabad | Type: sale flats | Title: Flat Available For Sale At Jaranwala Road Faisalabad | Location: Kohinoor One, Jaranwala Road | Beds: 1 | Baths: 1 | Price: 3500000 PKR | Details: The spacious property for sale come"
dataset_zameen-property-scraper_2026-09-21_19-24-22-552_54764292,Faisalabad,sale,flats,504 Sq Feet Appartment For Sale Lyallpur Galleria 1,11500000,PKR,504.0,sqft,2,2,"Lyallpur Galleria, East Canal Road","5 th Floor
Lyallpur Galleria 1
Best",https://www.zameen.com/Property/east_canal_road_lyallpur_galleria_504_sq_feet_appartment_for_sale_lyallpur_galleria_1-54764292-10499-1.html,"City: Faisalabad | Type: sale flats | Title: 504 Sq Feet Appartment For Sale Lyallpur Galleria 1 | Location: Lyallpur Galleria, East Canal Road | Beds: 2 | Baths: 2 | Price: 11500000 PKR | Details: 5 th Floor
Lyallpur Galleria 1
Best"
dataset_zameen-property-scraper_2026-09-21_19-24-22-552_54296126,Faisalabad,sale,flats,3 Marla Fully Furnished Apartment For Sale,13000000,PKR,675.0,sqft,2,2,"Green Orchard Apartments, Lower Canal Road",Green Orchard Apartments 3 Marla Fu,https://www.zameen.com/Property/lower_canal_road_green_orchard_apartments_3_marla_fully_furnished_apartment_for_sale-54296126-19726-1.html,"City: Faisalabad | Type: sale flats | Title: 3 Marla Fully Furnished Apartment For Sale | Location: Green Orchard Apartments, Lower Canal Road | Beds: 2 | Baths: 2 | Price: 13000000 PKR | Details: Green Orchard Apartments 3 Marla Fu"
dataset_zameen-property-scraper_2026-09-21_19-24-22-552_54736261,Faisalabad,sale,flats,5th Floor Apartment Available For Sale.,15000000,PKR,504.0,sqft,2,2,"Lyallpur Galleria, East Canal Road",All the properties located in the m,https://www.zameen.com/Property/east_canal_road_lyallpur_galleria_5th_floor_apartment_available_for_sale-54736261-10499-1.html,"City: Faisalabad | Type: sale flats | Title: 5th Floor Apartment Available For Sale. | Location: Lyallpur Galleria, East Canal Road | Beds: 2 | Baths: 2 | Price: 15000000 PKR | Details: All the properties located in the m"
dataset_zameen-property-scraper_2026-09-21_19-24-22-552_54489741,Faisalabad,sale,flats,Apartment For Sale Madina Town Near Susan Road FDA Flat,4500000,PKR,450.0,sqft,2,1,"Madina Town, Faisalabad",Apartment For Sale Madina Town Near,https://www.zameen.com/Property/faisalabad_madina_town_apartment_for_sale_madina_town_near_susan_road_fda_flat-54489741-533-1.html,"City: Faisalabad | Type: sale flats | Title: Apartment For Sale Madina Town Near Susan Road FDA Flat | Location: Madina Town, Faisalabad | Beds: 2 | Baths: 1 | Price: 4500000 PKR | Details: Apartment For Sale Madina Town Near"
dataset_zameen-property-scraper_2026-09-21_19-24-22-552_54744040,Faisalabad,sale,flats,"Luxury Apartments For Sale In Naturals Club & Resort, Faisalabad",19000000,PKR,614.0,sqft,1,1,"Naturals Club & Resort, Faisalabad",Luxury Apartments for Sale in Natur,https://www.zameen.com/Property/faisalabad_naturals_club_resort_luxury_apartments_for_sale_in_naturals_club_resort_faisalabad-54744040-21754-1.html,"City: Faisalabad | Type: sale flats | Title: Luxury Apartments For Sale In Naturals Club & Resort, Faisalabad | Location: Naturals Club & Resort, Faisalabad | Beds: 1 | Baths: 1 | Price: 19000000 PKR | Details: Luxury Apartments for Sale in Natur"
dataset_zameen-property-scraper_2026-09-21_19-24-22-552_54654581,Faisalabad,sale,flats,Flat Available For Sale At Jaranwala Road Faisalabad,3500000,PKR,325.0,sqft,1,1,"Kohinoor One, Jaranwala Road",Living in Flat in Faisalabad is an,https://www.zameen.com/Property/jaranwala_road_kohinoor_one_flat_available_for_sale_at_jaranwala_road_faisalabad-54654581-12286-1.html,"City: Faisalabad | Type: sale flats | Title: Flat Available For Sale At Jaranwala Road Faisalabad | Location: Kohinoor One, Jaranwala Road | Beds: 1 | Baths: 1 | Price: 3500000 PKR | Details: Living in Flat in Faisalabad is an"
dataset_zameen-property-scraper_2026-09-21_19-24-22-552_54640069,Faisalabad,sale,flats,Buy 675 Square Feet Flat At Highly Affordable Price,9500000,PKR,675.0,sqft,0,0,"Green Orchard Apartments, Lower Canal Road","At a price like this, the Flat is t",https://www.zameen.com/Property/lower_canal_road_green_orchard_apartments_buy_675_square_feet_flat_at_highly_affordable_price-54640069-19726-1.html,"City: Faisalabad | Type: sale flats | Title: Buy 675 Square Feet Flat At Highly Affordable Price | Location: Green Orchard Apartments, Lower Canal Road | Beds: 0 | Baths: 0 | Price: 9500000 PKR | Details: At a price like this, the Flat is t"
dataset_zameen-property-scraper_2026-09-21_19-24-22-552_54348608,Faisalabad,sale,flats,3 Marla Fully Furnished Apartments For Sale,13000000,PKR,675.0,sqft,2,2,"Green Orchard Apartments, Lower Canal Road",Green Orchard Apartments 3 Marla Fu,https://www.zameen.com/Property/lower_canal_road_green_orchard_apartments_3_marla_fully_furnished_apartments_for_sale-54348608-19726-1.html,"City: Faisalabad | Type: sale flats | Title: 3 Marla Fully Furnished Apartments For Sale | Location: Green Orchard Apartments, Lower Canal Road | Beds: 2 | Baths: 2 | Price: 13000000 PKR | Details: Green Orchard Apartments 3 Marla Fu"
dataset_zameen-property-scraper_2026-09-21_19-24-22-552_54630667,Faisalabad,sale,flats,Flat For Grabs In 675 Square Feet Faisalabad,15000000,PKR,675.0,sqft,0,0,"Green Orchard Apartments, Lower Canal Road",Faisalabad is a great urban centre,https://www.zameen.com/Property/lower_canal_road_green_orchard_apartments_flat_for_grabs_in_675_square_feet_faisalabad-54630667-19726-1.html,"City: Faisalabad | Type: sale flats | Title: Flat For Grabs In 675 Square Feet Faisalabad | Location: Green Orchard Apartments, Lower Canal Road | Beds: 0 | Baths: 0 | Price: 15000000 PKR | Details: Faisalabad is a great urban centre"
dataset_zameen-property-scraper_2026-09-21_19-24-22-552_54296173,Faisalabad,sale,flats,3 Marla Good Location Apartment For Sale,9016000,PKR,675.0,sqft,2,2,"Green Orchard Apartments, Lower Canal Road","Green Orchard 
3 Marla Good Locatio",https://www.zameen.com/Property/lower_canal_road_green_orchard_apartments_3_marla_good_location_apartment_for_sale-54296173-19726-1.html,"City: Faisalabad | Type: sale flats | Title: 3 Marla Good Location Apartment For Sale | Location: Green Orchard Apartments, Lower Canal Road | Beds: 2 | Baths: 2 | Price: 9016000 PKR | Details: Green Orchard 
3 Marla Good Locatio"
dataset_zameen-property-scraper_2026-09-21_19-24-22-552_54296181,Faisalabad,sale,flats,3 Marla Good Location Apartment For Sale,9500000,PKR,675.0,sqft,2,2,"Green Orchard Apartments, Lower Canal Road",Green Orchard Apartments 3 Marla Go,https://www.zameen.com/Property/lower_canal_road_green_orchard_apartments_3_marla_good_location_apartment_for_sale-54296181-19726-1.html,"City: Faisalabad | Type: sale flats | Title: 3 Marla Good Location Apartment For Sale | Location: Green Orchard Apartments, Lower Canal Road | Beds: 2 | Baths: 2 | Price: 9500000 PKR | Details: Green Orchard Apartments 3 Marla Go"
dataset_zameen-property-scraper_2026-09-21_19-24-22-552_54296194,Faisalabad,sale,flats,3 Marla Good Location Apartment For Sale,10000000,PKR,675.0,sqft,2,2,"Green Orchard Apartments, Lower Canal Road",Green Orchard Apartments 3 Marla Go,https://www.zameen.com/Property/lower_canal_road_green_orchard_apartments_3_marla_good_location_apartment_for_sale-54296194-19726-1.html,"City: Faisalabad | Type: sale flats | Title: 3 Marla Good Location Apartment For Sale | Location: Green Orchard Apartments, Lower Canal Road | Beds: 2 | Baths: 2 | Price: 10000000 PKR | Details: Green Orchard Apartments 3 Marla Go"
dataset_zameen-property-scraper_2026-09-21_19-24-22-552_54630671,Faisalabad,sale,flats,Highly-Desirable 675 Square Feet Flat Available In Green Orchard Apartments,12000000,PKR,675.0,sqft,0,0,"Green Orchard Apartments, Lower Canal Road",Your ideal apartment is up for sale,https://www.zameen.com/Property/lower_canal_road_green_orchard_apartments_highly-desirable_675_square_feet_flat_available_in_green_orchard_apartments-54630671-19726-1.html,"City: Faisalabad | Type: sale flats | Title: Highly-Desirable 675 Square Feet Flat Available In Green Orchard Apartments | Location: Green Orchard Apartments, Lower Canal Road | Beds: 0 | Baths: 0 | Price: 12000000 PKR | Details: Your ideal apartment is up for sale"
dataset_zameen-property-scraper_2026-09-21_19-24-22-552_54630670,Faisalabad,sale,flats,Avail Yourself A Great 675 Square Feet Flat In Green Orchard Apartments,9000000,PKR,675.0,sqft,0,0,"Green Orchard Apartments, Lower Canal Road",Looking For A Flat That Fits Your B,https://www.zameen.com/Property/lower_canal_road_green_orchard_apartments_avail_yourself_a_great_675_square_feet_flat_in_green_orchard_apartments-54630670-19726-1.html,"City: Faisalabad | Type: sale flats | Title: Avail Yourself A Great 675 Square Feet Flat In Green Orchard Apartments | Location: Green Orchard Apartments, Lower Canal Road | Beds: 0 | Baths: 0 | Price: 9000000 PKR | Details: Looking For A Flat That Fits Your B"
dataset_zameen-property-scraper_2026-09-21_19-24-22-552_54630668,Faisalabad,sale,flats,Buy 675 Square Feet Flat At Highly Affordable Price,9300000,PKR,675.0,sqft,0,0,"Green Orchard Apartments, Lower Canal Road",It is now time to book your Flat in,https://www.zameen.com/Property/lower_canal_road_green_orchard_apartments_buy_675_square_feet_flat_at_highly_affordable_price-54630668-19726-1.html,"City: Faisalabad | Type: sale flats | Title: Buy 675 Square Feet Flat At Highly Affordable Price | Location: Green Orchard Apartments, Lower Canal Road | Beds: 0 | Baths: 0 | Price: 9300000 PKR | Details: It is now time to book your Flat in"
dataset_zameen-property-scraper_2026-09-21_19-24-22-552_54630669,Faisalabad,sale,flats,Ideal Flat For Sale In Green Orchard Apartments,10500000,PKR,675.0,sqft,0,0,"Green Orchard Apartments, Lower Canal Road",Green Orchard Apartments Is Perfect,https://www.zameen.com/Property/lower_canal_road_green_orchard_apartments_ideal_flat_for_sale_in_green_orchard_apartments-54630669-19726-1.html,"City: Faisalabad | Type: sale flats | Title: Ideal Flat For Sale In Green Orchard Apartments | Location: Green Orchard Apartments, Lower Canal Road | Beds: 0 | Baths: 0 | Price: 10500000 PKR | Details: Green Orchard Apartments Is Perfect"
dataset_zameen-property-scraper_2026-09-21_19-24-22-552_54624690,Faisalabad,sale,flats,Prime Location West Canal Residences Flat Sized 1338 Square Feet,32100000,PKR,1338.0,sqft,3,3,"West Canal Residences, Canal Expressway",1 Bed Apartment West Canal Road For,https://www.zameen.com/Property/canal_expressway_west_canal_residences_prime_location_west_canal_residences_flat_sized_1338_square_feet-54624690-20236-1.html,"City: Faisalabad | Type: sale flats | Title: Prime Location West Canal Residences Flat Sized 1338 Square Feet | Location: West Canal Residences, Canal Expressway | Beds: 3 | Baths: 3 | Price: 32100000 PKR | Details: 1 Bed Apartment West Canal Road For"
dataset_zameen-property-scraper_2026-09-21_19-24-22-552_54624688,Faisalabad,sale,flats,Prime Location West Canal Residences Flat Sized 933 Square Feet For sale,22400000,PKR,933.0,sqft,2,2,"West Canal Residences, Canal Expressway",1 Bed Apartment West Canal Road For,https://www.zameen.com/Property/canal_expressway_west_canal_residences_prime_location_west_canal_residences_flat_sized_933_square_feet_for_sale-54624688-20236-1.html,"City: Faisalabad | Type: sale flats | Title: Prime Location West Canal Residences Flat Sized 933 Square Feet For sale | Location: West Canal Residences, Canal Expressway | Beds: 2 | Baths: 2 | Price: 22400000 PKR | Details: 1 Bed Apartment West Canal Road For"
dataset_zameen-property-scraper_2026-09-21_19-24-22-552_54624689,Faisalabad,sale,flats,Prime Location 936 Square Feet Flat For sale In West Canal Residences,22500000,PKR,936.0,sqft,2,2,"West Canal Residences, Canal Expressway",1 bed apartment west canal road for,https://www.zameen.com/Property/canal_expressway_west_canal_residences_prime_location_936_square_feet_flat_for_sale_in_west_canal_residences-54624689-20236-1.html,"City: Faisalabad | Type: sale flats | Title: Prime Location 936 Square Feet Flat For sale In West Canal Residences | Location: West Canal Residences, Canal Expressway | Beds: 2 | Baths: 2 | Price: 22500000 PKR | Details: 1 bed apartment west canal road for"
dataset_zameen-property-scraper_2026-09-21_19-27-18-124_54775255,Faisalabad,sale,plots,Plot for sale in Abdullah gardens  Facing park Prime location,79000000,PKR,1.0,Kanal,0,0,"Abdullah Gardens, East Canal Road",Plot for sale in Abdullah gardens,https://www.zameen.com/Property/east_canal_road_abdullah_gardens_plot_for_sale_in_abdullah_gardens_facing_park_prime_location-54775255-4890-2.html,"City: Faisalabad | Type: sale plots | Title: Plot for sale in Abdullah gardens  Facing park Prime location | Location: Abdullah Gardens, East Canal Road | Beds: 0 | Baths: 0 | Price: 79000000 PKR | Details: Plot for sale in Abdullah gardens"
dataset_zameen-property-scraper_2026-09-21_19-27-18-124_54267072,Faisalabad,sale,plots,20 Marla Residential Plot 85 Feet Road For Sale,10000000,PKR,1.0,Kanal,0,0,"FDA City - Block E1, FDA City",20 Marla Residential Plot Available,https://www.zameen.com/Property/fda_city_fda_city_-_block_e1_20_marla_residential_plot_85_feet_road_for_sale-54267072-14166-2.html,"City: Faisalabad | Type: sale plots | Title: 20 Marla Residential Plot 85 Feet Road For Sale | Location: FDA City - Block E1, FDA City | Beds: 0 | Baths: 0 | Price: 10000000 PKR | Details: 20 Marla Residential Plot Available"
dataset_zameen-property-scraper_2026-09-21_19-27-18-124_54444162,Faisalabad,sale,plots,20 Marla Residential Plot Facing Park,12500000,PKR,1.0,Kanal,0,0,"FDA City - Block A, FDA City",20 Marla Residential Plot Available,https://www.zameen.com/Property/fda_city_fda_city_-_block_a_20_marla_residential_plot_facing_park-54444162-4938-2.html,"City: Faisalabad | Type: sale plots | Title: 20 Marla Residential Plot Facing Park | Location: FDA City - Block A, FDA City | Beds: 0 | Baths: 0 | Price: 12500000 PKR | Details: 20 Marla Residential Plot Available"
dataset_zameen-property-scraper_2026-09-21_19-27-18-124_54419317,Faisalabad,sale,plots,21 Marla Corner Plot Available 85 Ft Road Underground Electricity 90 Block B1,11500000,PKR,1.0,Kanal,0,0,"FDA City - Block B1, FDA City",If you have a budget of Rs. 1150000,https://www.zameen.com/Property/fda_city_fda_city_-_block_b1_21_marla_corner_plot_available_85_ft_road_underground_electricity_90_block_b1-54419317-14151-2.html,"City: Faisalabad | Type: sale plots | Title: 21 Marla Corner Plot Available 85 Ft Road Underground Electricity 90 Block B1 | Location: FDA City - Block B1, FDA City | Beds: 0 | Baths: 0 | Price: 11500000 PKR | Details: If you have a budget of Rs. 1150000"
dataset_zameen-property-scraper_2026-09-21_19-27-18-124_54767094,Faisalabad,sale,plots,10 Marla Residential Plot Available,3200000,PKR,10.0,Marla,0,0,"FDA City - Block D3, FDA City",72 D3 10 marla residential plot ava,https://www.zameen.com/Property/fda_city_fda_city_-_block_d3_10_marla_residential_plot_available-54767094-14163-2.html,"City: Faisalabad | Type: sale plots | Title: 10 Marla Residential Plot Available | Location: FDA City - Block D3, FDA City | Beds: 0 | Baths: 0 | Price: 3200000 PKR | Details: 72 D3 10 marla residential plot ava"
dataset_zameen-property-scraper_2026-09-21_19-27-18-124_54717551,Faisalabad,sale,plots,7 Marla Park Facing Gorgeous Plot,7200000,PKR,7.0,Marla,0,0,"Pine Park, Millat Road","7 Marla
Main Boulevard 
T Plot
Comm",https://www.zameen.com/Property/millat_road_pine_park_7_marla_park_facing_gorgeous_plot-54717551-22583-2.html,"City: Faisalabad | Type: sale plots | Title: 7 Marla Park Facing Gorgeous Plot | Location: Pine Park, Millat Road | Beds: 0 | Baths: 0 | Price: 7200000 PKR | Details: 7 Marla
Main Boulevard 
T Plot
Comm"
dataset_zameen-property-scraper_2026-09-21_19-27-18-124_54351211,Faisalabad,sale,plots,1 Kanal Plot For Sale Main 100 Ft Road Near to Main Gate Prime Location negotiable with tokin,35000000,PKR,1.0,Kanal,0,0,"Eden Orchard, Faisalabad","FDA Approved Society 

ideal Locati",https://www.zameen.com/Property/faisalabad_eden_orchard_1_kanal_plot_for_sale_main_100_ft_road_near_to_main_gate_prime_location_negotiable_with_tokin-54351211-11162-2.html,"City: Faisalabad | Type: sale plots | Title: 1 Kanal Plot For Sale Main 100 Ft Road Near to Main Gate Prime Location negotiable with tokin | Location: Eden Orchard, Faisalabad | Beds: 0 | Baths: 0 | Price: 35000000 PKR | Details: FDA Approved Society 

ideal Locati"
dataset_zameen-property-scraper_2026-09-21_19-27-18-124_54760364,Faisalabad,sale,plots,330 Square Foot Commercial Plot,3500000,PKR,1.5,Marla,0,0,"Sitara Park City, Jaranwala Road",330 Square Foot Corner Commercial P,https://www.zameen.com/Property/jaranwala_road_sitara_park_city_330_square_foot_commercial_plot-54760364-12464-2.html,"City: Faisalabad | Type: sale plots | Title: 330 Square Foot Commercial Plot | Location: Sitara Park City, Jaranwala Road | Beds: 0 | Baths: 0 | Price: 3500000 PKR | Details: 330 Square Foot Corner Commercial P"
dataset_zameen-property-scraper_2026-09-21_19-27-18-124_54638517,Faisalabad,sale,plots,A Block 10 Marla Pair Plots Available For Sale,11200000,PKR,10.0,Marla,0,0,"Citi Housing Samundri Road, Citi Housing",A central location like Citi Housin,https://www.zameen.com/Property/citi_housing_citi_housing_samundri_road_a_block_10_marla_pair_plots_available_for_sale-54638517-11230-2.html,"City: Faisalabad | Type: sale plots | Title: A Block 10 Marla Pair Plots Available For Sale | Location: Citi Housing Samundri Road, Citi Housing | Beds: 0 | Baths: 0 | Price: 11200000 PKR | Details: A central location like Citi Housin"
dataset_zameen-property-scraper_2026-09-21_19-27-18-124_54703044,Faisalabad,sale,plots,Best opportunity for investors,17500000,PKR,5.0,Marla,0,0,"Citi Housing Samundri Road, Citi Housing",5.5 Marla Comercial for sale in cit,https://www.zameen.com/Property/citi_housing_citi_housing_samundri_road_best_opportunity_for_investors-54703044-11230-2.html,"City: Faisalabad | Type: sale plots | Title: Best opportunity for investors | Location: Citi Housing Samundri Road, Citi Housing | Beds: 0 | Baths: 0 | Price: 17500000 PKR | Details: 5.5 Marla Comercial for sale in cit"
dataset_zameen-property-scraper_2026-09-21_19-27-18-124_54267523,Faisalabad,sale,plots,20 Marla Residential Plot Is Available For Sale,10000000,PKR,1.0,Kanal,0,0,"FDA City - Block A5, FDA City",20 Marla Residential Plot Available,https://www.zameen.com/Property/fda_city_fda_city_-_block_a5_20_marla_residential_plot_is_available_for_sale-54267523-14150-2.html,"City: Faisalabad | Type: sale plots | Title: 20 Marla Residential Plot Is Available For Sale | Location: FDA City - Block A5, FDA City | Beds: 0 | Baths: 0 | Price: 10000000 PKR | Details: 20 Marla Residential Plot Available"
dataset_zameen-property-scraper_2026-09-21_19-27-18-124_54267515,Faisalabad,sale,plots,10 Marla Residential Plot Is Available For Sale,3800000,PKR,10.0,Marla,0,0,"FDA City - Block C2, FDA City",10 Marla Residential Plot Available,https://www.zameen.com/Property/fda_city_fda_city_-_block_c2_10_marla_residential_plot_is_available_for_sale-54267515-14156-2.html,"City: Faisalabad | Type: sale plots | Title: 10 Marla Residential Plot Is Available For Sale | Location: FDA City - Block C2, FDA City | Beds: 0 | Baths: 0 | Price: 3800000 PKR | Details: 10 Marla Residential Plot Available"
dataset_zameen-property-scraper_2026-09-21_19-27-18-124_54654982,Faisalabad,sale,plots,Residential Plot Of 5 Marla Available In Wapda City - Block L,12500000,PKR,5.0,Marla,0,0,"Wapda City - Block L, Wapda City",We Help Your Dream Property In Fais,https://www.zameen.com/Property/wapda_city_wapda_city_-_block_l_residential_plot_of_5_marla_available_in_wapda_city_-_block_l-54654982-5076-2.html,"City: Faisalabad | Type: sale plots | Title: Residential Plot Of 5 Marla Available In Wapda City - Block L | Location: Wapda City - Block L, Wapda City | Beds: 0 | Baths: 0 | Price: 12500000 PKR | Details: We Help Your Dream Property In Fais"
dataset_zameen-property-scraper_2026-09-21_19-27-18-124_54462142,Faisalabad,sale,plots,10 Marla Plot Available For Sale In Citi Housing Sargodha Road Faislalabad,8500000,PKR,10.0,Marla,0,0,"Citi Housing Sargodha Road, Citi Housing",Invest in one of Faisalabad&#x27;s most,https://www.zameen.com/Property/citi_housing_citi_housing_sargodha_road_10_marla_plot_available_for_sale_in_citi_housing_sargodha_road_faislalabad-54462142-11229-2.html,"City: Faisalabad | Type: sale plots | Title: 10 Marla Plot Available For Sale In Citi Housing Sargodha Road Faislalabad | Location: Citi Housing Sargodha Road, Citi Housing | Beds: 0 | Baths: 0 | Price: 8500000 PKR | Details: Invest in one of Faisalabad&#x27;s most"
dataset_zameen-property-scraper_2026-09-21_19-27-18-124_54462158,Faisalabad,sale,plots,10 Marla Plot Available For Sale In Citi Housing Sargodha Road Faislalabad,11000000,PKR,10.0,Marla,0,0,"Citi Housing Sargodha Road, Citi Housing",Invest in one of Faisalabad&#x27;s most,https://www.zameen.com/Property/citi_housing_citi_housing_sargodha_road_10_marla_plot_available_for_sale_in_citi_housing_sargodha_road_faislalabad-54462158-11229-2.html,"City: Faisalabad | Type: sale plots | Title: 10 Marla Plot Available For Sale In Citi Housing Sargodha Road Faislalabad | Location: Citi Housing Sargodha Road, Citi Housing | Beds: 0 | Baths: 0 | Price: 11000000 PKR | Details: Invest in one of Faisalabad&#x27;s most"
dataset_zameen-property-scraper_2026-09-21_19-27-18-124_54774389,Faisalabad,sale,plots,HOT DEAL-2.2Marla Commercial Plot/ NExt to corner In City Walk,50000000,PKR,2.7,Marla,0,0,"East Canal Road, Canal Road",Secure Your Future With A 2.2 Marla,https://www.zameen.com/Property/canal_road_east_canal_road_hot_deal-2_2marla_commercial_plot_next_to_corner_in_city_walk-54774389-9506-2.html,"City: Faisalabad | Type: sale plots | Title: HOT DEAL-2.2Marla Commercial Plot/ NExt to corner In City Walk | Location: East Canal Road, Canal Road | Beds: 0 | Baths: 0 | Price: 50000000 PKR | Details: Secure Your Future With A 2.2 Marla"
dataset_zameen-property-scraper_2026-09-21_19-27-18-124_54632066,Faisalabad,sale,plots,Ideally Located Residential Plot For Sale In Citi Housing Sargodha Road - Block D Available,9300000,PKR,10.0,Marla,0,0,"Citi Housing Sargodha Road - Block D, Citi Housing Sargodha Road",This appealing 10 Marla property ha,https://www.zameen.com/Property/citi_housing_sargodha_road_citi_housing_sargodha_road_-_block_d_ideally_located_residential_plot_for_sale_in_citi_housing_sargodha_road_-_block_d_available-54632066-18976-2.html,"City: Faisalabad | Type: sale plots | Title: Ideally Located Residential Plot For Sale In Citi Housing Sargodha Road - Block D Available | Location: Citi Housing Sargodha Road - Block D, Citi Housing Sargodha Road | Beds: 0 | Baths: 0 | Price: 9300000 PKR | Details: This appealing 10 Marla property ha"
dataset_zameen-property-scraper_2026-09-21_19-27-18-124_54654996,Faisalabad,sale,plots,Reserve A Residential Plot Of 15 Marla Now In Wapda City,32500000,PKR,15.0,Marla,0,0,"Wapda City, Faisalabad",Very Good Dimension For Big Looking,https://www.zameen.com/Property/faisalabad_wapda_city_reserve_a_residential_plot_of_15_marla_now_in_wapda_city-54654996-501-2.html,"City: Faisalabad | Type: sale plots | Title: Reserve A Residential Plot Of 15 Marla Now In Wapda City | Location: Wapda City, Faisalabad | Beds: 0 | Baths: 0 | Price: 32500000 PKR | Details: Very Good Dimension For Big Looking"
dataset_zameen-property-scraper_2026-09-21_19-27-18-124_54327161,Faisalabad,sale,plots,10 Marla Residential Plot Available,7250000,PKR,10.0,Marla,0,0,"Citi Housing Sargodha Road - Block F, Citi Housing Sargodha Road",10 Marla Plot Available F Block Ext,https://www.zameen.com/Property/citi_housing_sargodha_road_citi_housing_sargodha_road_-_block_f_10_marla_residential_plot_available-54327161-18979-2.html,"City: Faisalabad | Type: sale plots | Title: 10 Marla Residential Plot Available | Location: Citi Housing Sargodha Road - Block F, Citi Housing Sargodha Road | Beds: 0 | Baths: 0 | Price: 7250000 PKR | Details: 10 Marla Plot Available F Block Ext"
dataset_zameen-property-scraper_2026-09-21_19-27-18-124_54445301,Faisalabad,sale,plots,20 Marla Residential Plot Available,12500000,PKR,1.0,Kanal,0,0,"FDA City, Faisalabad",May It Be Residential Or Commercial,https://www.zameen.com/Property/faisalabad_fda_city_20_marla_residential_plot_available-54445301-371-2.html,"City: Faisalabad | Type: sale plots | Title: 20 Marla Residential Plot Available | Location: FDA City, Faisalabad | Beds: 0 | Baths: 0 | Price: 12500000 PKR | Details: May It Be Residential Or Commercial"
dataset_zameen-property-scraper_2026-09-21_19-27-18-124_54418494,Faisalabad,sale,plots,20 Marla Residential Plot Available,8500000,PKR,1.0,Kanal,0,0,"FDA City - Block E1, FDA City",20 Marla Corner Plot Ideal Location,https://www.zameen.com/Property/fda_city_fda_city_-_block_e1_20_marla_residential_plot_available-54418494-14166-2.html,"City: Faisalabad | Type: sale plots | Title: 20 Marla Residential Plot Available | Location: FDA City - Block E1, FDA City | Beds: 0 | Baths: 0 | Price: 8500000 PKR | Details: 20 Marla Corner Plot Ideal Location"
dataset_zameen-property-scraper_2026-09-21_19-27-18-124_54774983,Faisalabad,sale,plots,4 marla East Open plot,3900000,PKR,4.0,Marla,0,0,"Pine Garden, Jaranwala Road",4 marla in A Block East,https://www.zameen.com/Property/jaranwala_road_pine_garden_4_marla_east_open_plot-54774983-13824-2.html,"City: Faisalabad | Type: sale plots | Title: 4 marla East Open plot | Location: Pine Garden, Jaranwala Road | Beds: 0 | Baths: 0 | Price: 3900000 PKR | Details: 4 marla in A Block East"
dataset_zameen-property-scraper_2026-09-21_19-27-18-124_54235217,Faisalabad,sale,plots,5 Marla Plot For Sale In Pine Garden,3750000,PKR,5.0,Marla,0,0,"Pine Garden - Block C, Pine Garden","East Open 3045
 
PKR Rs. 3500000 is",https://www.zameen.com/Property/pine_garden_pine_garden_-_block_c_5_marla_plot_for_sale_in_pine_garden-54235217-20021-2.html,"City: Faisalabad | Type: sale plots | Title: 5 Marla Plot For Sale In Pine Garden | Location: Pine Garden - Block C, Pine Garden | Beds: 0 | Baths: 0 | Price: 3750000 PKR | Details: East Open 3045
 
PKR Rs. 3500000 is"
dataset_zameen-property-scraper_2026-09-21_19-27-18-124_54648860,Faisalabad,sale,plots,5 Marla Plot,3550000,PKR,5.0,Marla,0,0,"Pine Garden, Jaranwala Road",West Open Plot For Sale On Good Loc,https://www.zameen.com/Property/jaranwala_road_pine_garden_5_marla_plot-54648860-13824-2.html,"City: Faisalabad | Type: sale plots | Title: 5 Marla Plot | Location: Pine Garden, Jaranwala Road | Beds: 0 | Baths: 0 | Price: 3550000 PKR | Details: West Open Plot For Sale On Good Loc"
dataset_zameen-property-scraper_2026-09-21_19-27-18-124_54648959,Faisalabad,sale,plots,Residential Plot 5 Marla For sale In Pine Garden,4000000,PKR,5.0,Marla,0,0,"Pine Garden, Jaranwala Road","5 Marla East Open
An offer like thi",https://www.zameen.com/Property/jaranwala_road_pine_garden_residential_plot_5_marla_for_sale_in_pine_garden-54648959-13824-2.html,"City: Faisalabad | Type: sale plots | Title: Residential Plot 5 Marla For sale In Pine Garden | Location: Pine Garden, Jaranwala Road | Beds: 0 | Baths: 0 | Price: 4000000 PKR | Details: 5 Marla East Open
An offer like thi"
dataset_zameen-property-scraper_2026-09-21_19-28-33-474_54696930,Faisalabad,sale,commercial-sale,3.35 Marla Very Prime Location Plot Available In Sitara Square 3rd Plot From Main Canal Road,87000000,PKR,3.9,Marla,0,0,"Sitara Square, Canal Road",Very Very Prime Location In Between,https://www.zameen.com/Property/canal_road_sitara_square_3_35_marla_very_prime_location_plot_available_in_sitara_square_3rd_plot_from_main_canal_road-54696930-22327-3.html,"City: Faisalabad | Type: sale commercial-sale | Title: 3.35 Marla Very Prime Location Plot Available In Sitara Square 3rd Plot From Main Canal Road | Location: Sitara Square, Canal Road | Beds: 0 | Baths: 0 | Price: 87000000 PKR | Details: Very Very Prime Location In Between"
dataset_zameen-property-scraper_2026-09-21_19-28-33-474_54675802,Faisalabad,sale,commercial-sale,A Well Designed Building Is Up For Sale In An Ideal Location In Chen One Road,135000000,PKR,5.0,Marla,0,0,"Chen One Road, Faisalabad",And along with its reasonable Rs. 1,https://www.zameen.com/Property/faisalabad_chen_one_road_a_well_designed_building_is_up_for_sale_in_an_ideal_location_in_chen_one_road-54675802-9848-3.html,"City: Faisalabad | Type: sale commercial-sale | Title: A Well Designed Building Is Up For Sale In An Ideal Location In Chen One Road | Location: Chen One Road, Faisalabad | Beds: 0 | Baths: 0 | Price: 135000000 PKR | Details: And along with its reasonable Rs. 1"
dataset_zameen-property-scraper_2026-09-21_19-28-33-474_54458043,Faisalabad,sale,commercial-sale,2.2 Marla 3 Storey Rented Plaza Available For Sale,52500000,PKR,2.2,Marla,0,0,"Green Avenue Commercial, Canal Road",The Building has an interior that p,https://www.zameen.com/Property/canal_road_green_avenue_commercial_2_2_marla_3_storey_rented_plaza_available_for_sale-54458043-22191-3.html,"City: Faisalabad | Type: sale commercial-sale | Title: 2.2 Marla 3 Storey Rented Plaza Available For Sale | Location: Green Avenue Commercial, Canal Road | Beds: 0 | Baths: 0 | Price: 52500000 PKR | Details: The Building has an interior that p"
dataset_zameen-property-scraper_2026-09-21_19-28-33-474_54675784,Faisalabad,sale,commercial-sale,Property For Sale In Chen One Road Chen One Road Is Available Under Rs. 250000000,250000000,PKR,10.0,Marla,0,0,"Chen One Road, Faisalabad","Undoubtedly, 10 Marla sized propert",https://www.zameen.com/Property/faisalabad_chen_one_road_property_for_sale_in_chen_one_road_chen_one_road_is_available_under_rs_250000000-54675784-9848-3.html,"City: Faisalabad | Type: sale commercial-sale | Title: Property For Sale In Chen One Road Chen One Road Is Available Under Rs. 250000000 | Location: Chen One Road, Faisalabad | Beds: 0 | Baths: 0 | Price: 250000000 PKR | Details: Undoubtedly, 10 Marla sized propert"
dataset_zameen-property-scraper_2026-09-21_19-28-33-474_54634153,Faisalabad,sale,commercial-sale,Sale The Ideally Located Building For An Incredible Price Of Pkr Rs. 52000000,52000000,PKR,2.5,Marla,0,0,"Green Avenue Commercial, Canal Road",Recent real estate projects have in,https://www.zameen.com/Property/canal_road_green_avenue_commercial_sale_the_ideally_located_building_for_an_incredible_price_of_pkr_rs_52000000-54634153-22191-3.html,"City: Faisalabad | Type: sale commercial-sale | Title: Sale The Ideally Located Building For An Incredible Price Of Pkr Rs. 52000000 | Location: Green Avenue Commercial, Canal Road | Beds: 0 | Baths: 0 | Price: 52000000 PKR | Details: Recent real estate projects have in"
dataset_zameen-property-scraper_2026-09-21_19-28-33-474_54764321,Faisalabad,sale,commercial-sale,2 Marla Commercial Shop Flat For Sale,11200000,PKR,4.6,Marla,0,1,"Eden Orchard, Faisalabad","*Eden Orchard*
2 Marla Office/Shop",https://www.zameen.com/Property/faisalabad_eden_orchard_2_marla_commercial_shop_flat_for_sale-54764321-11162-3.html,"City: Faisalabad | Type: sale commercial-sale | Title: 2 Marla Commercial Shop Flat For Sale | Location: Eden Orchard, Faisalabad | Beds: 0 | Baths: 1 | Price: 11200000 PKR | Details: *Eden Orchard*
2 Marla Office/Shop"
dataset_zameen-property-scraper_2026-09-21_19-28-33-474_54774629,Faisalabad,sale,commercial-sale,corner shop,21400000,PKR,1.2,Marla,0,0,"Lyallpur Galleria 2, Samundari Road","A good location corner shop
main au",https://www.zameen.com/Property/samundari_road_lyallpur_galleria_2_corner_shop-54774629-21410-3.html,"City: Faisalabad | Type: sale commercial-sale | Title: corner shop | Location: Lyallpur Galleria 2, Samundari Road | Beds: 0 | Baths: 0 | Price: 21400000 PKR | Details: A good location corner shop
main au"
dataset_zameen-property-scraper_2026-09-21_19-28-33-474_54672691,Faisalabad,sale,commercial-sale,"""Rafia"" Furnished Beauty Saloon Business For Sale Only Not Building",30000000,PKR,5.0,Marla,0,0,"Green Avenue Commercial, Canal Road",Rafia Beauty Salon For Women & Aest,https://www.zameen.com/Property/canal_road_green_avenue_commercial_rafia_furnished_beauty_saloon_business_for_sale_only_not_building-54672691-22191-3.html,"City: Faisalabad | Type: sale commercial-sale | Title: ""Rafia"" Furnished Beauty Saloon Business For Sale Only Not Building | Location: Green Avenue Commercial, Canal Road | Beds: 0 | Baths: 0 | Price: 30000000 PKR | Details: Rafia Beauty Salon For Women & Aest"
dataset_zameen-property-scraper_2026-09-21_19-28-33-474_54675500,Faisalabad,sale,commercial-sale,Commercial Shop/Office Double Story For Sale Eden Orchard Sargodha ROAD Faisalabad,11200000,PKR,2.0,Marla,0,1,"Eden Orchard, Faisalabad","*Eden Orchard, Sargodha Road Faisal",https://www.zameen.com/Property/faisalabad_eden_orchard_commercial_shop_office_double_story_for_sale_eden_orchard_sargodha_road_faisalabad-54675500-11162-3.html,"City: Faisalabad | Type: sale commercial-sale | Title: Commercial Shop/Office Double Story For Sale Eden Orchard Sargodha ROAD Faisalabad | Location: Eden Orchard, Faisalabad | Beds: 0 | Baths: 1 | Price: 11200000 PKR | Details: *Eden Orchard, Sargodha Road Faisal"
dataset_zameen-property-scraper_2026-09-21_19-28-33-474_54631149,Faisalabad,sale,commercial-sale,Prime Location 203 Sqft Shop In Lyallpur Galleria 2 For Sale,17500000,PKR,0.9,Marla,0,0,"Lyallpur Galleria 2, Samundari Road","The Faisalabad Is Mostly Safe, Thri",https://www.zameen.com/Property/samundari_road_lyallpur_galleria_2_prime_location_203_sqft_shop_in_lyallpur_galleria_2_for_sale-54631149-21410-3.html,"City: Faisalabad | Type: sale commercial-sale | Title: Prime Location 203 Sqft Shop In Lyallpur Galleria 2 For Sale | Location: Lyallpur Galleria 2, Samundari Road | Beds: 0 | Baths: 0 | Price: 17500000 PKR | Details: The Faisalabad Is Mostly Safe, Thri"
dataset_zameen-property-scraper_2026-09-21_19-28-33-474_53882180,Faisalabad,sale,commercial-sale,"48 Kanal (6Acres) Factory Running Dyeing Unit For Sale Near Shahkot Sitara Factory Faisalabad With 1 Acre Front, 1 Megawatt Electricity",2,PKR,48.0,Kanal,0,7,"Khurianwala, Faisalabad",48 Kanal (6 Acres) Factory Running,https://www.zameen.com/Property/faisalabad_khurianwala_48_kanal_6acres_factory_running_dyeing_unit_for_sale_near_shahkot_sitara_factory_faisalabad_with_1_acre_front_1_megawatt_electricity-53882180-10331-3.html,"City: Faisalabad | Type: sale commercial-sale | Title: 48 Kanal (6Acres) Factory Running Dyeing Unit For Sale Near Shahkot Sitara Factory Faisalabad With 1 Acre Front, 1 Megawatt Electricity | Location: Khurianwala, Faisalabad | Beds: 0 | Baths: 7 | Price: 2 PKR | Details: 48 Kanal (6 Acres) Factory Running"
dataset_zameen-property-scraper_2026-09-21_19-28-33-474_53183306,Faisalabad,sale,commercial-sale,5 Marla Double Storey Plaza Already Rented Out Main Caen One Road,140000000,PKR,5.0,Marla,0,0,"Chen One Road, Faisalabad",Best For Investment The Building is,https://www.zameen.com/Property/faisalabad_chen_one_road_5_marla_double_storey_plaza_already_rented_out_main_caen_one_road-53183306-9848-3.html,"City: Faisalabad | Type: sale commercial-sale | Title: 5 Marla Double Storey Plaza Already Rented Out Main Caen One Road | Location: Chen One Road, Faisalabad | Beds: 0 | Baths: 0 | Price: 140000000 PKR | Details: Best For Investment The Building is"
dataset_zameen-property-scraper_2026-09-21_19-28-33-474_53355779,Faisalabad,sale,commercial-sale,"ONE MARLA SHOP WITH ROOF - ADJECENT FAZANE MADINA MOUSQUE SUSAN ROAD, FAISALABAD",10500000,PKR,1.0,Marla,0,1,"Susan Road, Faisalabad","Located left of Lahore Leather, 2nd",https://www.zameen.com/Property/faisalabad_susan_road_one_marla_shop_with_roof_-_adjecent_fazane_madina_mousque_susan_road_faisalabad-53355779-8586-3.html,"City: Faisalabad | Type: sale commercial-sale | Title: ONE MARLA SHOP WITH ROOF - ADJECENT FAZANE MADINA MOUSQUE SUSAN ROAD, FAISALABAD | Location: Susan Road, Faisalabad | Beds: 0 | Baths: 1 | Price: 10500000 PKR | Details: Located left of Lahore Leather, 2nd"
dataset_zameen-property-scraper_2026-09-21_19-28-33-474_54536258,Faisalabad,sale,commercial-sale,Prime Location Peoples Colony - Block D Building Sized 40 Marla Is Available,150000000,PKR,2.0,Kanal,6,6,"Peoples Colony - Block D, Peoples Colony No 1",Faisalabad has good property option,https://www.zameen.com/Property/peoples_colony_no_1_peoples_colony_-_block_d_prime_location_peoples_colony_-_block_d_building_sized_40_marla_is_available-54536258-11505-3.html,"City: Faisalabad | Type: sale commercial-sale | Title: Prime Location Peoples Colony - Block D Building Sized 40 Marla Is Available | Location: Peoples Colony - Block D, Peoples Colony No 1 | Beds: 6 | Baths: 6 | Price: 150000000 PKR | Details: Faisalabad has good property option"
dataset_zameen-property-scraper_2026-09-21_19-28-33-474_54282806,Faisalabad,sale,commercial-sale,Own A Building In 6 Marla Clock Tower 8 Bazar,220000000,PKR,6.0,Marla,0,0,"Clock Tower 8 Bazar, Faisalabad",Palza For Sale Rented Building Tile,https://www.zameen.com/Property/faisalabad_clock_tower_8_bazar_own_a_building_in_6_marla_clock_tower_8_bazar-54282806-19217-3.html,"City: Faisalabad | Type: sale commercial-sale | Title: Own A Building In 6 Marla Clock Tower 8 Bazar | Location: Clock Tower 8 Bazar, Faisalabad | Beds: 0 | Baths: 0 | Price: 220000000 PKR | Details: Palza For Sale Rented Building Tile"
dataset_zameen-property-scraper_2026-09-21_19-28-33-474_54754683,Faisalabad,sale,commercial-sale,Ground Floor Shop 199 Sq Ft,20000000,PKR,0.9,Marla,0,0,"Lyallpur Galleria 2, Samundari Road","flormar brand rent oit shop
ground",https://www.zameen.com/Property/samundari_road_lyallpur_galleria_2_ground_floor_shop_199_sq_ft-54754683-21410-3.html,"City: Faisalabad | Type: sale commercial-sale | Title: Ground Floor Shop 199 Sq Ft | Location: Lyallpur Galleria 2, Samundari Road | Beds: 0 | Baths: 0 | Price: 20000000 PKR | Details: flormar brand rent oit shop
ground"
dataset_zameen-property-scraper_2026-09-21_19-28-33-474_54328042,Faisalabad,sale,commercial-sale,Premium Industrial Land And Large Covered Shed For Sale,130000000,PKR,13.0,Kanal,0,0,"Sahianwala, Faisalabad","BIRD SHED 13.64 KANAL FOR SALE

__P",https://www.zameen.com/Property/faisalabad_sahianwala_premium_industrial_land_and_large_covered_shed_for_sale-54328042-12154-3.html,"City: Faisalabad | Type: sale commercial-sale | Title: Premium Industrial Land And Large Covered Shed For Sale | Location: Sahianwala, Faisalabad | Beds: 0 | Baths: 0 | Price: 130000000 PKR | Details: BIRD SHED 13.64 KANAL FOR SALE

__P"
dataset_zameen-property-scraper_2026-09-21_19-28-33-474_54447869,Faisalabad,sale,commercial-sale,2.2 Marla Rented Triple Storey Plaza Available For Sale,52500000,PKR,2.7,Marla,0,0,"Green Avenue Commercial, Canal Road",The perfect 600 Square Feet listing,https://www.zameen.com/Property/canal_road_green_avenue_commercial_2_2_marla_rented_triple_storey_plaza_available_for_sale-54447869-22191-3.html,"City: Faisalabad | Type: sale commercial-sale | Title: 2.2 Marla Rented Triple Storey Plaza Available For Sale | Location: Green Avenue Commercial, Canal Road | Beds: 0 | Baths: 0 | Price: 52500000 PKR | Details: The perfect 600 Square Feet listing"
dataset_zameen-property-scraper_2026-09-21_19-28-33-474_53843835,Faisalabad,sale,commercial-sale,"2.8 Marla Gray Structure Building Available For Sale 250000 Expected Rental Income, Ready For Rent Out Prime Location",51500000,PKR,2.8,Marla,0,0,"Green Avenue Commercial, Canal Road","Prime Location On Canal Road ,
 Hig",https://www.zameen.com/Property/canal_road_green_avenue_commercial_2_8_marla_gray_structure_building_available_for_sale_250000_expected_rental_income_ready_for_rent_out_prime_location-53843835-22191-3.html,"City: Faisalabad | Type: sale commercial-sale | Title: 2.8 Marla Gray Structure Building Available For Sale 250000 Expected Rental Income, Ready For Rent Out Prime Location | Location: Green Avenue Commercial, Canal Road | Beds: 0 | Baths: 0 | Price: 51500000 PKR | Details: Prime Location On Canal Road ,
 Hig"
dataset_zameen-property-scraper_2026-09-21_19-28-33-474_54457454,Faisalabad,sale,commercial-sale,7 MARLA TRIPLE STOREY BUILDING AVAILABLE FOR SALE MAIN SHEIKHUPURAH ROAD NEAR MISAQ UL MALL FAISALABAD,69500000,PKR,7.0,Marla,0,0,"Lahore - Sheikhupura - Faisalabad Road, Faisalabad",7 MARLA TRIPLE STOREY PLAZA BUILDIN,https://www.zameen.com/Property/faisalabad_lahore_-_sheikhupura_-_faisalabad_road_7_marla_triple_storey_building_available_for_sale_main_sheikhupurah_road_near_misaq_ul_mall_faisalabad-54457454-8542-3.html,"City: Faisalabad | Type: sale commercial-sale | Title: 7 MARLA TRIPLE STOREY BUILDING AVAILABLE FOR SALE MAIN SHEIKHUPURAH ROAD NEAR MISAQ UL MALL FAISALABAD | Location: Lahore - Sheikhupura - Faisalabad Road, Faisalabad | Beds: 0 | Baths: 0 | Price: 69500000 PKR | Details: 7 MARLA TRIPLE STOREY PLAZA BUILDIN"
dataset_zameen-property-scraper_2026-09-21_19-28-33-474_54772081,Faisalabad,sale,commercial-sale,Well-Constructed Shop Available For Sale In Lyallpur Galleria 2,18500000,PKR,1.2,Marla,0,0,"Lyallpur Galleria 2, Samundari Road",Buy your Shop with desired amenitie,https://www.zameen.com/Property/samundari_road_lyallpur_galleria_2_well-constructed_shop_available_for_sale_in_lyallpur_galleria_2-54772081-21410-3.html,"City: Faisalabad | Type: sale commercial-sale | Title: Well-Constructed Shop Available For Sale In Lyallpur Galleria 2 | Location: Lyallpur Galleria 2, Samundari Road | Beds: 0 | Baths: 0 | Price: 18500000 PKR | Details: Buy your Shop with desired amenitie"
dataset_zameen-property-scraper_2026-09-21_19-28-33-474_54764572,Faisalabad,sale,commercial-sale,Looking For A Prime Location Shop In Lyallpur Galleria 2 Faisalabad,61000000,PKR,3.4,Marla,0,0,"Lyallpur Galleria 2, Samundari Road",A similar property for this Rs. 610,https://www.zameen.com/Property/samundari_road_lyallpur_galleria_2_looking_for_a_prime_location_shop_in_lyallpur_galleria_2_faisalabad-54764572-21410-3.html,"City: Faisalabad | Type: sale commercial-sale | Title: Looking For A Prime Location Shop In Lyallpur Galleria 2 Faisalabad | Location: Lyallpur Galleria 2, Samundari Road | Beds: 0 | Baths: 0 | Price: 61000000 PKR | Details: A similar property for this Rs. 610"
dataset_zameen-property-scraper_2026-09-21_19-28-33-474_54765374,Faisalabad,sale,commercial-sale,134 Sq Feet Shop First Floor,9500000,PKR,0.6,Marla,0,0,"Lyallpur Galleria 2, Samundari Road",Buy your property today and be a lu,https://www.zameen.com/Property/samundari_road_lyallpur_galleria_2_134_sq_feet_shop_first_floor-54765374-21410-3.html,"City: Faisalabad | Type: sale commercial-sale | Title: 134 Sq Feet Shop First Floor | Location: Lyallpur Galleria 2, Samundari Road | Beds: 0 | Baths: 0 | Price: 9500000 PKR | Details: Buy your property today and be a lu"
dataset_zameen-property-scraper_2026-09-21_19-28-33-474_54771074,Faisalabad,sale,commercial-sale,Kohinoor City Office For Sale Sized 319 Square Feet,3300000,PKR,1.4,Marla,0,0,"Kohinoor City, Faisalabad",Owning an ideally located property,https://www.zameen.com/Property/faisalabad_kohinoor_city_kohinoor_city_office_for_sale_sized_319_square_feet-54771074-1360-3.html,"City: Faisalabad | Type: sale commercial-sale | Title: Kohinoor City Office For Sale Sized 319 Square Feet | Location: Kohinoor City, Faisalabad | Beds: 0 | Baths: 0 | Price: 3300000 PKR | Details: Owning an ideally located property"
dataset_zameen-property-scraper_2026-09-21_19-28-33-474_54770199,Faisalabad,sale,commercial-sale,191 Square Feet Shop Ideally Situated In Lyallpur Galleria 3,15300000,PKR,0.8,Marla,0,0,"Lyallpur Galleria 3, Canal Expressway",The dream of owning a Shop in Faisa,https://www.zameen.com/Property/canal_expressway_lyallpur_galleria_3_191_square_feet_shop_ideally_situated_in_lyallpur_galleria_3-54770199-21519-3.html,"City: Faisalabad | Type: sale commercial-sale | Title: 191 Square Feet Shop Ideally Situated In Lyallpur Galleria 3 | Location: Lyallpur Galleria 3, Canal Expressway | Beds: 0 | Baths: 0 | Price: 15300000 PKR | Details: The dream of owning a Shop in Faisa"
dataset_zameen-property-scraper_2026-09-21_19-29-20-666_54646939,Faisalabad,rent,rental-flats,Luxury Furnished Room Flat For Rent In Umer Heights Wapda City Faisalabad,70000,PKR,750.0,sqft,2,2,"Wapda City, Faisalabad",A beautifully designed newly furnis,https://www.zameen.com/Property/faisalabad_wapda_city_luxury_furnished_room_flat_for_rent_in_umer_heights_wapda_city_faisalabad-54646939-501-4.html,"City: Faisalabad | Type: rent rental-flats | Title: Luxury Furnished Room Flat For Rent In Umer Heights Wapda City Faisalabad | Location: Wapda City, Faisalabad | Beds: 2 | Baths: 2 | Price: 70000 PKR | Details: A beautifully designed newly furnis"
dataset_zameen-property-scraper_2026-09-21_19-29-20-666_54561201,Faisalabad,rent,rental-flats,Luxury Furnished Flat For Rent In Umer Heights Wapda City Faisalabad,70000,PKR,750.0,sqft,2,2,"Wapda City, Faisalabad",A Beautifully Designed Newly Furnis,https://www.zameen.com/Property/faisalabad_wapda_city_luxury_furnished_flat_for_rent_in_umer_heights_wapda_city_faisalabad-54561201-501-4.html,"City: Faisalabad | Type: rent rental-flats | Title: Luxury Furnished Flat For Rent In Umer Heights Wapda City Faisalabad | Location: Wapda City, Faisalabad | Beds: 2 | Baths: 2 | Price: 70000 PKR | Details: A Beautifully Designed Newly Furnis"
dataset_zameen-property-scraper_2026-09-21_19-29-20-666_54328907,Faisalabad,rent,rental-flats,Furnished Apartment Single Room Available For Rent,50000,PKR,450.0,sqft,1,1,"Canal Road, Faisalabad",single room furnished AC LCD word r,https://www.zameen.com/Property/faisalabad_canal_road_furnished_apartment_single_room_available_for_rent-54328907-1140-4.html,"City: Faisalabad | Type: rent rental-flats | Title: Furnished Apartment Single Room Available For Rent | Location: Canal Road, Faisalabad | Beds: 1 | Baths: 1 | Price: 50000 PKR | Details: single room furnished AC LCD word r"
dataset_zameen-property-scraper_2026-09-21_19-29-20-666_54616993,Faisalabad,rent,rental-flats,Prime Location Flat Of 337 Square Feet Is Available For Rent In Oasis One,75000,PKR,337.0,sqft,1,1,"Oasis One, Lower Canal Road",You can pay a fair price of PKR Rs.,https://www.zameen.com/Property/lower_canal_road_oasis_one_prime_location_flat_of_337_square_feet_is_available_for_rent_in_oasis_one-54616993-19684-4.html,"City: Faisalabad | Type: rent rental-flats | Title: Prime Location Flat Of 337 Square Feet Is Available For Rent In Oasis One | Location: Oasis One, Lower Canal Road | Beds: 1 | Baths: 1 | Price: 75000 PKR | Details: You can pay a fair price of PKR Rs."
dataset_zameen-property-scraper_2026-09-21_19-29-20-666_54654586,Faisalabad,rent,rental-flats,Furnished Flat Available For Rent,85000,PKR,450.0,sqft,2,2,"Canal Road, Faisalabad",Furnished Apartment Kitchen Fridge,https://www.zameen.com/Property/faisalabad_canal_road_furnished_flat_available_for_rent-54654586-1140-4.html,"City: Faisalabad | Type: rent rental-flats | Title: Furnished Flat Available For Rent | Location: Canal Road, Faisalabad | Beds: 2 | Baths: 2 | Price: 85000 PKR | Details: Furnished Apartment Kitchen Fridge"
dataset_zameen-property-scraper_2026-09-21_19-29-20-666_54471683,Faisalabad,rent,rental-flats,Spacious 3-Bed With Dual Kitchens | D Block Eden Valley Flat For Rent,35000,PKR,1350.0,sqft,3,3,"Eden Valley, Faisalabad",The Well-Constructed Flat Carries A,https://www.zameen.com/Property/faisalabad_eden_valley_spacious_3-bed_with_dual_kitchens_d_block_eden_valley_flat_for_rent-54471683-8917-4.html,"City: Faisalabad | Type: rent rental-flats | Title: Spacious 3-Bed With Dual Kitchens | D Block Eden Valley Flat For Rent | Location: Eden Valley, Faisalabad | Beds: 3 | Baths: 3 | Price: 35000 PKR | Details: The Well-Constructed Flat Carries A"
dataset_zameen-property-scraper_2026-09-21_19-29-20-666_54480998,Faisalabad,rent,rental-flats,Furnished Apartment For Rent,40000,PKR,350.0,sqft,1,1,"Millat Chowk, Faisalabad","Good location for living
Kitchen wi",https://www.zameen.com/Property/faisalabad_millat_chowk_furnished_apartment_for_rent-54480998-11865-4.html,"City: Faisalabad | Type: rent rental-flats | Title: Furnished Apartment For Rent | Location: Millat Chowk, Faisalabad | Beds: 1 | Baths: 1 | Price: 40000 PKR | Details: Good location for living
Kitchen wi"
dataset_zameen-property-scraper_2026-09-21_19-29-20-666_54500427,Faisalabad,rent,rental-flats,Lyallpur Galleria Mall Apartment | 2 BHK Furnished | 2 Bedrooms | Living Room | Basement Parking,80000,PKR,810.0,sqft,2,2,"Lyallpur Galleria, East Canal Road",No load shedding / or Electricity i,https://www.zameen.com/Property/east_canal_road_lyallpur_galleria_lyallpur_galleria_mall_apartment_2_bhk_furnished_2_bedrooms_living_room_basement_parking-54500427-10499-4.html,"City: Faisalabad | Type: rent rental-flats | Title: Lyallpur Galleria Mall Apartment | 2 BHK Furnished | 2 Bedrooms | Living Room | Basement Parking | Location: Lyallpur Galleria, East Canal Road | Beds: 2 | Baths: 2 | Price: 80000 PKR | Details: No load shedding / or Electricity i"
dataset_zameen-property-scraper_2026-09-21_19-29-20-666_54646938,Faisalabad,rent,rental-flats,Luxury Furnished Flat For Rent In Umer Heights Wapda City Faisalabad,70000,PKR,750.0,sqft,2,2,"Wapda City, Faisalabad",A beautifully designed newly furnis,https://www.zameen.com/Property/faisalabad_wapda_city_luxury_furnished_flat_for_rent_in_umer_heights_wapda_city_faisalabad-54646938-501-4.html,"City: Faisalabad | Type: rent rental-flats | Title: Luxury Furnished Flat For Rent In Umer Heights Wapda City Faisalabad | Location: Wapda City, Faisalabad | Beds: 2 | Baths: 2 | Price: 70000 PKR | Details: A beautifully designed newly furnis"
dataset_zameen-property-scraper_2026-09-21_19-29-20-666_54771071,Faisalabad,rent,rental-flats,Flat Available For Rent At Lower Canal Road Jaranwala Road Faisalabad,50000,PKR,784.0,sqft,2,2,"Lower Canal Road, Faisalabad",Property options in Lower Canal Roa,https://www.zameen.com/Property/faisalabad_lower_canal_road_flat_available_for_rent_at_lower_canal_road_jaranwala_road_faisalabad-54771071-12189-4.html,"City: Faisalabad | Type: rent rental-flats | Title: Flat Available For Rent At Lower Canal Road Jaranwala Road Faisalabad | Location: Lower Canal Road, Faisalabad | Beds: 2 | Baths: 2 | Price: 50000 PKR | Details: Property options in Lower Canal Roa"
dataset_zameen-property-scraper_2026-09-21_19-29-20-666_54181977,Faisalabad,rent,rental-flats,FURNISHED 1 BHK BEDROOM AVAILABLE FOR RENT,55000,PKR,450.0,sqft,0,0,"Wapda City, Faisalabad","A Prestigious Place To Live in,
 Pr",https://www.zameen.com/Property/faisalabad_wapda_city_furnished_1_bhk_bedroom_available_for_rent-54181977-501-4.html,"City: Faisalabad | Type: rent rental-flats | Title: FURNISHED 1 BHK BEDROOM AVAILABLE FOR RENT | Location: Wapda City, Faisalabad | Beds: 0 | Baths: 0 | Price: 55000 PKR | Details: A Prestigious Place To Live in,
 Pr"
dataset_zameen-property-scraper_2026-09-21_19-29-20-666_54018250,Faisalabad,rent,rental-flats,FURNISHED STUDIO BEDROOM AVAILABLE FOR RENT,50000,PKR,450.0,sqft,0,1,"Wapda City, Faisalabad","A Prestigious Place To Live In,
 Pr",https://www.zameen.com/Property/faisalabad_wapda_city_furnished_studio_bedroom_available_for_rent-54018250-501-4.html,"City: Faisalabad | Type: rent rental-flats | Title: FURNISHED STUDIO BEDROOM AVAILABLE FOR RENT | Location: Wapda City, Faisalabad | Beds: 0 | Baths: 1 | Price: 50000 PKR | Details: A Prestigious Place To Live In,
 Pr"
dataset_zameen-property-scraper_2026-09-21_19-29-20-666_54632062,Faisalabad,rent,rental-flats,Furnished Apartment Available For Rent,60000,PKR,1125.0,sqft,2,2,"Makkah Commercial Market, Faisalabad",Furnished Apartment Available For R,https://www.zameen.com/Property/faisalabad_makkah_commercial_market_furnished_apartment_available_for_rent-54632062-13468-4.html,"City: Faisalabad | Type: rent rental-flats | Title: Furnished Apartment Available For Rent | Location: Makkah Commercial Market, Faisalabad | Beds: 2 | Baths: 2 | Price: 60000 PKR | Details: Furnished Apartment Available For R"
dataset_zameen-property-scraper_2026-09-21_19-29-20-666_54771068,Faisalabad,rent,rental-flats,Apartment Available For Rent At Sussan Road Faisalabad,50000,PKR,400.0,sqft,1,1,"Susan Road, Faisalabad","You know, it&#x27;s not every day that y",https://www.zameen.com/Property/faisalabad_susan_road_apartment_available_for_rent_at_sussan_road_faisalabad-54771068-8586-4.html,"City: Faisalabad | Type: rent rental-flats | Title: Apartment Available For Rent At Sussan Road Faisalabad | Location: Susan Road, Faisalabad | Beds: 1 | Baths: 1 | Price: 50000 PKR | Details: You know, it&#x27;s not every day that y"
dataset_zameen-property-scraper_2026-09-21_19-29-20-666_54771063,Faisalabad,rent,rental-flats,Flat Available For Rent At Canal Road Lyallpur Galaria Faisalabad,100000,PKR,784.0,sqft,2,2,"Canal Road, Faisalabad",It is now time to book your Flat in,https://www.zameen.com/Property/faisalabad_canal_road_flat_available_for_rent_at_canal_road_lyallpur_galaria_faisalabad-54771063-1140-4.html,"City: Faisalabad | Type: rent rental-flats | Title: Flat Available For Rent At Canal Road Lyallpur Galaria Faisalabad | Location: Canal Road, Faisalabad | Beds: 2 | Baths: 2 | Price: 100000 PKR | Details: It is now time to book your Flat in"
dataset_zameen-property-scraper_2026-09-21_19-29-20-666_53803947,Faisalabad,rent,rental-flats,Ideal Flat In Susan Road Available For Rs. 100000,100000,PKR,2000.0,sqft,0,0,"Susan Road, Faisalabad",This property is available for Rs.,https://www.zameen.com/Property/faisalabad_susan_road_ideal_flat_in_susan_road_available_for_rs_100000-53803947-8586-4.html,"City: Faisalabad | Type: rent rental-flats | Title: Ideal Flat In Susan Road Available For Rs. 100000 | Location: Susan Road, Faisalabad | Beds: 0 | Baths: 0 | Price: 100000 PKR | Details: This property is available for Rs."
dataset_zameen-property-scraper_2026-09-21_19-29-20-666_54474096,Faisalabad,rent,rental-flats,Furnished Apartment For Rent,65000,PKR,400.0,sqft,1,1,"Canal Road, Faisalabad","Good Location For Living 
AC With A",https://www.zameen.com/Property/faisalabad_canal_road_furnished_apartment_for_rent-54474096-1140-4.html,"City: Faisalabad | Type: rent rental-flats | Title: Furnished Apartment For Rent | Location: Canal Road, Faisalabad | Beds: 1 | Baths: 1 | Price: 65000 PKR | Details: Good Location For Living 
AC With A"
dataset_zameen-property-scraper_2026-09-21_19-29-20-666_54706113,Faisalabad,rent,rental-flats,Flat Available For Rent At Jaranwala Road Faisalabad,30000,PKR,325.0,sqft,1,1,"Kohinoor One, Jaranwala Road",Seeking a comfortable lifestyle wit,https://www.zameen.com/Property/jaranwala_road_kohinoor_one_flat_available_for_rent_at_jaranwala_road_faisalabad-54706113-12286-4.html,"City: Faisalabad | Type: rent rental-flats | Title: Flat Available For Rent At Jaranwala Road Faisalabad | Location: Kohinoor One, Jaranwala Road | Beds: 1 | Baths: 1 | Price: 30000 PKR | Details: Seeking a comfortable lifestyle wit"
dataset_zameen-property-scraper_2026-09-21_19-29-20-666_54635346,Faisalabad,rent,rental-flats,Apartment For Rent,115000,PKR,1300.0,sqft,2,2,"Abdullah Gardens, East Canal Road",LUXURY FURNISHED APARTMENT AVAILABL,https://www.zameen.com/Property/east_canal_road_abdullah_gardens_apartment_for_rent-54635346-4890-4.html,"City: Faisalabad | Type: rent rental-flats | Title: Apartment For Rent | Location: Abdullah Gardens, East Canal Road | Beds: 2 | Baths: 2 | Price: 115000 PKR | Details: LUXURY FURNISHED APARTMENT AVAILABL"
dataset_zameen-property-scraper_2026-09-21_19-29-20-666_53533428,Faisalabad,rent,rental-flats,Brand New Furnished Apartment Available For Rent,55000,PKR,600.0,sqft,2,2,"Wapda City - Block H, Wapda City",Brand new furnished apartment Rooms,https://www.zameen.com/Property/wapda_city_wapda_city_-_block_h_brand_new_furnished_apartment_available_for_rent-53533428-5073-4.html,"City: Faisalabad | Type: rent rental-flats | Title: Brand New Furnished Apartment Available For Rent | Location: Wapda City - Block H, Wapda City | Beds: 2 | Baths: 2 | Price: 55000 PKR | Details: Brand new furnished apartment Rooms"
dataset_zameen-property-scraper_2026-09-21_19-29-20-666_54608147,Faisalabad,rent,rental-flats,Flats For Rent,65000,PKR,350.0,sqft,1,1,"Madina Town, Faisalabad",Good Location For,https://www.zameen.com/Property/faisalabad_madina_town_flats_for_rent-54608147-533-4.html,"City: Faisalabad | Type: rent rental-flats | Title: Flats For Rent | Location: Madina Town, Faisalabad | Beds: 1 | Baths: 1 | Price: 65000 PKR | Details: Good Location For"
dataset_zameen-property-scraper_2026-09-21_19-29-20-666_54601021,Faisalabad,rent,rental-flats,Luxury Furnished Flat Room For Rent In Umer Heights Wapda City Faisalabad,70000,PKR,750.0,sqft,2,2,"Wapda City, Faisalabad",A beautifully designed newly furnis,https://www.zameen.com/Property/faisalabad_wapda_city_luxury_furnished_flat_room_for_rent_in_umer_heights_wapda_city_faisalabad-54601021-501-4.html,"City: Faisalabad | Type: rent rental-flats | Title: Luxury Furnished Flat Room For Rent In Umer Heights Wapda City Faisalabad | Location: Wapda City, Faisalabad | Beds: 2 | Baths: 2 | Price: 70000 PKR | Details: A beautifully designed newly furnis"
dataset_zameen-property-scraper_2026-09-21_19-29-20-666_54637034,Faisalabad,rent,rental-flats,Luxury Furnished Flat For Rent In Umer Heights Wapda City Faisalabad,70000,PKR,750.0,sqft,2,2,"Wapda City, Faisalabad",A beautifully designed newly furnis,https://www.zameen.com/Property/faisalabad_wapda_city_luxury_furnished_flat_for_rent_in_umer_heights_wapda_city_faisalabad-54637034-501-4.html,"City: Faisalabad | Type: rent rental-flats | Title: Luxury Furnished Flat For Rent In Umer Heights Wapda City Faisalabad | Location: Wapda City, Faisalabad | Beds: 2 | Baths: 2 | Price: 70000 PKR | Details: A beautifully designed newly furnis"
dataset_zameen-property-scraper_2026-09-21_19-29-20-666_54637079,Faisalabad,rent,rental-flats,Luxury Furnished Flat For Rent In Umer Heights Wapda City Faisalabad,70000,PKR,750.0,sqft,2,2,"Wapda City, Faisalabad",A beautifully designed newly furnis,https://www.zameen.com/Property/faisalabad_wapda_city_luxury_furnished_flat_for_rent_in_umer_heights_wapda_city_faisalabad-54637079-501-4.html,"City: Faisalabad | Type: rent rental-flats | Title: Luxury Furnished Flat For Rent In Umer Heights Wapda City Faisalabad | Location: Wapda City, Faisalabad | Beds: 2 | Baths: 2 | Price: 70000 PKR | Details: A beautifully designed newly furnis"
dataset_zameen-property-scraper_2026-09-21_19-29-20-666_54018267,Faisalabad,rent,rental-flats,FURNISHED 2BHK AVAILABLE FLAT FOR RENT,75000,PKR,450.0,sqft,2,2,"Wapda City, Faisalabad","A Prestigious Place To Live In,
 Pr",https://www.zameen.com/Property/faisalabad_wapda_city_furnished_2bhk_available_flat_for_rent-54018267-501-4.html,"City: Faisalabad | Type: rent rental-flats | Title: FURNISHED 2BHK AVAILABLE FLAT FOR RENT | Location: Wapda City, Faisalabad | Beds: 2 | Baths: 2 | Price: 75000 PKR | Details: A Prestigious Place To Live In,
 Pr"
dataset_zameen-property-scraper_2026-09-21_19-30-26-291_54768459,Faisalabad,rent,rental-commercial,1 Kanal Building Available For Rent Best For Brand Outlet Bank And Restaurant Hospital Etc,1000000,PKR,1.0,Kanal,4,5,"Civil Lines, Faisalabad",The 1 Kanal newly built commercial,https://www.zameen.com/Property/faisalabad_civil_lines_1_kanal_building_available_for_rent_best_for_brand_outlet_bank_and_restaurant_hospital_etc-54768459-652-4.html,"City: Faisalabad | Type: rent rental-commercial | Title: 1 Kanal Building Available For Rent Best For Brand Outlet Bank And Restaurant Hospital Etc | Location: Civil Lines, Faisalabad | Beds: 4 | Baths: 5 | Price: 1000000 PKR | Details: The 1 Kanal newly built commercial"
dataset_zameen-property-scraper_2026-09-21_19-30-26-291_54679659,Faisalabad,rent,rental-commercial,4.5 Marla Units Available For Rent,650000,PKR,4.5,Marla,0,0,"Sitara Square, Canal Road","prime location 

The prosperous cit",https://www.zameen.com/Property/canal_road_sitara_square_4_5_marla_units_available_for_rent-54679659-22327-4.html,"City: Faisalabad | Type: rent rental-commercial | Title: 4.5 Marla Units Available For Rent | Location: Sitara Square, Canal Road | Beds: 0 | Baths: 0 | Price: 650000 PKR | Details: prime location 

The prosperous cit"
dataset_zameen-property-scraper_2026-09-21_19-30-26-291_54675803,Faisalabad,rent,rental-commercial,Spacious Building Is Available In Green Avenue Commercial For Rent,275000,PKR,3.0,Marla,0,0,"Green Avenue Commercial, Canal Road",The Building is in demand for all k,https://www.zameen.com/Property/canal_road_green_avenue_commercial_spacious_building_is_available_in_green_avenue_commercial_for_rent-54675803-22191-4.html,"City: Faisalabad | Type: rent rental-commercial | Title: Spacious Building Is Available In Green Avenue Commercial For Rent | Location: Green Avenue Commercial, Canal Road | Beds: 0 | Baths: 0 | Price: 275000 PKR | Details: The Building is in demand for all k"
dataset_zameen-property-scraper_2026-09-21_19-30-26-291_54572228,Faisalabad,rent,rental-commercial,2.2 Marla 3 Storey Building Available For Rent In Green Avenue Faisalabad,255000,PKR,2.2,Marla,0,0,"Green Avenue Commercial, Canal Road",A 495 Square Feet property is well-,https://www.zameen.com/Property/canal_road_green_avenue_commercial_2_2_marla_3_storey_building_available_for_rent_in_green_avenue_faisalabad-54572228-22191-4.html,"City: Faisalabad | Type: rent rental-commercial | Title: 2.2 Marla 3 Storey Building Available For Rent In Green Avenue Faisalabad | Location: Green Avenue Commercial, Canal Road | Beds: 0 | Baths: 0 | Price: 255000 PKR | Details: A 495 Square Feet property is well-"
dataset_zameen-property-scraper_2026-09-21_19-30-26-291_54675786,Faisalabad,rent,rental-commercial,Unoccupied Building Of 6 Marla Is Available For Rent In Canal Road,600000,PKR,6.0,Marla,0,0,"Green Avenue Commercial, Canal Road",The best option could be to make a,https://www.zameen.com/Property/canal_road_green_avenue_commercial_unoccupied_building_of_6_marla_is_available_for_rent_in_canal_road-54675786-22191-4.html,"City: Faisalabad | Type: rent rental-commercial | Title: Unoccupied Building Of 6 Marla Is Available For Rent In Canal Road | Location: Green Avenue Commercial, Canal Road | Beds: 0 | Baths: 0 | Price: 600000 PKR | Details: The best option could be to make a"
dataset_zameen-property-scraper_2026-09-21_19-30-26-291_53676358,Faisalabad,rent,rental-commercial,Ideal Location Office Available For Rent Best For Visa Consultancy Travel Agency Multinational Companies Etc,200000,PKR,8.0,Marla,0,3,"D Ground, Faisalabad",VIP Ground Floor Available for Rent,https://www.zameen.com/Property/faisalabad_d_ground_ideal_location_office_available_for_rent_best_for_visa_consultancy_travel_agency_multinational_companies_etc-53676358-537-4.html,"City: Faisalabad | Type: rent rental-commercial | Title: Ideal Location Office Available For Rent Best For Visa Consultancy Travel Agency Multinational Companies Etc | Location: D Ground, Faisalabad | Beds: 0 | Baths: 3 | Price: 200000 PKR | Details: VIP Ground Floor Available for Rent"
dataset_zameen-property-scraper_2026-09-21_19-30-26-291_53749634,Faisalabad,rent,rental-commercial,360 Square Feet Spacious Office Is Available In Kohinoor City For Rent,150000,PKR,8.9,Marla,0,0,"Kohinoor City, Faisalabad",VIP Ground Floor Available for Rent,https://www.zameen.com/Property/faisalabad_kohinoor_city_360_square_feet_spacious_office_is_available_in_kohinoor_city_for_rent-53749634-1360-4.html,"City: Faisalabad | Type: rent rental-commercial | Title: 360 Square Feet Spacious Office Is Available In Kohinoor City For Rent | Location: Kohinoor City, Faisalabad | Beds: 0 | Baths: 0 | Price: 150000 PKR | Details: VIP Ground Floor Available for Rent"
dataset_zameen-property-scraper_2026-09-21_19-30-26-291_54427380,Faisalabad,rent,rental-commercial,Ideal Ready To Use Office Available For Rent Best For Software House Call Center Multinational Companies,200000,PKR,13.3,Marla,0,2,"D Ground, Faisalabad",Get your chunk of urban living with,https://www.zameen.com/Property/faisalabad_d_ground_ideal_ready_to_use_office_available_for_rent_best_for_software_house_call_center_multinational_companies-54427380-537-4.html,"City: Faisalabad | Type: rent rental-commercial | Title: Ideal Ready To Use Office Available For Rent Best For Software House Call Center Multinational Companies | Location: D Ground, Faisalabad | Beds: 0 | Baths: 2 | Price: 200000 PKR | Details: Get your chunk of urban living with"
dataset_zameen-property-scraper_2026-09-21_19-30-26-291_54331102,Faisalabad,rent,rental-commercial,Fully Furnished Office Available For Rent Best For Software House IT Call Center Multinationals Companies,250000,PKR,11.1,Marla,0,0,"Kohinoor City, Faisalabad",2500 Sq. Ft. Fully Furnished Office,https://www.zameen.com/Property/faisalabad_kohinoor_city_fully_furnished_office_available_for_rent_best_for_software_house_it_call_center_multinationals_companies-54331102-1360-4.html,"City: Faisalabad | Type: rent rental-commercial | Title: Fully Furnished Office Available For Rent Best For Software House IT Call Center Multinationals Companies | Location: Kohinoor City, Faisalabad | Beds: 0 | Baths: 0 | Price: 250000 PKR | Details: 2500 Sq. Ft. Fully Furnished Office"
dataset_zameen-property-scraper_2026-09-21_19-30-26-291_53696228,Faisalabad,rent,rental-commercial,Fully Furnished Office Available For Rent Kohinoor City Office Sized 2000 Square Feet Is Available,420000,PKR,8.9,Marla,0,3,"Kohinoor City, Faisalabad",For those who are trying to find 20,https://www.zameen.com/Property/faisalabad_kohinoor_city_fully_furnished_office_available_for_rent_kohinoor_city_office_sized_2000_square_feet_is_available-53696228-1360-4.html,"City: Faisalabad | Type: rent rental-commercial | Title: Fully Furnished Office Available For Rent Kohinoor City Office Sized 2000 Square Feet Is Available | Location: Kohinoor City, Faisalabad | Beds: 0 | Baths: 3 | Price: 420000 PKR | Details: For those who are trying to find 20"
dataset_zameen-property-scraper_2026-09-21_19-30-26-291_54276911,Faisalabad,rent,rental-commercial,40 Marla Hall Available For Rent Best For Multinational Companies IT Center,650000,PKR,2.0,Kanal,0,0,"Canal Road, Faisalabad",**40 Marla Commercial Hall Availabl,https://www.zameen.com/Property/faisalabad_canal_road_40_marla_hall_available_for_rent_best_for_multinational_companies_it_center-54276911-1140-4.html,"City: Faisalabad | Type: rent rental-commercial | Title: 40 Marla Hall Available For Rent Best For Multinational Companies IT Center | Location: Canal Road, Faisalabad | Beds: 0 | Baths: 0 | Price: 650000 PKR | Details: **40 Marla Commercial Hall Availabl"
dataset_zameen-property-scraper_2026-09-21_19-30-26-291_53913387,Faisalabad,rent,rental-commercial,Fully Plaza Available For Rent Best For Hospital And Multinational Companies Etc,800000,PKR,2.2,Kanal,0,0,"Canal Road, Faisalabad",VIP Offices Available For Rent At P,https://www.zameen.com/Property/faisalabad_canal_road_fully_plaza_available_for_rent_best_for_hospital_and_multinational_companies_etc-53913387-1140-4.html,"City: Faisalabad | Type: rent rental-commercial | Title: Fully Plaza Available For Rent Best For Hospital And Multinational Companies Etc | Location: Canal Road, Faisalabad | Beds: 0 | Baths: 0 | Price: 800000 PKR | Details: VIP Offices Available For Rent At P"
dataset_zameen-property-scraper_2026-09-21_19-30-26-291_54772909,Faisalabad,rent,rental-commercial,4.5 Marla Shop Available For Rent,600000,PKR,5.3,Marla,0,1,"City Walk, Canal Road",4.5 Marla Shop Available For Rent,https://www.zameen.com/Property/canal_road_city_walk_4_5_marla_shop_available_for_rent-54772909-22235-4.html,"City: Faisalabad | Type: rent rental-commercial | Title: 4.5 Marla Shop Available For Rent | Location: City Walk, Canal Road | Beds: 0 | Baths: 1 | Price: 600000 PKR | Details: 4.5 Marla Shop Available For Rent"
dataset_zameen-property-scraper_2026-09-21_19-30-26-291_54772928,Faisalabad,rent,rental-commercial,2.3 marla shop,300000,PKR,2.7,Marla,0,1,"City Walk, Canal Road",2.3 Marla Shop Available For Rent,https://www.zameen.com/Property/canal_road_city_walk_2_3_marla_shop-54772928-22235-4.html,"City: Faisalabad | Type: rent rental-commercial | Title: 2.3 marla shop | Location: City Walk, Canal Road | Beds: 0 | Baths: 1 | Price: 300000 PKR | Details: 2.3 Marla Shop Available For Rent"
dataset_zameen-property-scraper_2026-09-21_19-30-26-291_52980407,Faisalabad,rent,rental-commercial,80000 Sq Feet Warehouse Available For Rent With Wide Parking At FIEDMC,2590000,PKR,17.8,Kanal,0,4,"M3 Industrial City, Faisalabad",Ideal Warehouse 80000 Sqft Availabl,https://www.zameen.com/Property/faisalabad_m3_industrial_city_80000_sq_feet_warehouse_available_for_rent_with_wide_parking_at_fiedmc-52980407-17454-4.html,"City: Faisalabad | Type: rent rental-commercial | Title: 80000 Sq Feet Warehouse Available For Rent With Wide Parking At FIEDMC | Location: M3 Industrial City, Faisalabad | Beds: 0 | Baths: 4 | Price: 2590000 PKR | Details: Ideal Warehouse 80000 Sqft Availabl"
dataset_zameen-property-scraper_2026-09-21_19-30-26-291_53046214,Faisalabad,rent,rental-commercial,"Prime 30,000 Square Feet Warehouse Ample Parking M3-Industrial Zone, Faisalabad",850000,PKR,6.7,Kanal,0,2,"M3 Industrial City, Faisalabad","Discover an ideal 30,000 sq ft ware",https://www.zameen.com/Property/faisalabad_m3_industrial_city_prime_30_000_square_feet_warehouse_ample_parking_m3-industrial_zone_faisalabad-53046214-17454-4.html,"City: Faisalabad | Type: rent rental-commercial | Title: Prime 30,000 Square Feet Warehouse Ample Parking M3-Industrial Zone, Faisalabad | Location: M3 Industrial City, Faisalabad | Beds: 0 | Baths: 2 | Price: 850000 PKR | Details: Discover an ideal 30,000 sq ft ware"
dataset_zameen-property-scraper_2026-09-21_19-30-26-291_54638722,Faisalabad,rent,rental-commercial,Ready To Move Office Available For Rent At D Ground Faisalabad,90000,PKR,8.9,Marla,0,2,"D Ground, Faisalabad",You&#x27;ll stay in your rental property,https://www.zameen.com/Property/faisalabad_d_ground_ready_to_move_office_available_for_rent_at_d_ground_faisalabad-54638722-537-4.html,"City: Faisalabad | Type: rent rental-commercial | Title: Ready To Move Office Available For Rent At D Ground Faisalabad | Location: D Ground, Faisalabad | Beds: 0 | Baths: 2 | Price: 90000 PKR | Details: You&#x27;ll stay in your rental property"
dataset_zameen-property-scraper_2026-09-21_19-30-26-291_54706164,Faisalabad,rent,rental-commercial,1200 Square Feet Office Situated In Kohinoor City For Rent,120000,PKR,5.3,Marla,0,0,"Kohinoor City, Faisalabad","At a price of PKR Rs. 120000, this",https://www.zameen.com/Property/faisalabad_kohinoor_city_1200_square_feet_office_situated_in_kohinoor_city_for_rent-54706164-1360-4.html,"City: Faisalabad | Type: rent rental-commercial | Title: 1200 Square Feet Office Situated In Kohinoor City For Rent | Location: Kohinoor City, Faisalabad | Beds: 0 | Baths: 0 | Price: 120000 PKR | Details: At a price of PKR Rs. 120000, this"
dataset_zameen-property-scraper_2026-09-21_19-30-26-291_54771755,Faisalabad,rent,rental-commercial,4950 Square Feet Office For Rent In Kohinoor City,700000,PKR,1.1,Kanal,0,0,"Kohinoor City, Faisalabad",For a quality lifestyle in Kohinoor,https://www.zameen.com/Property/faisalabad_kohinoor_city_4950_square_feet_office_for_rent_in_kohinoor_city-54771755-1360-4.html,"City: Faisalabad | Type: rent rental-commercial | Title: 4950 Square Feet Office For Rent In Kohinoor City | Location: Kohinoor City, Faisalabad | Beds: 0 | Baths: 0 | Price: 700000 PKR | Details: For a quality lifestyle in Kohinoor"
dataset_zameen-property-scraper_2026-09-21_19-30-26-291_54447900,Faisalabad,rent,rental-commercial,2.2 Marla 3 Storey Plaza Available For Rent In Green Avenue Canal Road,250000,PKR,2.7,Marla,0,0,"Green Avenue Commercial, Canal Road",Bookings are open for the rental pr,https://www.zameen.com/Property/canal_road_green_avenue_commercial_2_2_marla_3_storey_plaza_available_for_rent_in_green_avenue_canal_road-54447900-22191-4.html,"City: Faisalabad | Type: rent rental-commercial | Title: 2.2 Marla 3 Storey Plaza Available For Rent In Green Avenue Canal Road | Location: Green Avenue Commercial, Canal Road | Beds: 0 | Baths: 0 | Price: 250000 PKR | Details: Bookings are open for the rental pr"
dataset_zameen-property-scraper_2026-09-21_19-30-26-291_53696226,Faisalabad,rent,rental-commercial,Ideal Office Available 2000 Square Feet Office Is Available In Kohinoor City,190000,PKR,8.9,Marla,0,3,"Kohinoor City, Faisalabad",What could possibly get more better,https://www.zameen.com/Property/faisalabad_kohinoor_city_ideal_office_available_2000_square_feet_office_is_available_in_kohinoor_city-53696226-1360-4.html,"City: Faisalabad | Type: rent rental-commercial | Title: Ideal Office Available 2000 Square Feet Office Is Available In Kohinoor City | Location: Kohinoor City, Faisalabad | Beds: 0 | Baths: 3 | Price: 190000 PKR | Details: What could possibly get more better"
dataset_zameen-property-scraper_2026-09-21_19-30-26-291_53696225,Faisalabad,rent,rental-commercial,Gorgeous 2000 Square Feet Office For Rent Available In Kohinoor City,120000,PKR,8.9,Marla,0,0,"Kohinoor City, Faisalabad",PKR Rs. 120000 is the best price fo,https://www.zameen.com/Property/faisalabad_kohinoor_city_gorgeous_2000_square_feet_office_for_rent_available_in_kohinoor_city-53696225-1360-4.html,"City: Faisalabad | Type: rent rental-commercial | Title: Gorgeous 2000 Square Feet Office For Rent Available In Kohinoor City | Location: Kohinoor City, Faisalabad | Beds: 0 | Baths: 0 | Price: 120000 PKR | Details: PKR Rs. 120000 is the best price fo"
dataset_zameen-property-scraper_2026-09-21_19-30-26-291_53913219,Faisalabad,rent,rental-commercial,Fully Furnished Office Available For Rent Best For Multinational Campines Etc,200000,PKR,11.1,Marla,0,3,"Kohinoor City, Faisalabad",VIP Offices Available For Rent At P,https://www.zameen.com/Property/faisalabad_kohinoor_city_fully_furnished_office_available_for_rent_best_for_multinational_campines_etc-53913219-1360-4.html,"City: Faisalabad | Type: rent rental-commercial | Title: Fully Furnished Office Available For Rent Best For Multinational Campines Etc | Location: Kohinoor City, Faisalabad | Beds: 0 | Baths: 3 | Price: 200000 PKR | Details: VIP Offices Available For Rent At P"
dataset_zameen-property-scraper_2026-09-21_19-30-26-291_53756006,Faisalabad,rent,rental-commercial,Fully Ready Office For Rent Best For Multinational Companies Etc,180000,PKR,8.9,Marla,0,3,"Kohinoor City, Faisalabad",VIP Ground Floor Available for Rent,https://www.zameen.com/Property/faisalabad_kohinoor_city_fully_ready_office_for_rent_best_for_multinational_companies_etc-53756006-1360-4.html,"City: Faisalabad | Type: rent rental-commercial | Title: Fully Ready Office For Rent Best For Multinational Companies Etc | Location: Kohinoor City, Faisalabad | Beds: 0 | Baths: 3 | Price: 180000 PKR | Details: VIP Ground Floor Available for Rent"
dataset_zameen-property-scraper_2026-09-21_19-30-26-291_53755913,Faisalabad,rent,rental-commercial,Ideal Location Available For Rent Best For Visa Consultancy Travel Agency Multinational Companies Etc,100000,PKR,4.9,Marla,0,2,"Kohinoor City, Faisalabad",VIP Ground Floor Available for Rent,https://www.zameen.com/Property/faisalabad_kohinoor_city_ideal_location_available_for_rent_best_for_visa_consultancy_travel_agency_multinational_companies_etc-53755913-1360-4.html,"City: Faisalabad | Type: rent rental-commercial | Title: Ideal Location Available For Rent Best For Visa Consultancy Travel Agency Multinational Companies Etc | Location: Kohinoor City, Faisalabad | Beds: 0 | Baths: 2 | Price: 100000 PKR | Details: VIP Ground Floor Available for Rent"
dataset_zameen-property-scraper_2026-09-21_19-31-26-595_54699969,Lahore,sale,flats,3 Bedroom Top Notch Apartments For Sale In ASKARI 11 - Prime Location.,41700000,PKR,2200.0,sqft,3,4,"Askari 11 - Sector D, Askari 11",- Danish Brothers & Developers Excl,https://www.zameen.com/Property/askari_11_askari_11_-_sector_d_3_bedroom_top_notch_apartments_for_sale_in_askari_11_-_prime_location-54699969-21437-1.html,"City: Lahore | Type: sale flats | Title: 3 Bedroom Top Notch Apartments For Sale In ASKARI 11 - Prime Location. | Location: Askari 11 - Sector D, Askari 11 | Beds: 3 | Baths: 4 | Price: 41700000 PKR | Details: - Danish Brothers & Developers Excl"
dataset_zameen-property-scraper_2026-09-21_19-31-26-595_54569900,Lahore,sale,flats,100% Original Pics Of Penta Square Fully Furnished 1 Bed Apartment (1203 Square Feet) For Sale In Tower A 13th Floor,39000000,PKR,1203.0,sqft,1,2,"Penta Square By DHA Lahore, DHA Phase 5",100% Original Pics of Penta Square,https://www.zameen.com/Property/dha_phase_5_penta_square_by_dha_lahore_100_original_pics_of_penta_square_fully_furnished_1_bed_apartment_1203_square_feet_for_sale_in_tower_a_13th_floor-54569900-11845-1.html,"City: Lahore | Type: sale flats | Title: 100% Original Pics Of Penta Square Fully Furnished 1 Bed Apartment (1203 Square Feet) For Sale In Tower A 13th Floor | Location: Penta Square By DHA Lahore, DHA Phase 5 | Beds: 1 | Baths: 2 | Price: 39000000 PKR | Details: 100% Original Pics of Penta Square"
dataset_zameen-property-scraper_2026-09-21_19-31-26-595_54766179,Lahore,sale,flats,1 Bed Ready To Move Apartment Available For Sale In Sector E Bahria Town Lahore,7000000,PKR,500.0,sqft,1,1,"Bahria Town - Sector E, Bahria Town","BAHRIA TOWN LAHORE

A modern, maste",https://www.zameen.com/Property/bahria_town_bahria_town_-_sector_e_1_bed_ready_to_move_apartment_available_for_sale_in_sector_e_bahria_town_lahore-54766179-1802-1.html,"City: Lahore | Type: sale flats | Title: 1 Bed Ready To Move Apartment Available For Sale In Sector E Bahria Town Lahore | Location: Bahria Town - Sector E, Bahria Town | Beds: 1 | Baths: 1 | Price: 7000000 PKR | Details: BAHRIA TOWN LAHORE

A modern, maste"
dataset_zameen-property-scraper_2026-09-21_19-31-26-595_54765530,Lahore,sale,flats,Beautiful 4 Bed Brand New Open View Apartment For Urgent Sale In Askari 10 Sec-G!,49500000,PKR,2925.0,sqft,4,4,"Askari 10, Askari","12 Marla 4 Bed Apartment:
. 4 Bedro",https://www.zameen.com/Property/askari_askari_10_beautiful_4_bed_brand_new_open_view_apartment_for_urgent_sale_in_askari_10_sec-g-54765530-1011-1.html,"City: Lahore | Type: sale flats | Title: Beautiful 4 Bed Brand New Open View Apartment For Urgent Sale In Askari 10 Sec-G! | Location: Askari 10, Askari | Beds: 4 | Baths: 4 | Price: 49500000 PKR | Details: 12 Marla 4 Bed Apartment:
. 4 Bedro"
dataset_zameen-property-scraper_2026-09-21_19-31-26-595_54215154,Lahore,sale,flats,Best Investment Opportunity | Brand New 12 Marla 4 Bedroom Apartment for Sale in Askari 12 Lahore,35000000,PKR,2700.0,sqft,4,5,"Askari 12, Askari",Looking for a perfect family home o,https://www.zameen.com/Property/askari_askari_12_best_investment_opportunity_brand_new_12_marla_4_bedroom_apartment_for_sale_in_askari_12_lahore-54215154-22537-1.html,"City: Lahore | Type: sale flats | Title: Best Investment Opportunity | Brand New 12 Marla 4 Bedroom Apartment for Sale in Askari 12 Lahore | Location: Askari 12, Askari | Beds: 4 | Baths: 5 | Price: 35000000 PKR | Details: Looking for a perfect family home o"
dataset_zameen-property-scraper_2026-09-21_19-31-26-595_54662937,Lahore,sale,flats,EXCLUSIVE 13 MARLA 5TH FLOOR APARTMENT FOR SALE IN ASKARI 12 | 4 BEDROOM FLAT,39000000,PKR,2925.0,sqft,4,5,"Askari 12, Askari","Askari 12 13 Marla Flat for Sale

D",https://www.zameen.com/Property/askari_askari_12_exclusive_13_marla_5th_floor_apartment_for_sale_in_askari_12_4_bedroom_flat-54662937-22537-1.html,"City: Lahore | Type: sale flats | Title: EXCLUSIVE 13 MARLA 5TH FLOOR APARTMENT FOR SALE IN ASKARI 12 | 4 BEDROOM FLAT | Location: Askari 12, Askari | Beds: 4 | Baths: 5 | Price: 39000000 PKR | Details: Askari 12 13 Marla Flat for Sale

D"
dataset_zameen-property-scraper_2026-09-21_19-31-26-595_54483086,Lahore,sale,flats,Special Building 11 Marla 3 Bed Flat Beside McDonald For Sale In Askari 11 Lahore,41500000,PKR,2475.0,sqft,3,4,"Askari 11 - Sector B Apartments, Askari 11",Special Building 11 Marla 3 Bed Fla,https://www.zameen.com/Property/askari_11_askari_11_-_sector_b_apartments_special_building_11_marla_3_bed_flat_beside_mcdonald_for_sale_in_askari_11_lahore-54483086-15703-1.html,"City: Lahore | Type: sale flats | Title: Special Building 11 Marla 3 Bed Flat Beside McDonald For Sale In Askari 11 Lahore | Location: Askari 11 - Sector B Apartments, Askari 11 | Beds: 3 | Baths: 4 | Price: 41500000 PKR | Details: Special Building 11 Marla 3 Bed Fla"
dataset_zameen-property-scraper_2026-09-21_19-31-26-595_row_7,Lahore,sale,flats,Studio And 1 Bed Apartments Are Available For Sale,6987000,PKR,398.0,sqft,1,1,"Marbella Drive Residency, Raiwind Road",Marbella Drive Residency Redefining,,"City: Lahore | Type: sale flats | Title: Studio And 1 Bed Apartments Are Available For Sale | Location: Marbella Drive Residency, Raiwind Road | Beds: 1 | Baths: 1 | Price: 6987000 PKR | Details: Marbella Drive Residency Redefining"
dataset_zameen-property-scraper_2026-09-21_19-31-26-595_54766063,Lahore,sale,flats,"2 Bed Ready To Move Luxury Apartment For Sale In Downtown Heights, Johar Town Lahore",20000000,PKR,1000.0,sqft,2,2,"Johar Town Phase 1 - Block D2, Johar Town Phase 1",2 Bed Ready to Move Luxury Apartmen,https://www.zameen.com/Property/johar_town_phase_1_johar_town_phase_1_-_block_d2_2_bed_ready_to_move_luxury_apartment_for_sale_in_downtown_heights_johar_town_lahore-54766063-3951-1.html,"City: Lahore | Type: sale flats | Title: 2 Bed Ready To Move Luxury Apartment For Sale In Downtown Heights, Johar Town Lahore | Location: Johar Town Phase 1 - Block D2, Johar Town Phase 1 | Beds: 2 | Baths: 2 | Price: 20000000 PKR | Details: 2 Bed Ready to Move Luxury Apartmen"
dataset_zameen-property-scraper_2026-09-21_19-31-26-595_54766731,Lahore,sale,flats,ONE BED LUXURIOUS APARTMENT FOR SALE AT PRIME LOCATION OF BAHRIA TOWN LAHORE,6500000,PKR,500.0,sqft,1,1,"Bahria Town - Sector C, Bahria Town",LAND VISTA OFFER A WIDE RANGE OF RE,https://www.zameen.com/Property/bahria_town_bahria_town_-_sector_c_one_bed_luxurious_apartment_for_sale_at_prime_location_of_bahria_town_lahore-54766731-1784-1.html,"City: Lahore | Type: sale flats | Title: ONE BED LUXURIOUS APARTMENT FOR SALE AT PRIME LOCATION OF BAHRIA TOWN LAHORE | Location: Bahria Town - Sector C, Bahria Town | Beds: 1 | Baths: 1 | Price: 6500000 PKR | Details: LAND VISTA OFFER A WIDE RANGE OF RE"
dataset_zameen-property-scraper_2026-09-21_19-31-26-595_54644497,Lahore,sale,flats,Superb View Furnished Luxurious 3 Beds Apartment For Sale In DHA Phase 5,74500000,PKR,2200.0,sqft,3,4,"Penta Square By DHA Lahore, DHA Phase 5",Superb View Furnished Luxurious 3 b,https://www.zameen.com/Property/dha_phase_5_penta_square_by_dha_lahore_superb_view_furnished_luxurious_3_beds_apartment_for_sale_in_dha_phase_5-54644497-11845-1.html,"City: Lahore | Type: sale flats | Title: Superb View Furnished Luxurious 3 Beds Apartment For Sale In DHA Phase 5 | Location: Penta Square By DHA Lahore, DHA Phase 5 | Beds: 3 | Baths: 4 | Price: 74500000 PKR | Details: Superb View Furnished Luxurious 3 b"
dataset_zameen-property-scraper_2026-09-21_19-31-26-595_54773252,Lahore,sale,flats,Studio Apartments Facing Fountain Park On Easy Installments Plan in Bahria Town Lahore,5900000,PKR,350.0,sqft,0,1,"Bahria Town - Sector E, Bahria Town",FOUNTAIN PARK DOWNTOWN BAHRIA TOWN,https://www.zameen.com/Property/bahria_town_bahria_town_-_sector_e_studio_apartments_facing_fountain_park_on_easy_installments_plan_in_bahria_town_lahore-54773252-1802-1.html,"City: Lahore | Type: sale flats | Title: Studio Apartments Facing Fountain Park On Easy Installments Plan in Bahria Town Lahore | Location: Bahria Town - Sector E, Bahria Town | Beds: 0 | Baths: 1 | Price: 5900000 PKR | Details: FOUNTAIN PARK DOWNTOWN BAHRIA TOWN"
dataset_zameen-property-scraper_2026-09-21_19-31-26-595_54591078,Lahore,sale,flats,Luxurious 5 Marla Flat Available For Sale At 1st Floor,6800000,PKR,1125.0,sqft,2,2,"Bahria Orchard Phase 4 - Block G5, Bahria Orchard Phase 4","Near To

Mosque
Park
Market
Main",https://www.zameen.com/Property/bahria_orchard_phase_4_bahria_orchard_phase_4_-_block_g5_luxurious_5_marla_flat_available_for_sale_at_1st_floor-54591078-15717-1.html,"City: Lahore | Type: sale flats | Title: Luxurious 5 Marla Flat Available For Sale At 1st Floor | Location: Bahria Orchard Phase 4 - Block G5, Bahria Orchard Phase 4 | Beds: 2 | Baths: 2 | Price: 6800000 PKR | Details: Near To

Mosque
Park
Market
Main"
dataset_zameen-property-scraper_2026-09-21_19-31-26-595_54738802,Lahore,sale,flats,2 Bedroom Apartment For Sale,26500000,PKR,954.0,sqft,2,3,"Zameen Opal, Land Breeze Housing Society",Premium Fully Furnished 2-Bed Apart,https://www.zameen.com/Property/land_breeze_housing_society_zameen_opal_2_bedroom_apartment_for_sale-54738802-12916-1.html,"City: Lahore | Type: sale flats | Title: 2 Bedroom Apartment For Sale | Location: Zameen Opal, Land Breeze Housing Society | Beds: 2 | Baths: 3 | Price: 26500000 PKR | Details: Premium Fully Furnished 2-Bed Apart"
dataset_zameen-property-scraper_2026-09-21_19-31-26-595_54677491,Lahore,sale,flats,4 Years Easy Installment 1 Bed Apartment for Sale in Clock Tower-1 Al-Kabir Town,6775000,PKR,445.0,sqft,1,1,"Raiwind Road, Lahore",1 Bed Apartment for Sale in Clock T,https://www.zameen.com/Property/lahore_raiwind_road_4_years_easy_installment_1_bed_apartment_for_sale_in_clock_tower-1_al-kabir_town-54677491-128-1.html,"City: Lahore | Type: sale flats | Title: 4 Years Easy Installment 1 Bed Apartment for Sale in Clock Tower-1 Al-Kabir Town | Location: Raiwind Road, Lahore | Beds: 1 | Baths: 1 | Price: 6775000 PKR | Details: 1 Bed Apartment for Sale in Clock T"
dataset_zameen-property-scraper_2026-09-21_19-31-26-595_1,Lahore,sale,flats,4 Year Installment Plan Studio Apartment For Sale In Clock Tower-1,4830000,PKR,322.0,sqft,0,1,"Al-Kabir Town - Phase 2, Al-Kabir Town",Premium Studio Apartment for Sale i,https://www.zameen.com/Property/al_kabir_town_al-kabir_town_-_phase_2_4_year_installment_plan_studio_apartment_for_sale_in_clock_tower-1-54677287-11704-1.html,"City: Lahore | Type: sale flats | Title: 4 Year Installment Plan Studio Apartment For Sale In Clock Tower-1 | Location: Al-Kabir Town - Phase 2, Al-Kabir Town | Beds: 0 | Baths: 1 | Price: 4830000 PKR | Details: Premium Studio Apartment for Sale i"
dataset_zameen-property-scraper_2026-09-21_19-31-26-595_54775063,Lahore,sale,flats,5 MARLA ICON HOMES TOWNHOMES | FULLY FURNISHED/SEMI FURNISHED G+2 FLOORS | PREMIUM LIVING LOW BUDGET HIGH RENTAL POTENTIAL,8000000,PKR,1075.0,sqft,2,2,"Raiwind Road, Lahore","Project Overview
ICON Homes by Icon",https://www.zameen.com/Property/lahore_raiwind_road_5_marla_icon_homes_townhomes_fully_furnished_semi_furnished_g_2_floors_premium_living_low_budget_high_rental_potential-54775063-128-1.html,"City: Lahore | Type: sale flats | Title: 5 MARLA ICON HOMES TOWNHOMES | FULLY FURNISHED/SEMI FURNISHED G+2 FLOORS | PREMIUM LIVING LOW BUDGET HIGH RENTAL POTENTIAL | Location: Raiwind Road, Lahore | Beds: 2 | Baths: 2 | Price: 8000000 PKR | Details: Project Overview
ICON Homes by Icon"
dataset_zameen-property-scraper_2026-09-21_19-31-26-595_54759031,Lahore,sale,flats,"1-Bed Beautiful Apartment For Sale At Skyline Mall, Al-Kabir Town Phase 2, Lahore",6000000,PKR,320.0,sqft,1,1,"Al-Kabir Town - Phase 2, Al-Kabir Town",1-Bed Beautiful Apartment for Sale,https://www.zameen.com/Property/al_kabir_town_al-kabir_town_-_phase_2_1-bed_beautiful_apartment_for_sale_at_skyline_mall_al-kabir_town_phase_2_lahore-54759031-11704-1.html,"City: Lahore | Type: sale flats | Title: 1-Bed Beautiful Apartment For Sale At Skyline Mall, Al-Kabir Town Phase 2, Lahore | Location: Al-Kabir Town - Phase 2, Al-Kabir Town | Beds: 1 | Baths: 1 | Price: 6000000 PKR | Details: 1-Bed Beautiful Apartment for Sale"
dataset_zameen-property-scraper_2026-09-21_19-31-26-595_54719859,Lahore,sale,flats,"Book Your Studio, One Bed Apartment In AL-Kabir Town 4-Years Installment Plan",4830000,PKR,322.0,sqft,0,1,"Al-Kabir Town - Phase 2, Al-Kabir Town",Premium Studio Apartment for Sale i,https://www.zameen.com/Property/al_kabir_town_al-kabir_town_-_phase_2_book_your_studio_one_bed_apartment_in_al-kabir_town_4-years_installment_plan-54719859-11704-1.html,"City: Lahore | Type: sale flats | Title: Book Your Studio, One Bed Apartment In AL-Kabir Town 4-Years Installment Plan | Location: Al-Kabir Town - Phase 2, Al-Kabir Town | Beds: 0 | Baths: 1 | Price: 4830000 PKR | Details: Premium Studio Apartment for Sale i"
dataset_zameen-property-scraper_2026-09-21_19-31-26-595_54719860,Lahore,sale,flats,"Book Your Studio, One Bed Apartment In AL-Kabir Town 4-Years Installment Plan",4830000,PKR,322.0,sqft,0,1,"Al-Kabir Town - Phase 2, Al-Kabir Town",Premium Studio Apartment For Sale I,https://www.zameen.com/Property/al_kabir_town_al-kabir_town_-_phase_2_book_your_studio_one_bed_apartment_in_al-kabir_town_4-years_installment_plan-54719860-11704-1.html,"City: Lahore | Type: sale flats | Title: Book Your Studio, One Bed Apartment In AL-Kabir Town 4-Years Installment Plan | Location: Al-Kabir Town - Phase 2, Al-Kabir Town | Beds: 0 | Baths: 1 | Price: 4830000 PKR | Details: Premium Studio Apartment For Sale I"
dataset_zameen-property-scraper_2026-09-21_19-31-26-595_54719903,Lahore,sale,flats,Highly-Coveted 538 Square Feet Flat Is Available In Amanah Residential Towers For Sale,8608000,PKR,538.0,sqft,0,1,"Amanah Residential Towers, Raiwind Road","Instalment 20% Down Payment 1,721,6",https://www.zameen.com/Property/raiwind_road_amanah_residential_towers_highly-coveted_538_square_feet_flat_is_available_in_amanah_residential_towers_for_sale-54719903-22312-1.html,"City: Lahore | Type: sale flats | Title: Highly-Coveted 538 Square Feet Flat Is Available In Amanah Residential Towers For Sale | Location: Amanah Residential Towers, Raiwind Road | Beds: 0 | Baths: 1 | Price: 8608000 PKR | Details: Instalment 20% Down Payment 1,721,6"
dataset_zameen-property-scraper_2026-09-21_19-31-26-595_54719904,Lahore,sale,flats,Highly-Coveted 538 Square Feet Flat Is Available In Amanah Residential Towers For Sale,8608000,PKR,538.0,sqft,0,1,"Amanah Residential Towers, Raiwind Road","Instalment 20% Down Payment 1,721,6",https://www.zameen.com/Property/raiwind_road_amanah_residential_towers_highly-coveted_538_square_feet_flat_is_available_in_amanah_residential_towers_for_sale-54719904-22312-1.html,"City: Lahore | Type: sale flats | Title: Highly-Coveted 538 Square Feet Flat Is Available In Amanah Residential Towers For Sale | Location: Amanah Residential Towers, Raiwind Road | Beds: 0 | Baths: 1 | Price: 8608000 PKR | Details: Instalment 20% Down Payment 1,721,6"
dataset_zameen-property-scraper_2026-09-21_19-31-26-595_54700625,Lahore,sale,flats,"10 Marla 3-Bedroom Shed Parking Apartment For Sale | Ground Floor | Askari 11 Sector B, Lahore Cantt",32500000,PKR,2250.0,sqft,3,3,"Askari 11 - Sector B Apartments, Askari 11",10 Marla 3-Bedroom Shed Parking Apa,https://www.zameen.com/Property/askari_11_askari_11_-_sector_b_apartments_10_marla_3-bedroom_shed_parking_apartment_for_sale_ground_floor_askari_11_sector_b_lahore_cantt-54700625-15703-1.html,"City: Lahore | Type: sale flats | Title: 10 Marla 3-Bedroom Shed Parking Apartment For Sale | Ground Floor | Askari 11 Sector B, Lahore Cantt | Location: Askari 11 - Sector B Apartments, Askari 11 | Beds: 3 | Baths: 3 | Price: 32500000 PKR | Details: 10 Marla 3-Bedroom Shed Parking Apa"
dataset_zameen-property-scraper_2026-09-21_19-31-26-595_54700628,Lahore,sale,flats,"10 Marla 3-Bedroom Small Lounge Apartment for Sale | 1st Floor | Askari 11 Sector B, Lahore Cantt",31000000,PKR,2250.0,sqft,3,3,"Askari 11 - Sector B Apartments, Askari 11",10 Marla 3-Bedroom Small Lounge Apa,https://www.zameen.com/Property/askari_11_askari_11_-_sector_b_apartments_10_marla_3-bedroom_small_lounge_apartment_for_sale_1st_floor_askari_11_sector_b_lahore_cantt-54700628-15703-1.html,"City: Lahore | Type: sale flats | Title: 10 Marla 3-Bedroom Small Lounge Apartment for Sale | 1st Floor | Askari 11 Sector B, Lahore Cantt | Location: Askari 11 - Sector B Apartments, Askari 11 | Beds: 3 | Baths: 3 | Price: 31000000 PKR | Details: 10 Marla 3-Bedroom Small Lounge Apa"
dataset_zameen-property-scraper_2026-09-21_19-31-26-595_54700631,Lahore,sale,flats,"10 Marla 3-Bedroom Wide Lounge Apartment For Sale | 5th Floor | Askari 11 Sector B, Lahore Cantt",30000000,PKR,2250.0,sqft,3,3,"Askari 11 - Sector B Apartments, Askari 11",10 Marla 3-Bedroom Wide Lounge Apar,https://www.zameen.com/Property/askari_11_askari_11_-_sector_b_apartments_10_marla_3-bedroom_wide_lounge_apartment_for_sale_5th_floor_askari_11_sector_b_lahore_cantt-54700631-15703-1.html,"City: Lahore | Type: sale flats | Title: 10 Marla 3-Bedroom Wide Lounge Apartment For Sale | 5th Floor | Askari 11 Sector B, Lahore Cantt | Location: Askari 11 - Sector B Apartments, Askari 11 | Beds: 3 | Baths: 3 | Price: 30000000 PKR | Details: 10 Marla 3-Bedroom Wide Lounge Apar"
dataset_zameen-property-scraper_2026-09-21_19-32-40-953_54695417,Lahore,sale,plots,l Direct Approach Hot Location Plot Near Oval - Block E DHA Phase 9 Prism,24500000,PKR,1.0,Kanal,0,0,"DHA Phase 9 Prism - Block E, DHA Phase 9 Prism",Prime investment opportunity in DHA,https://www.zameen.com/Property/dha_phase_9_prism_dha_phase_9_prism_-_block_e_l_direct_approach_hot_location_plot_near_oval_-_block_e_dha_phase_9_prism-54695417-9264-2.html,"City: Lahore | Type: sale plots | Title: l Direct Approach Hot Location Plot Near Oval - Block E DHA Phase 9 Prism | Location: DHA Phase 9 Prism - Block E, DHA Phase 9 Prism | Beds: 0 | Baths: 0 | Price: 24500000 PKR | Details: Prime investment opportunity in DHA"
dataset_zameen-property-scraper_2026-09-21_19-32-40-953_54657089,Lahore,sale,plots,2 Kanal Plot For Sale: Hot Location,44000000,PKR,2.0,Kanal,0,0,"DHA Phase 9 Prism, DHA Defence",2 Kanal Residential Plot for Sale i,https://www.zameen.com/Property/dha_defence_dha_phase_9_prism_2_kanal_plot_for_sale_hot_location-54657089-8431-2.html,"City: Lahore | Type: sale plots | Title: 2 Kanal Plot For Sale: Hot Location | Location: DHA Phase 9 Prism, DHA Defence | Beds: 0 | Baths: 0 | Price: 44000000 PKR | Details: 2 Kanal Residential Plot for Sale i"
dataset_zameen-property-scraper_2026-09-21_19-32-40-953_54735010,Lahore,sale,plots,LDA City Lahore Iqbal Sector | 5 Marla Open Files Available | Ready To Transfe,3125000,PKR,5.0,Marla,0,0,"LDA City Phase 1 - Iqbal Sector, LDA City Phase 1",LDA City Lahore Iqbal Sector offers,https://www.zameen.com/Property/lda_city_phase_1_lda_city_phase_1_-_iqbal_sector_lda_city_lahore_iqbal_sector_5_marla_open_files_available_ready_to_transfe-54735010-18607-2.html,"City: Lahore | Type: sale plots | Title: LDA City Lahore Iqbal Sector | 5 Marla Open Files Available | Ready To Transfe | Location: LDA City Phase 1 - Iqbal Sector, LDA City Phase 1 | Beds: 0 | Baths: 0 | Price: 3125000 PKR | Details: LDA City Lahore Iqbal Sector offers"
dataset_zameen-property-scraper_2026-09-21_19-32-40-953_54740764,Lahore,sale,plots,DHA Phase 7 21.5 Marla Corner Plot,57500000,PKR,1.1,Kanal,0,0,"DHA Phase 7, DHA Defence",Here is a polished real-estate adve,https://www.zameen.com/Property/dha_defence_dha_phase_7_dha_phase_7_21_5_marla_corner_plot-54740764-1450-2.html,"City: Lahore | Type: sale plots | Title: DHA Phase 7 21.5 Marla Corner Plot | Location: DHA Phase 7, DHA Defence | Beds: 0 | Baths: 0 | Price: 57500000 PKR | Details: Here is a polished real-estate adve"
dataset_zameen-property-scraper_2026-09-21_19-32-40-953_54664304,Lahore,sale,plots,8 Marla Commercial Plot File For Sale DHA Phase 6 A Block,300000000,PKR,8.0,Marla,0,0,"DHA Phase 6 - Block A, DHA Phase 6",8 Marla commercial plot available f,https://www.zameen.com/Property/dha_phase_6_dha_phase_6_-_block_a_8_marla_commercial_plot_file_for_sale_dha_phase_6_a_block-54664304-1610-2.html,"City: Lahore | Type: sale plots | Title: 8 Marla Commercial Plot File For Sale DHA Phase 6 A Block | Location: DHA Phase 6 - Block A, DHA Phase 6 | Beds: 0 | Baths: 0 | Price: 300000000 PKR | Details: 8 Marla commercial plot available f"
dataset_zameen-property-scraper_2026-09-21_19-32-40-953_54746390,Lahore,sale,plots,One kanal plot for sale main 100 ft Road,27500000,PKR,1.0,Kanal,0,0,"AWT Phase 2, AWT Army Welfare Trust",If you want to live in environment,https://www.zameen.com/Property/awt_army_welfare_trust_awt_phase_2_one_kanal_plot_for_sale_main_100_ft_road-54746390-3581-2.html,"City: Lahore | Type: sale plots | Title: One kanal plot for sale main 100 ft Road | Location: AWT Phase 2, AWT Army Welfare Trust | Beds: 0 | Baths: 0 | Price: 27500000 PKR | Details: If you want to live in environment"
dataset_zameen-property-scraper_2026-09-21_19-32-40-953_54613227,Lahore,sale,plots,Prime 5 Marla Corner Plot in LDA City N Block,5100000,PKR,5.0,Marla,0,0,"LDA City Phase 1 - Block N, LDA City Phase 1 - Jinnah Sector",Secure A 5 Marla Plot In Block N Of,https://www.zameen.com/Property/lda_city_phase_1_jinnah_sector_lda_city_phase_1_-_block_n_prime_5_marla_corner_plot_in_lda_city_n_block-54613227-15834-2.html,"City: Lahore | Type: sale plots | Title: Prime 5 Marla Corner Plot in LDA City N Block | Location: LDA City Phase 1 - Block N, LDA City Phase 1 - Jinnah Sector | Beds: 0 | Baths: 0 | Price: 5100000 PKR | Details: Secure A 5 Marla Plot In Block N Of"
dataset_zameen-property-scraper_2026-09-21_19-32-40-953_54670158,Lahore,sale,plots,1 Kanal Residential Plot Near To 70ft Road For Sale In DHA Phase 7 Block-Z2,28000000,PKR,1.0,Kanal,0,0,"DHA Phase 7 - Block Z2, DHA Phase 7",**Prime 1 Kanal Plot Near To 70ft R,https://www.zameen.com/Property/dha_phase_7_dha_phase_7_-_block_z2_1_kanal_residential_plot_near_to_70ft_road_for_sale_in_dha_phase_7_block-z2-54670158-8505-2.html,"City: Lahore | Type: sale plots | Title: 1 Kanal Residential Plot Near To 70ft Road For Sale In DHA Phase 7 Block-Z2 | Location: DHA Phase 7 - Block Z2, DHA Phase 7 | Beds: 0 | Baths: 0 | Price: 28000000 PKR | Details: **Prime 1 Kanal Plot Near To 70ft R"
dataset_zameen-property-scraper_2026-09-21_19-32-40-953_54600687,Lahore,sale,plots,5 Marla DHA Phase 9 Prism Allocation File | Excellent Opportunity Before Balloting,4500000,PKR,5.0,Marla,0,0,"DHA Phase 9 Prism, DHA Defence",A great opportunity to secure a 5 M,https://www.zameen.com/Property/dha_defence_dha_phase_9_prism_5_marla_dha_phase_9_prism_allocation_file_excellent_opportunity_before_balloting-54600687-8431-2.html,"City: Lahore | Type: sale plots | Title: 5 Marla DHA Phase 9 Prism Allocation File | Excellent Opportunity Before Balloting | Location: DHA Phase 9 Prism, DHA Defence | Beds: 0 | Baths: 0 | Price: 4500000 PKR | Details: A great opportunity to secure a 5 M"
dataset_zameen-property-scraper_2026-09-21_19-32-40-953_54380836,Lahore,sale,plots,24 Marla Residential Plot For Sale,22000000,PKR,1.2,Kanal,0,0,"Atomic Energy Society - PAEC, Lahore","24 Marla plot 
all dues paid 
extra",https://www.zameen.com/Property/lahore_atomic_energy_society_-_paec_24_marla_residential_plot_for_sale-54380836-3091-2.html,"City: Lahore | Type: sale plots | Title: 24 Marla Residential Plot For Sale | Location: Atomic Energy Society - PAEC, Lahore | Beds: 0 | Baths: 0 | Price: 22000000 PKR | Details: 24 Marla plot 
all dues paid 
extra"
dataset_zameen-property-scraper_2026-09-21_19-32-40-953_54745313,Lahore,sale,plots,"1 Kanal Direct Approach Plot Near 35 Kanal Park & Mosque - Block F, DHA Phase 9 Prism",31500000,PKR,1.0,Kanal,0,0,"DHA Phase 9 Prism - Block F, DHA Phase 9 Prism",Prime 1 Kanal Residential Plot Idea,https://www.zameen.com/Property/dha_phase_9_prism_dha_phase_9_prism_-_block_f_1_kanal_direct_approach_plot_near_35_kanal_park_mosque_-_block_f_dha_phase_9_prism-54745313-9260-2.html,"City: Lahore | Type: sale plots | Title: 1 Kanal Direct Approach Plot Near 35 Kanal Park & Mosque - Block F, DHA Phase 9 Prism | Location: DHA Phase 9 Prism - Block F, DHA Phase 9 Prism | Beds: 0 | Baths: 0 | Price: 31500000 PKR | Details: Prime 1 Kanal Residential Plot Idea"
dataset_zameen-property-scraper_2026-09-21_19-32-40-953_54690370,Lahore,sale,plots,Sector D | Direct Approach | Near Park & Mosque,26500000,PKR,1.0,Kanal,0,0,"DHA Phase 9 Prism - Block D, DHA Phase 9 Prism","CHEAPEST PRICE
PRIME LOCATION
OWNER",https://www.zameen.com/Property/dha_phase_9_prism_dha_phase_9_prism_-_block_d_sector_d_direct_approach_near_park_mosque-54690370-9265-2.html,"City: Lahore | Type: sale plots | Title: Sector D | Direct Approach | Near Park & Mosque | Location: DHA Phase 9 Prism - Block D, DHA Phase 9 Prism | Beds: 0 | Baths: 0 | Price: 26500000 PKR | Details: CHEAPEST PRICE
PRIME LOCATION
OWNER"
dataset_zameen-property-scraper_2026-09-21_19-32-40-953_54519936,Lahore,sale,plots,"Bahria Orchard Plot No 683/12#D Near Market, Mosque And Parks",9100000,PKR,8.0,Marla,0,0,"Low Cost - Block D, Low Cost Sector","Good Location Plot
All Dues Clear
O",https://www.zameen.com/Property/low_cost_sector_low_cost_-_block_d_bahria_orchard_plot_no_683_12_d_near_market_mosque_and_parks-54519936-8189-2.html,"City: Lahore | Type: sale plots | Title: Bahria Orchard Plot No 683/12#D Near Market, Mosque And Parks | Location: Low Cost - Block D, Low Cost Sector | Beds: 0 | Baths: 0 | Price: 9100000 PKR | Details: Good Location Plot
All Dues Clear
O"
dataset_zameen-property-scraper_2026-09-21_19-32-40-953_54419751,Lahore,sale,plots,One Kanal Plot For Sale In Fazaia Phase1,39500000,PKR,1.0,Kanal,0,0,"Fazaia Housing Scheme Phase 1, Fazaia Housing Scheme",20 Marla plot for sale in Fazaia ph,https://www.zameen.com/Property/fazaia_housing_scheme_fazaia_housing_scheme_phase_1_one_kanal_plot_for_sale_in_fazaia_phase1-54419751-9238-2.html,"City: Lahore | Type: sale plots | Title: One Kanal Plot For Sale In Fazaia Phase1 | Location: Fazaia Housing Scheme Phase 1, Fazaia Housing Scheme | Beds: 0 | Baths: 0 | Price: 39500000 PKR | Details: 20 Marla plot for sale in Fazaia ph"
dataset_zameen-property-scraper_2026-09-21_19-32-40-953_54392924,Lahore,sale,plots,10 Marla Plot For Sale In Fazaia Phase 1. Facing Park Plot For Sale.,24500000,PKR,10.0,Marla,0,0,"Fazaia Housing Scheme Phase 1, Fazaia Housing Scheme","Prime 10, 20 & 32 Marla plots avail",https://www.zameen.com/Property/fazaia_housing_scheme_fazaia_housing_scheme_phase_1_10_marla_plot_for_sale_in_fazaia_phase_1_facing_park_plot_for_sale-54392924-9238-2.html,"City: Lahore | Type: sale plots | Title: 10 Marla Plot For Sale In Fazaia Phase 1. Facing Park Plot For Sale. | Location: Fazaia Housing Scheme Phase 1, Fazaia Housing Scheme | Beds: 0 | Baths: 0 | Price: 24500000 PKR | Details: Prime 10, 20 & 32 Marla plots avail"
dataset_zameen-property-scraper_2026-09-21_19-32-40-953_54518857,Lahore,sale,plots,1 Kanal Plot For Sale In Fazaia Phase 1.,35000000,PKR,1.0,Kanal,0,0,"Fazaia Housing Scheme Phase 1, Fazaia Housing Scheme","Prime 5, 7,10 & 20 Marla Plots Avai",https://www.zameen.com/Property/fazaia_housing_scheme_fazaia_housing_scheme_phase_1_1_kanal_plot_for_sale_in_fazaia_phase_1-54518857-9238-2.html,"City: Lahore | Type: sale plots | Title: 1 Kanal Plot For Sale In Fazaia Phase 1. | Location: Fazaia Housing Scheme Phase 1, Fazaia Housing Scheme | Beds: 0 | Baths: 0 | Price: 35000000 PKR | Details: Prime 5, 7,10 & 20 Marla Plots Avai"
dataset_zameen-property-scraper_2026-09-21_19-32-40-953_54518894,Lahore,sale,plots,10 Marla Plot For Sale In Fazaia Phase 2. Facing Park Plot In A Block.,9500000,PKR,10.0,Marla,0,0,"Fazaia Housing Scheme Phase 2, Fazaia Housing Scheme","Prime 5, 7,10 & 20 Marla Plots Avai",https://www.zameen.com/Property/fazaia_housing_scheme_fazaia_housing_scheme_phase_2_10_marla_plot_for_sale_in_fazaia_phase_2_facing_park_plot_in_a_block-54518894-9148-2.html,"City: Lahore | Type: sale plots | Title: 10 Marla Plot For Sale In Fazaia Phase 2. Facing Park Plot In A Block. | Location: Fazaia Housing Scheme Phase 2, Fazaia Housing Scheme | Beds: 0 | Baths: 0 | Price: 9500000 PKR | Details: Prime 5, 7,10 & 20 Marla Plots Avai"
dataset_zameen-property-scraper_2026-09-21_19-32-40-953_54726492,Lahore,sale,plots,"1 Kanal Possession Plot For Sale | Direct Approach, 80ft Road Back, | DHA Phase 9 Prism, Block A",32000000,PKR,1.0,Kanal,0,0,"DHA Phase 9 Prism - Block A, DHA Phase 9 Prism",1 Kanal Plot For Sale | Direct Appr,https://www.zameen.com/Property/dha_phase_9_prism_dha_phase_9_prism_-_block_a_1_kanal_possession_plot_for_sale_direct_approach_80ft_road_back_dha_phase_9_prism_block_a-54726492-9268-2.html,"City: Lahore | Type: sale plots | Title: 1 Kanal Possession Plot For Sale | Direct Approach, 80ft Road Back, | DHA Phase 9 Prism, Block A | Location: DHA Phase 9 Prism - Block A, DHA Phase 9 Prism | Beds: 0 | Baths: 0 | Price: 32000000 PKR | Details: 1 Kanal Plot For Sale | Direct Appr"
dataset_zameen-property-scraper_2026-09-21_19-32-40-953_54756636,Lahore,sale,plots,"1 Kanal Plot For Sale | Back Of 80 Feet Road, Near Park And Mosque",29500000,PKR,1.0,Kanal,0,0,"DHA Phase 9 Prism - Block F, DHA Phase 9 Prism",1 Kanal Plot for Sale | Back of 80,https://www.zameen.com/Property/dha_phase_9_prism_dha_phase_9_prism_-_block_f_1_kanal_plot_for_sale_back_of_80_feet_road_near_park_and_mosque-54756636-9260-2.html,"City: Lahore | Type: sale plots | Title: 1 Kanal Plot For Sale | Back Of 80 Feet Road, Near Park And Mosque | Location: DHA Phase 9 Prism - Block F, DHA Phase 9 Prism | Beds: 0 | Baths: 0 | Price: 29500000 PKR | Details: 1 Kanal Plot for Sale | Back of 80"
dataset_zameen-property-scraper_2026-09-21_19-32-40-953_54726498,Lahore,sale,plots,"1 Kanal Plot for Sale | Near to Theme Park, Direct Approach | DHA Phase 9 Prism, Block Q",29600000,PKR,1.0,Kanal,0,0,"DHA Phase 9 Prism - Block Q, DHA Phase 9 Prism",1 Kanal Plot for Sale | Near to The,https://www.zameen.com/Property/dha_phase_9_prism_dha_phase_9_prism_-_block_q_1_kanal_plot_for_sale_near_to_theme_park_direct_approach_dha_phase_9_prism_block_q-54726498-9270-2.html,"City: Lahore | Type: sale plots | Title: 1 Kanal Plot for Sale | Near to Theme Park, Direct Approach | DHA Phase 9 Prism, Block Q | Location: DHA Phase 9 Prism - Block Q, DHA Phase 9 Prism | Beds: 0 | Baths: 0 | Price: 29600000 PKR | Details: 1 Kanal Plot for Sale | Near to The"
dataset_zameen-property-scraper_2026-09-21_19-32-40-953_54641066,Lahore,sale,plots,Top Location Direct Approach To Main | Near 35 Kanal Park And Mosque,35000000,PKR,1.0,Kanal,0,0,"DHA Phase 9 Prism - Block G, DHA Phase 9 Prism",For Sale: 1 Kanal Residential Plot,https://www.zameen.com/Property/dha_phase_9_prism_dha_phase_9_prism_-_block_g_top_location_direct_approach_to_main_near_35_kanal_park_and_mosque-54641066-9258-2.html,"City: Lahore | Type: sale plots | Title: Top Location Direct Approach To Main | Near 35 Kanal Park And Mosque | Location: DHA Phase 9 Prism - Block G, DHA Phase 9 Prism | Beds: 0 | Baths: 0 | Price: 35000000 PKR | Details: For Sale: 1 Kanal Residential Plot"
dataset_zameen-property-scraper_2026-09-21_19-32-40-953_54445038,Lahore,sale,plots,One Kanal Plot For Sale,22500000,PKR,1.0,Kanal,0,0,"AWT Phase 2, AWT Army Welfare Trust",If You Want To Live In Environment,https://www.zameen.com/Property/awt_army_welfare_trust_awt_phase_2_one_kanal_plot_for_sale-54445038-3581-2.html,"City: Lahore | Type: sale plots | Title: One Kanal Plot For Sale | Location: AWT Phase 2, AWT Army Welfare Trust | Beds: 0 | Baths: 0 | Price: 22500000 PKR | Details: If You Want To Live In Environment"
dataset_zameen-property-scraper_2026-09-21_19-32-40-953_54486701,Lahore,sale,plots,10 Marla Plot For Sale In Fazaia Phase 1. G Block,21500000,PKR,10.0,Marla,0,0,"Fazaia Housing Scheme Phase 1, Fazaia Housing Scheme","Prime 10, 20 & 32 Marla plots avail",https://www.zameen.com/Property/fazaia_housing_scheme_fazaia_housing_scheme_phase_1_10_marla_plot_for_sale_in_fazaia_phase_1_g_block-54486701-9238-2.html,"City: Lahore | Type: sale plots | Title: 10 Marla Plot For Sale In Fazaia Phase 1. G Block | Location: Fazaia Housing Scheme Phase 1, Fazaia Housing Scheme | Beds: 0 | Baths: 0 | Price: 21500000 PKR | Details: Prime 10, 20 & 32 Marla plots avail"
dataset_zameen-property-scraper_2026-09-21_19-32-40-953_54770724,Lahore,sale,plots,1 Kanal Residential Plot for Sale at a Prime Location In DHA Phase 7-Block X,45000000,PKR,1.0,Kanal,0,0,"DHA Phase 7 - Block X, DHA Phase 7",GoodLinks Premium Inventory Details,https://www.zameen.com/Property/dha_phase_7_dha_phase_7_-_block_x_1_kanal_residential_plot_for_sale_at_a_prime_location_in_dha_phase_7-block_x-54770724-1631-2.html,"City: Lahore | Type: sale plots | Title: 1 Kanal Residential Plot for Sale at a Prime Location In DHA Phase 7-Block X | Location: DHA Phase 7 - Block X, DHA Phase 7 | Beds: 0 | Baths: 0 | Price: 45000000 PKR | Details: GoodLinks Premium Inventory Details"
dataset_zameen-property-scraper_2026-09-21_19-32-40-953_54764888,Lahore,sale,plots,Get In Touch Now To Buy A 1 Kanal Residential Plot In DHA Phase 7 - Block U,87500000,PKR,1.0,Kanal,0,0,"DHA Phase 7 - Block U, DHA Phase 7",GoodLinks Premium Inventory Details,https://www.zameen.com/Property/dha_phase_7_dha_phase_7_-_block_u_get_in_touch_now_to_buy_a_1_kanal_residential_plot_in_dha_phase_7_-_block_u-54764888-1628-2.html,"City: Lahore | Type: sale plots | Title: Get In Touch Now To Buy A 1 Kanal Residential Plot In DHA Phase 7 - Block U | Location: DHA Phase 7 - Block U, DHA Phase 7 | Beds: 0 | Baths: 0 | Price: 87500000 PKR | Details: GoodLinks Premium Inventory Details"
dataset_zameen-property-scraper_2026-09-21_19-33-59-051_54683645,Lahore,sale,commercial-sale,"DHA Phase 2 Lalik Jan Chowk | Commercial Building For Sale 4 Marla Commercial Building Rented To Soneri Bank Monthly Rental Income: PKR 5.10 Lac Lalik Jan Chowk, DHA Phase 2 Lahore Huge Parking Space Available Top-Of-The-Line Location Excellent Investment Opportunity Direct & Serious Buyers Only",145000000,PKR,4.0,Marla,0,0,"DHA Phase 2, DHA Defence",**DHA Phase 2 Lalik Jan Chowk | Com,https://www.zameen.com/Property/dha_defence_dha_phase_2_dha_phase_2_lalik_jan_chowk_commercial_building_for_sale_4_marla_commercial_building_rented_to_soneri_bank_monthly_rental_income_pkr_5_10_lac_lalik_jan_chowk_dha_phase_2_lahore_huge_parking_space_available_top-of-the-line_location_excellent_investment_opportunity_direct_serious_buyers_only-54683645-1444-3.html,"City: Lahore | Type: sale commercial-sale | Title: DHA Phase 2 Lalik Jan Chowk | Commercial Building For Sale 4 Marla Commercial Building Rented To Soneri Bank Monthly Rental Income: PKR 5.10 Lac Lalik Jan Chowk, DHA Phase 2 Lahore Huge Parking Space Available Top-Of-The-Line Location Excellent Investment Opportunity Direct & Serious Buyers Only | Location: DHA Phase 2, DHA Defence | Beds: 0 | Baths: 0 | Price: 145000000 PKR | Details: **DHA Phase 2 Lalik Jan Chowk | Com"
dataset_zameen-property-scraper_2026-09-21_19-33-59-051_54668887,Lahore,sale,commercial-sale,8 Marla Rare Commercial Building For Sale | 200 Ft Road | 15 Lac Monthly Rental Income,420000000,PKR,8.0,Marla,5,6,"DHA Phase 8 - Commercial Broadway, DHA Phase 8",8 Marla Rare Commercial Building Fo,https://www.zameen.com/Property/dha_phase_8_dha_phase_8_-_commercial_broadway_8_marla_rare_commercial_building_for_sale_200_ft_road_15_lac_monthly_rental_income-54668887-8268-3.html,"City: Lahore | Type: sale commercial-sale | Title: 8 Marla Rare Commercial Building For Sale | 200 Ft Road | 15 Lac Monthly Rental Income | Location: DHA Phase 8 - Commercial Broadway, DHA Phase 8 | Beds: 5 | Baths: 6 | Price: 420000000 PKR | Details: 8 Marla Rare Commercial Building Fo"
dataset_zameen-property-scraper_2026-09-21_19-33-59-051_53466902,Lahore,sale,commercial-sale,Main Khayaban-E-Jinnah 8 Marla Plaza Guaranteed Rental Incoming 19 Lac,475000000,PKR,8.0,Marla,0,0,"DHA Phase 5 - CCA Block, DHA Phase 5",8 Marla Commercial Plaza for Sale M,https://www.zameen.com/Property/dha_phase_5_dha_phase_5_-_cca_block_main_khayaban-e-jinnah_8_marla_plaza_guaranteed_rental_incoming_19_lac-53466902-1657-3.html,"City: Lahore | Type: sale commercial-sale | Title: Main Khayaban-E-Jinnah 8 Marla Plaza Guaranteed Rental Incoming 19 Lac | Location: DHA Phase 5 - CCA Block, DHA Phase 5 | Beds: 0 | Baths: 0 | Price: 475000000 PKR | Details: 8 Marla Commercial Plaza for Sale M"
dataset_zameen-property-scraper_2026-09-21_19-33-59-051_52623850,Lahore,sale,commercial-sale,6 Marla Commercial Rented Building Monthly Rent 5 Lakh Available For Sale Golden Chance For Future Investment In DHA Phase 1 M Block,127500000,PKR,6.0,Marla,0,0,"DHA Phase 1 - Block M, DHA Phase 1",6 Marla Commercial Rented Building,https://www.zameen.com/Property/dha_phase_1_dha_phase_1_-_block_m_6_marla_commercial_rented_building_monthly_rent_5_lakh_available_for_sale_golden_chance_for_future_investment_in_dha_phase_1_m_block-52623850-1653-3.html,"City: Lahore | Type: sale commercial-sale | Title: 6 Marla Commercial Rented Building Monthly Rent 5 Lakh Available For Sale Golden Chance For Future Investment In DHA Phase 1 M Block | Location: DHA Phase 1 - Block M, DHA Phase 1 | Beds: 0 | Baths: 0 | Price: 127500000 PKR | Details: 6 Marla Commercial Rented Building"
dataset_zameen-property-scraper_2026-09-21_19-33-59-051_54749407,Lahore,sale,commercial-sale,"DHA Phase 1, Block K, 4 Marla Commercial CORNER Plaza",75000000,PKR,4.0,Marla,0,0,"DHA Phase 1, DHA Defence","DHA Phase 1, Block K, 4 Marla Comme",https://www.zameen.com/Property/dha_defence_dha_phase_1_dha_phase_1_block_k_4_marla_commercial_corner_plaza-54749407-1442-3.html,"City: Lahore | Type: sale commercial-sale | Title: DHA Phase 1, Block K, 4 Marla Commercial CORNER Plaza | Location: DHA Phase 1, DHA Defence | Beds: 0 | Baths: 0 | Price: 75000000 PKR | Details: DHA Phase 1, Block K, 4 Marla Comme"
dataset_zameen-property-scraper_2026-09-21_19-33-59-051_54648662,Lahore,sale,commercial-sale,"19 Lac Monthly Rental Income | 8 Marla Main Road CCA Commercial Building | Banks, Top Brands & Food Chains Nearby | DHA Phase 5 Lahore",450000000,PKR,8.0,Marla,0,7,"DHA Phase 5 - CCA Block, DHA Phase 5",8 Marla Commercial Building for Sal,https://www.zameen.com/Property/dha_phase_5_dha_phase_5_-_cca_block_19_lac_monthly_rental_income_8_marla_main_road_cca_commercial_building_banks_top_brands_food_chains_nearby_dha_phase_5_lahore-54648662-1657-3.html,"City: Lahore | Type: sale commercial-sale | Title: 19 Lac Monthly Rental Income | 8 Marla Main Road CCA Commercial Building | Banks, Top Brands & Food Chains Nearby | DHA Phase 5 Lahore | Location: DHA Phase 5 - CCA Block, DHA Phase 5 | Beds: 0 | Baths: 7 | Price: 450000000 PKR | Details: 8 Marla Commercial Building for Sal"
dataset_zameen-property-scraper_2026-09-21_19-33-59-051_54744961,Lahore,sale,commercial-sale,8 Marla Commercial Building For Sale DHA Phase 5 Main Boulevard,550000000,PKR,8.0,Marla,0,0,"DHA Phase 5 - CCA Block, DHA Phase 5",Prime 8 Marla Commercial Property F,https://www.zameen.com/Property/dha_phase_5_dha_phase_5_-_cca_block_8_marla_commercial_building_for_sale_dha_phase_5_main_boulevard-54744961-1657-3.html,"City: Lahore | Type: sale commercial-sale | Title: 8 Marla Commercial Building For Sale DHA Phase 5 Main Boulevard | Location: DHA Phase 5 - CCA Block, DHA Phase 5 | Beds: 0 | Baths: 0 | Price: 550000000 PKR | Details: Prime 8 Marla Commercial Property F"
dataset_zameen-property-scraper_2026-09-21_19-33-59-051_54696976,Lahore,sale,commercial-sale,Office For Sale In Johar Town Lahore Facing Global Village | Easy Installments,10300000,PKR,2.1,Marla,0,1,"Johar Town, Lahore",Prime Location Office for Sale Joha,https://www.zameen.com/Property/lahore_johar_town_office_for_sale_in_johar_town_lahore_facing_global_village_easy_installments-54696976-93-3.html,"City: Lahore | Type: sale commercial-sale | Title: Office For Sale In Johar Town Lahore Facing Global Village | Easy Installments | Location: Johar Town, Lahore | Beds: 0 | Baths: 1 | Price: 10300000 PKR | Details: Prime Location Office for Sale Joha"
dataset_zameen-property-scraper_2026-09-21_19-33-59-051_54693222,Lahore,sale,commercial-sale,Office Of 1183 Square Feet In Gulberg City Centre Is Available,25000000,PKR,5.3,Marla,0,0,"Gulberg City Centre, Main Boulevard Gulberg",Ideal 1183 Square Feet Property Is,https://www.zameen.com/Property/main_boulevard_gulberg_gulberg_city_centre_office_of_1183_square_feet_in_gulberg_city_centre_is_available-54693222-17776-3.html,"City: Lahore | Type: sale commercial-sale | Title: Office Of 1183 Square Feet In Gulberg City Centre Is Available | Location: Gulberg City Centre, Main Boulevard Gulberg | Beds: 0 | Baths: 0 | Price: 25000000 PKR | Details: Ideal 1183 Square Feet Property Is"
dataset_zameen-property-scraper_2026-09-21_19-33-59-051_54289967,Lahore,sale,commercial-sale,Corner 25 Marla COMMERCIAL BUILDING for sale,125000000,PKR,1.2,Kanal,0,0,"Shahdara, Lahore","Double Road Under Construction 
 DC",https://www.zameen.com/Property/lahore_shahdara_corner_25_marla_commercial_building_for_sale-54289967-1027-3.html,"City: Lahore | Type: sale commercial-sale | Title: Corner 25 Marla COMMERCIAL BUILDING for sale | Location: Shahdara, Lahore | Beds: 0 | Baths: 0 | Price: 125000000 PKR | Details: Double Road Under Construction 
 DC"
dataset_zameen-property-scraper_2026-09-21_19-33-59-051_54745275,Lahore,sale,commercial-sale,04 MARLA PLAZA AVAILABLE - NEAR KFC,250000000,PKR,4.0,Marla,0,0,"DHA Phase 6 - Main Boulevard, DHA Phase 6","HUMARGHAR. PK OFFERS 
04 MARLA PLAZ",https://www.zameen.com/Property/dha_phase_6_dha_phase_6_-_main_boulevard_04_marla_plaza_available_-_near_kfc-54745275-9011-3.html,"City: Lahore | Type: sale commercial-sale | Title: 04 MARLA PLAZA AVAILABLE - NEAR KFC | Location: DHA Phase 6 - Main Boulevard, DHA Phase 6 | Beds: 0 | Baths: 0 | Price: 250000000 PKR | Details: HUMARGHAR. PK OFFERS 
04 MARLA PLAZ"
dataset_zameen-property-scraper_2026-09-21_19-33-59-051_54607055,Lahore,sale,commercial-sale,7.5 Marla Top Location Building on Main Road Gulberg 3 | Rental Income 8.25 Lac | 100% Confirm Deal,162500000,PKR,7.2,Marla,4,4,"Gulberg 3, Gulberg",7.5 Marla Top Location Building on,https://www.zameen.com/Property/gulberg_gulberg_3_7_5_marla_top_location_building_on_main_road_gulberg_3_rental_income_8_25_lac_100_confirm_deal-54607055-3824-3.html,"City: Lahore | Type: sale commercial-sale | Title: 7.5 Marla Top Location Building on Main Road Gulberg 3 | Rental Income 8.25 Lac | 100% Confirm Deal | Location: Gulberg 3, Gulberg | Beds: 4 | Baths: 4 | Price: 162500000 PKR | Details: 7.5 Marla Top Location Building on"
dataset_zameen-property-scraper_2026-09-21_19-33-59-051_45206759,Lahore,sale,commercial-sale,Brand New 4 Storey Commercial Plaza For Sale Rs 22500000/,22500000,PKR,3.0,Marla,4,4,"SJ Garden, Bedian Road",4 Floor Plaza For Sale At Sj Garden,https://www.zameen.com/Property/bedian_road_sj_garden_brand_new_4_storey_commercial_plaza_for_sale_rs_22500000-45206759-12693-3.html,"City: Lahore | Type: sale commercial-sale | Title: Brand New 4 Storey Commercial Plaza For Sale Rs 22500000/ | Location: SJ Garden, Bedian Road | Beds: 4 | Baths: 4 | Price: 22500000 PKR | Details: 4 Floor Plaza For Sale At Sj Garden"
dataset_zameen-property-scraper_2026-09-21_19-33-59-051_53711122,Lahore,sale,commercial-sale,Office For Sale,31000000,PKR,4.4,Marla,0,1,"Gulberg 3, Gulberg",Corporate Office for Sale Business,https://www.zameen.com/Property/gulberg_gulberg_3_office_for_sale-53711122-3824-3.html,"City: Lahore | Type: sale commercial-sale | Title: Office For Sale | Location: Gulberg 3, Gulberg | Beds: 0 | Baths: 1 | Price: 31000000 PKR | Details: Corporate Office for Sale Business"
dataset_zameen-property-scraper_2026-09-21_19-33-59-051_54590948,Lahore,sale,commercial-sale,"Rental Income 7.50 Lac/Month | 6 Marla Commercial Building In DD-169 Nearby, DHA Lahore Phase 4 | Rs. 18 Crore 50 Lac",185000000,PKR,6.0,Marla,0,7,"DHA Phase 4 - Block DD, DHA Phase 4",6 Marla Commercial Building for Sal,https://www.zameen.com/Property/dha_phase_4_dha_phase_4_-_block_dd_rental_income_7_50_lac_month_6_marla_commercial_building_in_dd-169_nearby_dha_lahore_phase_4_rs_18_crore_50_lac-54590948-1592-3.html,"City: Lahore | Type: sale commercial-sale | Title: Rental Income 7.50 Lac/Month | 6 Marla Commercial Building In DD-169 Nearby, DHA Lahore Phase 4 | Rs. 18 Crore 50 Lac | Location: DHA Phase 4 - Block DD, DHA Phase 4 | Beds: 0 | Baths: 7 | Price: 185000000 PKR | Details: 6 Marla Commercial Building for Sal"
dataset_zameen-property-scraper_2026-09-21_19-33-59-051_54590988,Lahore,sale,commercial-sale,"Rental Income 5 Lac/Month | 4 Marla Commercial Building in F Block, DHA Lahore Phase 1 | Rs. 9 Crore 50 Lac",95000000,PKR,4.0,Marla,0,7,"DHA Phase 1 - Block F, DHA Phase 1",4 Marla Commercial Building for Sal,https://www.zameen.com/Property/dha_phase_1_dha_phase_1_-_block_f_rental_income_5_lac_month_4_marla_commercial_building_in_f_block_dha_lahore_phase_1_rs_9_crore_50_lac-54590988-1568-3.html,"City: Lahore | Type: sale commercial-sale | Title: Rental Income 5 Lac/Month | 4 Marla Commercial Building in F Block, DHA Lahore Phase 1 | Rs. 9 Crore 50 Lac | Location: DHA Phase 1 - Block F, DHA Phase 1 | Beds: 0 | Baths: 7 | Price: 95000000 PKR | Details: 4 Marla Commercial Building for Sal"
dataset_zameen-property-scraper_2026-09-21_19-33-59-051_54596600,Lahore,sale,commercial-sale,"Rental Income 7 Lac 50 Thousand Month | 4 Marla Commercial Building In A Block, DHA Lahore Phase 5 | Rs. 18 Crore",180000000,PKR,4.0,Marla,0,7,"DHA Phase 5, DHA Defence",4 Marla Commercial Building for Sal,https://www.zameen.com/Property/dha_defence_dha_phase_5_rental_income_7_lac_50_thousand_month_4_marla_commercial_building_in_a_block_dha_lahore_phase_5_rs_18_crore-54596600-1447-3.html,"City: Lahore | Type: sale commercial-sale | Title: Rental Income 7 Lac 50 Thousand Month | 4 Marla Commercial Building In A Block, DHA Lahore Phase 5 | Rs. 18 Crore | Location: DHA Phase 5, DHA Defence | Beds: 0 | Baths: 7 | Price: 180000000 PKR | Details: 4 Marla Commercial Building for Sal"
dataset_zameen-property-scraper_2026-09-21_19-33-59-051_54462749,Lahore,sale,commercial-sale,9 Marla Life Time Commercial Building For Sale At 50-Ft Wide Road,42500000,PKR,9.0,Marla,3,4,"Architects Engineers Housing Society, Lahore",9 Marla Double Storey Life Time Com,https://www.zameen.com/Property/lahore_architects_engineers_housing_society_9_marla_life_time_commercial_building_for_sale_at_50-ft_wide_road-54462749-1242-3.html,"City: Lahore | Type: sale commercial-sale | Title: 9 Marla Life Time Commercial Building For Sale At 50-Ft Wide Road | Location: Architects Engineers Housing Society, Lahore | Beds: 3 | Baths: 4 | Price: 42500000 PKR | Details: 9 Marla Double Storey Life Time Com"
dataset_zameen-property-scraper_2026-09-21_19-33-59-051_54179348,Lahore,sale,commercial-sale,Commercial Outlet for Sale in Fortress Stadium Lahore,110000000,PKR,5.3,Marla,0,1,"Fortress Stadium, Cantt",A premium commercial investment opp,https://www.zameen.com/Property/cantt_fortress_stadium_commercial_outlet_for_sale_in_fortress_stadium_lahore-54179348-9917-3.html,"City: Lahore | Type: sale commercial-sale | Title: Commercial Outlet for Sale in Fortress Stadium Lahore | Location: Fortress Stadium, Cantt | Beds: 0 | Baths: 1 | Price: 110000000 PKR | Details: A premium commercial investment opp"
dataset_zameen-property-scraper_2026-09-21_19-33-59-051_43963411,Lahore,sale,commercial-sale,3 Marla Commercial Plaza For Sale,22500000,PKR,3.0,Marla,3,4,"Bedian Road, Lahore",4 Floor Plaza For Sale At Sj Garden,https://www.zameen.com/Property/lahore_bedian_road_3_marla_commercial_plaza_for_sale-43963411-378-3.html,"City: Lahore | Type: sale commercial-sale | Title: 3 Marla Commercial Plaza For Sale | Location: Bedian Road, Lahore | Beds: 3 | Baths: 4 | Price: 22500000 PKR | Details: 4 Floor Plaza For Sale At Sj Garden"
dataset_zameen-property-scraper_2026-09-21_19-33-59-051_54633449,Lahore,sale,commercial-sale,1 Kanal Semi-Commercial Corner Property | Rental Income | Near Model Town Link Road,250000000,PKR,1.0,Kanal,0,0,"Model Town Link Road, Model Town",1 Kanal Semi-Commercial Corner Prop,https://www.zameen.com/Property/model_town_model_town_link_road_1_kanal_semi-commercial_corner_property_rental_income_near_model_town_link_road-54633449-3086-3.html,"City: Lahore | Type: sale commercial-sale | Title: 1 Kanal Semi-Commercial Corner Property | Rental Income | Near Model Town Link Road | Location: Model Town Link Road, Model Town | Beds: 0 | Baths: 0 | Price: 250000000 PKR | Details: 1 Kanal Semi-Commercial Corner Prop"
dataset_zameen-property-scraper_2026-09-21_19-33-59-051_52316284,Lahore,sale,commercial-sale,Stunning And Affordable Building Available For Sale In Johar Town Phase 2 - Block R2,42500000,PKR,4.0,Marla,0,0,"Johar Town Phase 2 - Block R2, Johar Town Phase 2","Johar Town Block R2
4 Marla Tripple",https://www.zameen.com/Property/johar_town_phase_2_johar_town_phase_2_-_block_r2_stunning_and_affordable_building_available_for_sale_in_johar_town_phase_2_-_block_r2-52316284-3981-3.html,"City: Lahore | Type: sale commercial-sale | Title: Stunning And Affordable Building Available For Sale In Johar Town Phase 2 - Block R2 | Location: Johar Town Phase 2 - Block R2, Johar Town Phase 2 | Beds: 0 | Baths: 0 | Price: 42500000 PKR | Details: Johar Town Block R2
4 Marla Tripple"
dataset_zameen-property-scraper_2026-09-21_19-33-59-051_54528045,Lahore,sale,commercial-sale,"5.5 Marla Single Storey Commercial Building For Sale In Calvary Ground, Lahore",37500000,PKR,5.5,Marla,0,0,"Cavalry Ground, Lahore",5.5 Marla Single-Storey Commercial,https://www.zameen.com/Property/lahore_cavalry_ground_5_5_marla_single_storey_commercial_building_for_sale_in_calvary_ground_lahore-54528045-69-3.html,"City: Lahore | Type: sale commercial-sale | Title: 5.5 Marla Single Storey Commercial Building For Sale In Calvary Ground, Lahore | Location: Cavalry Ground, Lahore | Beds: 0 | Baths: 0 | Price: 37500000 PKR | Details: 5.5 Marla Single-Storey Commercial"
dataset_zameen-property-scraper_2026-09-21_19-33-59-051_54600745,Lahore,sale,commercial-sale,"Brand Rented Shop 66,666/- For Sale Main Road (High ROI)",10000000,PKR,1.1,Marla,0,0,"Gulberg 3, Gulberg","Rent 66,666/- Starting from Day 1.",https://www.zameen.com/Property/gulberg_gulberg_3_brand_rented_shop_66_666_-_for_sale_main_road_high_roi-54600745-3824-3.html,"City: Lahore | Type: sale commercial-sale | Title: Brand Rented Shop 66,666/- For Sale Main Road (High ROI) | Location: Gulberg 3, Gulberg | Beds: 0 | Baths: 0 | Price: 10000000 PKR | Details: Rent 66,666/- Starting from Day 1."
dataset_zameen-property-scraper_2026-09-21_19-33-59-051_54073199,Lahore,sale,commercial-sale,Unoccupied Building Of 3 Marla Is Available For Sale In Raiwind Roa,30000000,PKR,3.0,Marla,5,5,"Al-Kabir Town, Raiwind Road",All your search for 3 Marla propert,https://www.zameen.com/Property/raiwind_road_al-kabir_town_unoccupied_building_of_3_marla_is_available_for_sale_in_raiwind_roa-54073199-11433-3.html,"City: Lahore | Type: sale commercial-sale | Title: Unoccupied Building Of 3 Marla Is Available For Sale In Raiwind Roa | Location: Al-Kabir Town, Raiwind Road | Beds: 5 | Baths: 5 | Price: 30000000 PKR | Details: All your search for 3 Marla propert"
dataset_zameen-property-scraper_2026-09-21_19-34-43-341_54774069,Lahore,rent,rental-flats,Brand New Open View 14 Marla Apartment Low Price From Market,165000,PKR,3150.0,sqft,4,4,"Askari 10, Askari","It includes:
4 Bedrooms with attach",https://www.zameen.com/Property/askari_askari_10_brand_new_open_view_14_marla_apartment_low_price_from_market-54774069-1011-4.html,"City: Lahore | Type: rent rental-flats | Title: Brand New Open View 14 Marla Apartment Low Price From Market | Location: Askari 10, Askari | Beds: 4 | Baths: 4 | Price: 165000 PKR | Details: It includes:
4 Bedrooms with attach"
dataset_zameen-property-scraper_2026-09-21_19-34-43-341_54772501,Lahore,rent,rental-flats,"10 Marla 3 Bedroom Flat Available For Rent Askari 11, Sec B",125000,PKR,2250.0,sqft,3,4,"Askari 11 - Sector B, Askari 11",10 Marla 3 Bedroom Flat Available F,https://www.zameen.com/Property/askari_11_askari_11_-_sector_b_10_marla_3_bedroom_flat_available_for_rent_askari_11_sec_b-54772501-15702-4.html,"City: Lahore | Type: rent rental-flats | Title: 10 Marla 3 Bedroom Flat Available For Rent Askari 11, Sec B | Location: Askari 11 - Sector B, Askari 11 | Beds: 3 | Baths: 4 | Price: 125000 PKR | Details: 10 Marla 3 Bedroom Flat Available F"
dataset_zameen-property-scraper_2026-09-21_19-34-43-341_54706100,Lahore,rent,rental-flats,"12 Marla, Newly Build Flat Available For Rent In Sector S, Askari 10, Lahore",180000,PKR,2700.0,sqft,4,4,"Askari 10, Askari","Main Features
Built in year: new
Vi",https://www.zameen.com/Property/askari_askari_10_12_marla_newly_build_flat_available_for_rent_in_sector_s_askari_10_lahore-54706100-1011-4.html,"City: Lahore | Type: rent rental-flats | Title: 12 Marla, Newly Build Flat Available For Rent In Sector S, Askari 10, Lahore | Location: Askari 10, Askari | Beds: 4 | Baths: 4 | Price: 180000 PKR | Details: Main Features
Built in year: new
Vi"
dataset_zameen-property-scraper_2026-09-21_19-34-43-341_54683822,Lahore,rent,rental-flats,12 MARLA 4 BEDROOM APARTMENT AVAILABLE FOR RENT,185000,PKR,2700.0,sqft,4,5,"Askari 10, Askari","4 BEDROOM ATTACHED BATH
KITCHEN 
LO",https://www.zameen.com/Property/askari_askari_10_12_marla_4_bedroom_apartment_available_for_rent-54683822-1011-4.html,"City: Lahore | Type: rent rental-flats | Title: 12 MARLA 4 BEDROOM APARTMENT AVAILABLE FOR RENT | Location: Askari 10, Askari | Beds: 4 | Baths: 5 | Price: 185000 PKR | Details: 4 BEDROOM ATTACHED BATH
KITCHEN 
LO"
dataset_zameen-property-scraper_2026-09-21_19-34-43-341_54574906,Lahore,rent,rental-flats,12 MARLA BRAND NEW 4 BEDROOM APARTMENT AVAILABLE FOR RENT,175000,PKR,2700.0,sqft,4,5,"Askari 10, Askari","4 BEDROOM ATTACHED BATH
KITCHEN 
LO",https://www.zameen.com/Property/askari_askari_10_12_marla_brand_new_4_bedroom_apartment_available_for_rent-54574906-1011-4.html,"City: Lahore | Type: rent rental-flats | Title: 12 MARLA BRAND NEW 4 BEDROOM APARTMENT AVAILABLE FOR RENT | Location: Askari 10, Askari | Beds: 4 | Baths: 5 | Price: 175000 PKR | Details: 4 BEDROOM ATTACHED BATH
KITCHEN 
LO"
dataset_zameen-property-scraper_2026-09-21_19-34-43-341_26995627,Lahore,rent,rental-flats,Brand New 13 Marla 4 Bed Flat For Rent In Askari Green Lahore,125000,PKR,2925.0,sqft,4,5,"Askari 11, Askari",Brand New 13 Marla 4 Bed Flat For R,https://www.zameen.com/Property/askari_askari_11_brand_new_13_marla_4_bed_flat_for_rent_in_askari_green_lahore-26995627-1503-4.html,"City: Lahore | Type: rent rental-flats | Title: Brand New 13 Marla 4 Bed Flat For Rent In Askari Green Lahore | Location: Askari 11, Askari | Beds: 4 | Baths: 5 | Price: 125000 PKR | Details: Brand New 13 Marla 4 Bed Flat For R"
dataset_zameen-property-scraper_2026-09-21_19-34-43-341_54757367,Lahore,rent,rental-flats,Brand New Fully Furnished 3 Bed Apartment For Rent,300000,PKR,1561.0,sqft,3,3,"Penta Square By DHA Lahore, DHA Phase 5","Penta Square, DHA Phase 5
3-Bed Apa",https://www.zameen.com/Property/dha_phase_5_penta_square_by_dha_lahore_brand_new_fully_furnished_3_bed_apartment_for_rent-54757367-11845-4.html,"City: Lahore | Type: rent rental-flats | Title: Brand New Fully Furnished 3 Bed Apartment For Rent | Location: Penta Square By DHA Lahore, DHA Phase 5 | Beds: 3 | Baths: 3 | Price: 300000 PKR | Details: Penta Square, DHA Phase 5
3-Bed Apa"
dataset_zameen-property-scraper_2026-09-21_19-34-43-341_54773043,Lahore,rent,rental-flats,Askari 12 Brand New 4 Bed Apartment Available For rent,130000,PKR,2925.0,sqft,4,5,"Askari 12, Askari",**Askari 12 Brand New 4-Bed Apartme,https://www.zameen.com/Property/askari_askari_12_askari_12_brand_new_4_bed_apartment_available_for_rent-54773043-22537-4.html,"City: Lahore | Type: rent rental-flats | Title: Askari 12 Brand New 4 Bed Apartment Available For rent | Location: Askari 12, Askari | Beds: 4 | Baths: 5 | Price: 130000 PKR | Details: **Askari 12 Brand New 4-Bed Apartme"
dataset_zameen-property-scraper_2026-09-21_19-34-43-341_54693303,Lahore,rent,rental-flats,BRAND NEW 3 BED FACING PARK APARTMENT AVAILABLE FOR RENT,190000,PKR,1561.0,sqft,3,4,"Penta Square By DHA Lahore, DHA Phase 5","Key Features:
 . Facing Park
 Area:",https://www.zameen.com/Property/dha_phase_5_penta_square_by_dha_lahore_brand_new_3_bed_facing_park_apartment_available_for_rent-54693303-11845-4.html,"City: Lahore | Type: rent rental-flats | Title: BRAND NEW 3 BED FACING PARK APARTMENT AVAILABLE FOR RENT | Location: Penta Square By DHA Lahore, DHA Phase 5 | Beds: 3 | Baths: 4 | Price: 190000 PKR | Details: Key Features:
 . Facing Park
 Area:"
dataset_zameen-property-scraper_2026-09-21_19-34-43-341_54488403,Lahore,rent,rental-flats,4 Bed Apartment Available For Rent In Askari 11 Lahore,150000,PKR,2700.0,sqft,4,5,"Askari 11 - Sector B Apartments, Askari 11",04 Beds 12 Marla Prime Location Apa,https://www.zameen.com/Property/askari_11_askari_11_-_sector_b_apartments_4_bed_apartment_available_for_rent_in_askari_11_lahore-54488403-15703-4.html,"City: Lahore | Type: rent rental-flats | Title: 4 Bed Apartment Available For Rent In Askari 11 Lahore | Location: Askari 11 - Sector B Apartments, Askari 11 | Beds: 4 | Baths: 5 | Price: 150000 PKR | Details: 04 Beds 12 Marla Prime Location Apa"
dataset_zameen-property-scraper_2026-09-21_19-34-43-341_54150471,Lahore,rent,rental-flats,Ultra-Luxury 2-Bed Furnished Apartment In Gulberg 3,210000,PKR,1400.0,sqft,2,3,"Gulberg 3, Gulberg",Experience premium living in the he,https://www.zameen.com/Property/gulberg_gulberg_3_ultra-luxury_2-bed_furnished_apartment_in_gulberg_3-54150471-3824-4.html,"City: Lahore | Type: rent rental-flats | Title: Ultra-Luxury 2-Bed Furnished Apartment In Gulberg 3 | Location: Gulberg 3, Gulberg | Beds: 2 | Baths: 3 | Price: 210000 PKR | Details: Experience premium living in the he"
dataset_zameen-property-scraper_2026-09-21_19-34-43-341_54094508,Lahore,rent,rental-flats,1 Bedroom Semi Furnished Apartment For Rent In Gulberg,130000,PKR,650.0,sqft,1,1,"Gulberg, Lahore",1 Bedroom Semi Furnished Apartment,https://www.zameen.com/Property/lahore_gulberg_1_bedroom_semi_furnished_apartment_for_rent_in_gulberg-54094508-7-4.html,"City: Lahore | Type: rent rental-flats | Title: 1 Bedroom Semi Furnished Apartment For Rent In Gulberg | Location: Gulberg, Lahore | Beds: 1 | Baths: 1 | Price: 130000 PKR | Details: 1 Bedroom Semi Furnished Apartment"
dataset_zameen-property-scraper_2026-09-21_19-34-43-341_53919428,Lahore,rent,rental-flats,One Bed Furnished Apartment Available For Rent,45000,PKR,550.0,sqft,1,1,"Bahria Town - Jasmine Block, Bahria Town - Sector C",Hattar Marketing Offering Best Inve,https://www.zameen.com/Property/bahria_town_sector_c_bahria_town_-_jasmine_block_one_bed_furnished_apartment_available_for_rent-53919428-1786-4.html,"City: Lahore | Type: rent rental-flats | Title: One Bed Furnished Apartment Available For Rent | Location: Bahria Town - Jasmine Block, Bahria Town - Sector C | Beds: 1 | Baths: 1 | Price: 45000 PKR | Details: Hattar Marketing Offering Best Inve"
dataset_zameen-property-scraper_2026-09-21_19-34-43-341_54702192,Lahore,rent,rental-flats,1 Bed Luxury Premium Fully Furnished Apartment In Bahria Town Lahore,48000,PKR,600.0,sqft,1,1,"Bahria Town - Sector C, Bahria Town","Earth Worth Properties. 
 The Town",https://www.zameen.com/Property/bahria_town_bahria_town_-_sector_c_1_bed_luxury_premium_fully_furnished_apartment_in_bahria_town_lahore-54702192-1784-4.html,"City: Lahore | Type: rent rental-flats | Title: 1 Bed Luxury Premium Fully Furnished Apartment In Bahria Town Lahore | Location: Bahria Town - Sector C, Bahria Town | Beds: 1 | Baths: 1 | Price: 48000 PKR | Details: Earth Worth Properties. 
 The Town"
dataset_zameen-property-scraper_2026-09-21_19-34-43-341_53743542,Lahore,rent,rental-flats,Fully Furnished 2 Bedroom Luxury Apartment For Rent In Gulberg,250000,PKR,1036.0,sqft,2,2,"Gulberg, Lahore",Luxury Ready to move 2 Bedroom Apar,https://www.zameen.com/Property/lahore_gulberg_fully_furnished_2_bedroom_luxury_apartment_for_rent_in_gulberg-53743542-7-4.html,"City: Lahore | Type: rent rental-flats | Title: Fully Furnished 2 Bedroom Luxury Apartment For Rent In Gulberg | Location: Gulberg, Lahore | Beds: 2 | Baths: 2 | Price: 250000 PKR | Details: Luxury Ready to move 2 Bedroom Apar"
dataset_zameen-property-scraper_2026-09-21_19-34-43-341_54774393,Lahore,rent,rental-flats,A Tower 10th Floor 3 Beds Luxury Apartment At Penta Square DHA Phase 5,300000,PKR,2374.0,sqft,3,3,"Penta Square By DHA Lahore, DHA Phase 5",(All The Information Provided In Th,https://www.zameen.com/Property/dha_phase_5_penta_square_by_dha_lahore_a_tower_10th_floor_3_beds_luxury_apartment_at_penta_square_dha_phase_5-54774393-11845-4.html,"City: Lahore | Type: rent rental-flats | Title: A Tower 10th Floor 3 Beds Luxury Apartment At Penta Square DHA Phase 5 | Location: Penta Square By DHA Lahore, DHA Phase 5 | Beds: 3 | Baths: 3 | Price: 300000 PKR | Details: (All The Information Provided In Th"
dataset_zameen-property-scraper_2026-09-21_19-34-43-341_53872831,Lahore,rent,rental-flats,One Bed Apartment Available For Rent In Etihad Town,50000,PKR,450.0,sqft,1,1,"Etihad Town Phase 1, Etihad Town",A beautifully maintained one bed ap,https://www.zameen.com/Property/etihad_town_etihad_town_phase_1_one_bed_apartment_available_for_rent_in_etihad_town-53872831-16882-4.html,"City: Lahore | Type: rent rental-flats | Title: One Bed Apartment Available For Rent In Etihad Town | Location: Etihad Town Phase 1, Etihad Town | Beds: 1 | Baths: 1 | Price: 50000 PKR | Details: A beautifully maintained one bed ap"
dataset_zameen-property-scraper_2026-09-21_19-34-43-341_51577056,Lahore,rent,rental-flats,"Luxurious 2-Bedroom Apartment For Rent In DHA Penta Square, Lahore",195000,PKR,1722.0,sqft,2,2,"Penta Square By DHA Lahore, DHA Phase 5",Luxurious 2-Bedroom Apartment For R,https://www.zameen.com/Property/dha_phase_5_penta_square_by_dha_lahore_luxurious_2-bedroom_apartment_for_rent_in_dha_penta_square_lahore-51577056-11845-4.html,"City: Lahore | Type: rent rental-flats | Title: Luxurious 2-Bedroom Apartment For Rent In DHA Penta Square, Lahore | Location: Penta Square By DHA Lahore, DHA Phase 5 | Beds: 2 | Baths: 2 | Price: 195000 PKR | Details: Luxurious 2-Bedroom Apartment For R"
dataset_zameen-property-scraper_2026-09-21_19-34-43-341_54628253,Lahore,rent,rental-flats,2 Bedroom Spacious Corner Apartment With Three-Side Panoramic Views Of Gulberg,200000,PKR,1200.0,sqft,2,3,"Gulberg, Lahore",Experience premium living in this b,https://www.zameen.com/Property/lahore_gulberg_2_bedroom_spacious_corner_apartment_with_three-side_panoramic_views_of_gulberg-54628253-7-4.html,"City: Lahore | Type: rent rental-flats | Title: 2 Bedroom Spacious Corner Apartment With Three-Side Panoramic Views Of Gulberg | Location: Gulberg, Lahore | Beds: 2 | Baths: 3 | Price: 200000 PKR | Details: Experience premium living in this b"
dataset_zameen-property-scraper_2026-09-21_19-34-43-341_54408885,Lahore,rent,rental-flats,Premium 3-Bedroom Semi Furnished Apartment Prime Location Resort-Style Amenities,210000,PKR,2000.0,sqft,3,4,"Gulberg 3, Gulberg",Experience Comfortable And Modern L,https://www.zameen.com/Property/gulberg_gulberg_3_premium_3-bedroom_semi_furnished_apartment_prime_location_resort-style_amenities-54408885-3824-4.html,"City: Lahore | Type: rent rental-flats | Title: Premium 3-Bedroom Semi Furnished Apartment Prime Location Resort-Style Amenities | Location: Gulberg 3, Gulberg | Beds: 3 | Baths: 4 | Price: 210000 PKR | Details: Experience Comfortable And Modern L"
dataset_zameen-property-scraper_2026-09-21_19-34-43-341_54550273,Lahore,rent,rental-flats,Elegant Semi-Furnished 1 Bedroom Apartment For Rent,180000,PKR,800.0,sqft,1,2,"Gulberg 3, Gulberg",Experience premium living in the he,https://www.zameen.com/Property/gulberg_gulberg_3_elegant_semi-furnished_1_bedroom_apartment_for_rent-54550273-3824-4.html,"City: Lahore | Type: rent rental-flats | Title: Elegant Semi-Furnished 1 Bedroom Apartment For Rent | Location: Gulberg 3, Gulberg | Beds: 1 | Baths: 2 | Price: 180000 PKR | Details: Experience premium living in the he"
dataset_zameen-property-scraper_2026-09-21_19-34-43-341_53742354,Lahore,rent,rental-flats,1150 Sqft Furnished Apartment For Rent In Gulberg,170000,PKR,1150.0,sqft,2,2,"Gulberg, Lahore",2 Bedroom Furnished Apartment For R,https://www.zameen.com/Property/lahore_gulberg_1150_sqft_furnished_apartment_for_rent_in_gulberg-53742354-7-4.html,"City: Lahore | Type: rent rental-flats | Title: 1150 Sqft Furnished Apartment For Rent In Gulberg | Location: Gulberg, Lahore | Beds: 2 | Baths: 2 | Price: 170000 PKR | Details: 2 Bedroom Furnished Apartment For R"
dataset_zameen-property-scraper_2026-09-21_19-34-43-341_53670447,Lahore,rent,rental-flats,2 Bedroom Brand-New Apartment For Rent,170000,PKR,1880.0,sqft,2,3,"Gulberg, Lahore",Centre of MM Alam Road and Main bou,https://www.zameen.com/Property/lahore_gulberg_2_bedroom_brand-new_apartment_for_rent-53670447-7-4.html,"City: Lahore | Type: rent rental-flats | Title: 2 Bedroom Brand-New Apartment For Rent | Location: Gulberg, Lahore | Beds: 2 | Baths: 3 | Price: 170000 PKR | Details: Centre of MM Alam Road and Main bou"
dataset_zameen-property-scraper_2026-09-21_19-34-43-341_52344989,Lahore,rent,rental-flats,"Modern Apartment, All Sleek And Stylish",300000,PKR,2600.0,sqft,3,4,"Main Boulevard Gulberg, Gulberg","2600 sq ft

A Class Furnished Apart",https://www.zameen.com/Property/gulberg_main_boulevard_gulberg_modern_apartment_all_sleek_and_stylish-52344989-3852-4.html,"City: Lahore | Type: rent rental-flats | Title: Modern Apartment, All Sleek And Stylish | Location: Main Boulevard Gulberg, Gulberg | Beds: 3 | Baths: 4 | Price: 300000 PKR | Details: 2600 sq ft

A Class Furnished Apart"
dataset_zameen-property-scraper_2026-09-21_19-34-43-341_48669507,Lahore,rent,rental-flats,Semi Furnished Flat For Rent,200000,PKR,1800.0,sqft,2,3,"Gulberg, Lahore",1600 sq ft Spacious best located sa,https://www.zameen.com/Property/lahore_gulberg_semi_furnished_flat_for_rent-48669507-7-4.html,"City: Lahore | Type: rent rental-flats | Title: Semi Furnished Flat For Rent | Location: Gulberg, Lahore | Beds: 2 | Baths: 3 | Price: 200000 PKR | Details: 1600 sq ft Spacious best located sa"
dataset_zameen-property-scraper_2026-09-21_19-35-27-646_54630782,Lahore,rent,rental-commercial,8 Marla Office For Rent,125000,PKR,8.0,Marla,0,0,"DHA Phase 8 - Commercial Broadway, DHA Phase 8","we offer Marla office for rent
in a",https://www.zameen.com/Property/dha_phase_8_dha_phase_8_-_commercial_broadway_8_marla_office_for_rent-54630782-8268-4.html,"City: Lahore | Type: rent rental-commercial | Title: 8 Marla Office For Rent | Location: DHA Phase 8 - Commercial Broadway, DHA Phase 8 | Beds: 0 | Baths: 0 | Price: 125000 PKR | Details: we offer Marla office for rent
in a"
dataset_zameen-property-scraper_2026-09-21_19-35-27-646_54754151,Lahore,rent,rental-commercial,"35,000 Sq. Ft. Warehouse for Rent in Kot Lakhpat | Quaid-e-Azam Industrial Estate",2500000,PKR,7.8,Kanal,0,7,"Quaid-e-Azam Industrial Estate, Lahore","A spacious 35,000 sq. ft. warehouse",https://www.zameen.com/Property/lahore_quaid-e-azam_industrial_estate_35_000_sq_ft_warehouse_for_rent_in_kot_lakhpat_quaid-e-azam_industrial_estate-54754151-8374-4.html,"City: Lahore | Type: rent rental-commercial | Title: 35,000 Sq. Ft. Warehouse for Rent in Kot Lakhpat | Quaid-e-Azam Industrial Estate | Location: Quaid-e-Azam Industrial Estate, Lahore | Beds: 0 | Baths: 7 | Price: 2500000 PKR | Details: A spacious 35,000 sq. ft. warehouse"
dataset_zameen-property-scraper_2026-09-21_19-35-27-646_54230278,Lahore,rent,rental-commercial,Shop For Rent 2500 SQ. FT Available,1500000,PKR,11.1,Marla,0,0,"MM Alam Road, Gulberg",Shah jee Real Estate 1500 sq. ft,https://www.zameen.com/Property/gulberg_mm_alam_road_shop_for_rent_2500_sq_ft_available-54230278-3850-4.html,"City: Lahore | Type: rent rental-commercial | Title: Shop For Rent 2500 SQ. FT Available | Location: MM Alam Road, Gulberg | Beds: 0 | Baths: 0 | Price: 1500000 PKR | Details: Shah jee Real Estate 1500 sq. ft"
dataset_zameen-property-scraper_2026-09-21_19-35-27-646_52350017,Lahore,rent,rental-commercial,8 Marla Building For Rent,300000,PKR,8.0,Marla,0,0,"DHA Phase 8 - Commercial Broadway, DHA Phase 8",We Offer 8Marla Building For Rent,https://www.zameen.com/Property/dha_phase_8_dha_phase_8_-_commercial_broadway_8_marla_building_for_rent-52350017-8268-4.html,"City: Lahore | Type: rent rental-commercial | Title: 8 Marla Building For Rent | Location: DHA Phase 8 - Commercial Broadway, DHA Phase 8 | Beds: 0 | Baths: 0 | Price: 300000 PKR | Details: We Offer 8Marla Building For Rent"
dataset_zameen-property-scraper_2026-09-21_19-35-27-646_52335018,Lahore,rent,rental-commercial,8 Marla Full Building For Rent,1300000,PKR,8.0,Marla,0,0,"DHA Phase 8 - Commercial Broadway, DHA Phase 8","G 100 Offer 
 8M Building For Rent",https://www.zameen.com/Property/dha_phase_8_dha_phase_8_-_commercial_broadway_8_marla_full_building_for_rent-52335018-8268-4.html,"City: Lahore | Type: rent rental-commercial | Title: 8 Marla Full Building For Rent | Location: DHA Phase 8 - Commercial Broadway, DHA Phase 8 | Beds: 0 | Baths: 0 | Price: 1300000 PKR | Details: G 100 Offer 
 8M Building For Rent"
dataset_zameen-property-scraper_2026-09-21_19-35-27-646_54727471,Lahore,rent,rental-commercial,"Commercial Plaza for Rent , DHA Phase 7, Lahore* _Offered by: Paramount Properties Solution_",350000,PKR,4.0,Marla,2,2,"DHA Phase 7, DHA Defence",Excellent Opportunity to Start Your,https://www.zameen.com/Property/dha_defence_dha_phase_7_commercial_plaza_for_rent_dha_phase_7_lahore_offered_by_paramount_properties_solution-54727471-1450-4.html,"City: Lahore | Type: rent rental-commercial | Title: Commercial Plaza for Rent , DHA Phase 7, Lahore* _Offered by: Paramount Properties Solution_ | Location: DHA Phase 7, DHA Defence | Beds: 2 | Baths: 2 | Price: 350000 PKR | Details: Excellent Opportunity to Start Your"
dataset_zameen-property-scraper_2026-09-21_19-35-27-646_54737721,Lahore,rent,rental-commercial,Premium Space Available For Office In Etihad Town Phase 1,125000,PKR,5.0,Marla,0,1,"Etihad Town Phase 1, Etihad Town",5 MARLA OFFICE FOR RENT ETIHAD TOWN,https://www.zameen.com/Property/etihad_town_etihad_town_phase_1_premium_space_available_for_office_in_etihad_town_phase_1-54737721-16882-4.html,"City: Lahore | Type: rent rental-commercial | Title: Premium Space Available For Office In Etihad Town Phase 1 | Location: Etihad Town Phase 1, Etihad Town | Beds: 0 | Baths: 1 | Price: 125000 PKR | Details: 5 MARLA OFFICE FOR RENT ETIHAD TOWN"
dataset_zameen-property-scraper_2026-09-21_19-35-27-646_54305043,Lahore,rent,rental-commercial,2200 Sqft Semi Furnished Office Near Kalma Chowk Garden Town Lahore,220000,PKR,9.8,Marla,0,2,"Gulberg 3, Gulberg",Investment Corridor and Builders pr,https://www.zameen.com/Property/gulberg_gulberg_3_2200_sqft_semi_furnished_office_near_kalma_chowk_garden_town_lahore-54305043-3824-4.html,"City: Lahore | Type: rent rental-commercial | Title: 2200 Sqft Semi Furnished Office Near Kalma Chowk Garden Town Lahore | Location: Gulberg 3, Gulberg | Beds: 0 | Baths: 2 | Price: 220000 PKR | Details: Investment Corridor and Builders pr"
dataset_zameen-property-scraper_2026-09-21_19-35-27-646_53693258,Lahore,rent,rental-commercial,Fully Furnished Corner Office Available In Barkat Market,60000,PKR,2.4,Marla,0,0,"Barkat Market, Garden Town","1 hall ,1 executive Room ,Bath ,Kit",https://www.zameen.com/Property/garden_town_barkat_market_fully_furnished_corner_office_available_in_barkat_market-53693258-3788-4.html,"City: Lahore | Type: rent rental-commercial | Title: Fully Furnished Corner Office Available In Barkat Market | Location: Barkat Market, Garden Town | Beds: 0 | Baths: 0 | Price: 60000 PKR | Details: 1 hall ,1 executive Room ,Bath ,Kit"
dataset_zameen-property-scraper_2026-09-21_19-35-27-646_51415621,Lahore,rent,rental-commercial,Fully Furnished Corner Office Available In Barkat Market Garden Town,45000,PKR,2.4,Marla,0,0,"Barkat Market, Garden Town","1 Hall attached Bath ,Kitchen ,Furn",https://www.zameen.com/Property/garden_town_barkat_market_fully_furnished_corner_office_available_in_barkat_market_garden_town-51415621-3788-4.html,"City: Lahore | Type: rent rental-commercial | Title: Fully Furnished Corner Office Available In Barkat Market Garden Town | Location: Barkat Market, Garden Town | Beds: 0 | Baths: 0 | Price: 45000 PKR | Details: 1 Hall attached Bath ,Kitchen ,Furn"
dataset_zameen-property-scraper_2026-09-21_19-35-27-646_54729796,Lahore,rent,rental-commercial,"10,000 Sq Ft Office For Rent On MM Alam Road, Gulberg . Best Opportunity For Corporate Offices, Multi-National Companies # SLM 1",2500000,PKR,2.2,Kanal,0,7,"MM Alam Road, Gulberg","10,000 Sq. Ft. Commercial Office
Hu",https://www.zameen.com/Property/gulberg_mm_alam_road_10_000_sq_ft_office_for_rent_on_mm_alam_road_gulberg_best_opportunity_for_corporate_offices_multi-national_companies_slm_1-54729796-3850-4.html,"City: Lahore | Type: rent rental-commercial | Title: 10,000 Sq Ft Office For Rent On MM Alam Road, Gulberg . Best Opportunity For Corporate Offices, Multi-National Companies # SLM 1 | Location: MM Alam Road, Gulberg | Beds: 0 | Baths: 7 | Price: 2500000 PKR | Details: 10,000 Sq. Ft. Commercial Office
Hu"
dataset_zameen-property-scraper_2026-09-21_19-35-27-646_54577788,Lahore,rent,rental-commercial,8 Marla Ground Mezanine Available For Rent,300000,PKR,8.0,Marla,0,0,"DHA Phase 8 - Commercial Broadway, DHA Phase 8",We Offer 8Marla Ground Mezanine Ava,https://www.zameen.com/Property/dha_phase_8_dha_phase_8_-_commercial_broadway_8_marla_ground_mezanine_available_for_rent-54577788-8268-4.html,"City: Lahore | Type: rent rental-commercial | Title: 8 Marla Ground Mezanine Available For Rent | Location: DHA Phase 8 - Commercial Broadway, DHA Phase 8 | Beds: 0 | Baths: 0 | Price: 300000 PKR | Details: We Offer 8Marla Ground Mezanine Ava"
dataset_zameen-property-scraper_2026-09-21_19-35-27-646_54703149,Lahore,rent,rental-commercial,5 Marla Brand New 1st Floor For Rent Serious Clint Only,60000,PKR,5.0,Marla,0,0,"Bahria Town - Sector C, Bahria Town",Commercial Floor For Rent Bahria To,https://www.zameen.com/Property/bahria_town_bahria_town_-_sector_c_5_marla_brand_new_1st_floor_for_rent_serious_clint_only-54703149-1784-4.html,"City: Lahore | Type: rent rental-commercial | Title: 5 Marla Brand New 1st Floor For Rent Serious Clint Only | Location: Bahria Town - Sector C, Bahria Town | Beds: 0 | Baths: 0 | Price: 60000 PKR | Details: Commercial Floor For Rent Bahria To"
dataset_zameen-property-scraper_2026-09-21_19-35-27-646_53161045,Lahore,rent,rental-commercial,1 KANAL 3 FLOORS COMMERCIAL BUILDING FOR RENT,1350000,PKR,1.9,Kanal,0,2,"Johar Town, Lahore","VERY HOT LOCATION
 3 FLOORS 
 ON MA",https://www.zameen.com/Property/lahore_johar_town_1_kanal_3_floors_commercial_building_for_rent-53161045-93-4.html,"City: Lahore | Type: rent rental-commercial | Title: 1 KANAL 3 FLOORS COMMERCIAL BUILDING FOR RENT | Location: Johar Town, Lahore | Beds: 0 | Baths: 2 | Price: 1350000 PKR | Details: VERY HOT LOCATION
 3 FLOORS 
 ON MA"
dataset_zameen-property-scraper_2026-09-21_19-35-27-646_54278814,Lahore,rent,rental-commercial,1 Kanal Building For Rent Best For Hotel Hospital Or Any Office,4200000,PKR,1.0,Kanal,11,7,"Johar Town, Lahore",1 Kanal Building 150 Feet Road For,https://www.zameen.com/Property/lahore_johar_town_1_kanal_building_for_rent_best_for_hotel_hospital_or_any_office-54278814-93-4.html,"City: Lahore | Type: rent rental-commercial | Title: 1 Kanal Building For Rent Best For Hotel Hospital Or Any Office | Location: Johar Town, Lahore | Beds: 11 | Baths: 7 | Price: 4200000 PKR | Details: 1 Kanal Building 150 Feet Road For"
dataset_zameen-property-scraper_2026-09-21_19-35-27-646_54774164,Lahore,rent,rental-commercial,4 Marla commercial 2nd floor available for Rent in dha Phase 6 Main Boulevard,110000,PKR,4.0,Marla,0,1,"DHA Phase 5 - CCA Block, DHA Phase 5",4 Marla commercial 2nd floor availa,https://www.zameen.com/Property/dha_phase_5_dha_phase_5_-_cca_block_4_marla_commercial_2nd_floor_available_for_rent_in_dha_phase_6_main_boulevard-54774164-1657-4.html,"City: Lahore | Type: rent rental-commercial | Title: 4 Marla commercial 2nd floor available for Rent in dha Phase 6 Main Boulevard | Location: DHA Phase 5 - CCA Block, DHA Phase 5 | Beds: 0 | Baths: 1 | Price: 110000 PKR | Details: 4 Marla commercial 2nd floor availa"
dataset_zameen-property-scraper_2026-09-21_19-35-27-646_54734413,Lahore,rent,rental-commercial,4 Marla Commercial 1st Floor Available For Rent In Dha Phase 5,120000,PKR,4.0,Marla,0,1,"DHA Phase 5 - CCA Block, DHA Phase 5",4 Marla commercial 1st Floor availa,https://www.zameen.com/Property/dha_phase_5_dha_phase_5_-_cca_block_4_marla_commercial_1st_floor_available_for_rent_in_dha_phase_5-54734413-1657-4.html,"City: Lahore | Type: rent rental-commercial | Title: 4 Marla Commercial 1st Floor Available For Rent In Dha Phase 5 | Location: DHA Phase 5 - CCA Block, DHA Phase 5 | Beds: 0 | Baths: 1 | Price: 120000 PKR | Details: 4 Marla commercial 1st Floor availa"
dataset_zameen-property-scraper_2026-09-21_19-35-27-646_54735778,Lahore,rent,rental-commercial,3.7 Kanal Building For Rent In Allma Iqbal Town,1800000,PKR,3.7,Kanal,11,7,"Allama Iqbal Town, Lahore",3.7 Kanal Purpose-Built Building Id,https://www.zameen.com/Property/lahore_allama_iqbal_town_3_7_kanal_building_for_rent_in_allma_iqbal_town-54735778-58-4.html,"City: Lahore | Type: rent rental-commercial | Title: 3.7 Kanal Building For Rent In Allma Iqbal Town | Location: Allama Iqbal Town, Lahore | Beds: 11 | Baths: 7 | Price: 1800000 PKR | Details: 3.7 Kanal Purpose-Built Building Id"
dataset_zameen-property-scraper_2026-09-21_19-35-27-646_54503222,Lahore,rent,rental-commercial,4 Marla Comercial Flat For Office in DHA Phase 1 At Prime Location,57000,PKR,4.0,Marla,0,0,"DHA Phase 1, DHA Defence",4 Marla Comercial Office/Flat In DH,https://www.zameen.com/Property/dha_defence_dha_phase_1_4_marla_comercial_flat_for_office_in_dha_phase_1_at_prime_location-54503222-1442-4.html,"City: Lahore | Type: rent rental-commercial | Title: 4 Marla Comercial Flat For Office in DHA Phase 1 At Prime Location | Location: DHA Phase 1, DHA Defence | Beds: 0 | Baths: 0 | Price: 57000 PKR | Details: 4 Marla Comercial Office/Flat In DH"
dataset_zameen-property-scraper_2026-09-21_19-35-27-646_54333159,Lahore,rent,rental-commercial,"5000 Sq. Ft Commercial Independent Shop For Rent In Gulberg 3, Gulberg",1500000,PKR,1.1,Kanal,0,0,"Main Boulevard Gulberg, Gulberg",5000 SQ. FT Commercial Shop For Ren,https://www.zameen.com/Property/gulberg_main_boulevard_gulberg_5000_sq_ft_commercial_independent_shop_for_rent_in_gulberg_3_gulberg-54333159-3852-4.html,"City: Lahore | Type: rent rental-commercial | Title: 5000 Sq. Ft Commercial Independent Shop For Rent In Gulberg 3, Gulberg | Location: Main Boulevard Gulberg, Gulberg | Beds: 0 | Baths: 0 | Price: 1500000 PKR | Details: 5000 SQ. FT Commercial Shop For Ren"
dataset_zameen-property-scraper_2026-09-21_19-35-27-646_54338575,Lahore,rent,rental-commercial,Shop For Rent M. M Alam 4000 SQ. FT,2200000,PKR,17.8,Marla,0,0,"MM Alam Road, Gulberg",4000 SQ. FT Commercial Shop For Ren,https://www.zameen.com/Property/gulberg_mm_alam_road_shop_for_rent_m_m_alam_4000_sq_ft-54338575-3850-4.html,"City: Lahore | Type: rent rental-commercial | Title: Shop For Rent M. M Alam 4000 SQ. FT | Location: MM Alam Road, Gulberg | Beds: 0 | Baths: 0 | Price: 2200000 PKR | Details: 4000 SQ. FT Commercial Shop For Ren"
dataset_zameen-property-scraper_2026-09-21_19-35-27-646_54729647,Lahore,rent,rental-commercial,5 Marla Commercial Shop For Rent Hot Location Nearby Kfc Bahria,79000,PKR,5.0,Marla,0,0,"Bahria Town - Jasmine Block, Bahria Town - Sector C",Commercial Floor For Rent We have t,https://www.zameen.com/Property/bahria_town_sector_c_bahria_town_-_jasmine_block_5_marla_commercial_shop_for_rent_hot_location_nearby_kfc_bahria-54729647-1786-4.html,"City: Lahore | Type: rent rental-commercial | Title: 5 Marla Commercial Shop For Rent Hot Location Nearby Kfc Bahria | Location: Bahria Town - Jasmine Block, Bahria Town - Sector C | Beds: 0 | Baths: 0 | Price: 79000 PKR | Details: Commercial Floor For Rent We have t"
dataset_zameen-property-scraper_2026-09-21_19-35-27-646_54703513,Lahore,rent,rental-commercial,5 MARLA BRAND NEW COMMERCIAL GROUND SHOP FOR RENT LOOKING FOR BRAND,95000,PKR,5.0,Marla,0,0,"Bahria Town - Sector C, Bahria Town",The property within PKR Rs. 105000,https://www.zameen.com/Property/bahria_town_bahria_town_-_sector_c_5_marla_brand_new_commercial_ground_shop_for_rent_looking_for_brand-54703513-1784-4.html,"City: Lahore | Type: rent rental-commercial | Title: 5 MARLA BRAND NEW COMMERCIAL GROUND SHOP FOR RENT LOOKING FOR BRAND | Location: Bahria Town - Sector C, Bahria Town | Beds: 0 | Baths: 0 | Price: 95000 PKR | Details: The property within PKR Rs. 105000"
dataset_zameen-property-scraper_2026-09-21_19-35-27-646_53875078,Lahore,rent,rental-commercial,"4 Marla Full Commercial Plaza For Rent Phase 6, A Block (Near Dolmen Mall Lahore)",750000,PKR,4.0,Marla,0,0,"DHA Phase 6 - Block A, DHA Phase 6",A prime 4 Marla full commercial pla,https://www.zameen.com/Property/dha_phase_6_dha_phase_6_-_block_a_4_marla_full_commercial_plaza_for_rent_phase_6_a_block_near_dolmen_mall_lahore-53875078-1610-4.html,"City: Lahore | Type: rent rental-commercial | Title: 4 Marla Full Commercial Plaza For Rent Phase 6, A Block (Near Dolmen Mall Lahore) | Location: DHA Phase 6 - Block A, DHA Phase 6 | Beds: 0 | Baths: 0 | Price: 750000 PKR | Details: A prime 4 Marla full commercial pla"
dataset_zameen-property-scraper_2026-09-21_19-35-27-646_53608205,Lahore,rent,rental-commercial,"2,500 Sqft Office Space | Al Hafeez Executive | Gulberg , Lahore",350000,PKR,11.1,Marla,0,3,"Gulberg 3, Gulberg","2,500 Square feet Corporate Office",https://www.zameen.com/Property/gulberg_gulberg_3_2_500_sqft_office_space_al_hafeez_executive_gulberg_lahore-53608205-3824-4.html,"City: Lahore | Type: rent rental-commercial | Title: 2,500 Sqft Office Space | Al Hafeez Executive | Gulberg , Lahore | Location: Gulberg 3, Gulberg | Beds: 0 | Baths: 3 | Price: 350000 PKR | Details: 2,500 Square feet Corporate Office"
dataset_zameen-property-scraper_2026-09-21_19-36-23-931_54467607,Karachi,sale,flats,1550 Square Feet Flat Is Available In Harmain Royal Residency,23500000,PKR,1550.0,sqft,3,3,"Harmain Royal Residency, Gulshan-e-Iqbal - Block 1",Luxurious apartment for sale in Har,https://www.zameen.com/Property/gulshan_e_iqbal_block_1_harmain_royal_residency_1550_square_feet_flat_is_available_in_harmain_royal_residency-54467607-9675-1.html,"City: Karachi | Type: sale flats | Title: 1550 Square Feet Flat Is Available In Harmain Royal Residency | Location: Harmain Royal Residency, Gulshan-e-Iqbal - Block 1 | Beds: 3 | Baths: 3 | Price: 23500000 PKR | Details: Luxurious apartment for sale in Har"
dataset_zameen-property-scraper_2026-09-21_19-36-23-931_52804982,Karachi,sale,flats,Brand New Project Burj-Ul-Harmain At Main Safoora Chowrangi,17500000,PKR,1500.0,sqft,3,3,"Burj-Ul-Harmain, University Road",Exclusive Property Holdings By Bric,https://www.zameen.com/Property/university_road_burj-ul-harmain_brand_new_project_burj-ul-harmain_at_main_safoora_chowrangi-52804982-9674-1.html,"City: Karachi | Type: sale flats | Title: Brand New Project Burj-Ul-Harmain At Main Safoora Chowrangi | Location: Burj-Ul-Harmain, University Road | Beds: 3 | Baths: 3 | Price: 17500000 PKR | Details: Exclusive Property Holdings By Bric"
dataset_zameen-property-scraper_2026-09-21_19-36-23-931_52571241,Karachi,sale,flats,SAWERA 5 SKY TOWER  A PROJECT OF (OK ESTATE & BUILDERS),75000000,PKR,3873.0,sqft,4,5,"Clifton - Block 9, Clifton","*SAWERA 5 SKY TOWER*
 A Project Of",https://www.zameen.com/Property/clifton_clifton_-_block_9_sawera_5_sky_tower_a_project_of_ok_estate_builders-52571241-1671-1.html,"City: Karachi | Type: sale flats | Title: SAWERA 5 SKY TOWER  A PROJECT OF (OK ESTATE & BUILDERS) | Location: Clifton - Block 9, Clifton | Beds: 4 | Baths: 5 | Price: 75000000 PKR | Details: *SAWERA 5 SKY TOWER*
 A Project Of"
dataset_zameen-property-scraper_2026-09-21_19-36-23-931_54773190,Karachi,sale,flats,Exclusive 1-Bed Luxury Apartment For Sale - Panorama,48800000,PKR,1100.0,sqft,1,2,"Emaar Crescent Bay, DHA Phase 8",Experience a distinguished lifestyl,https://www.zameen.com/Property/dha_phase_8_emaar_crescent_bay_exclusive_1-bed_luxury_apartment_for_sale_-_panorama-54773190-8503-1.html,"City: Karachi | Type: sale flats | Title: Exclusive 1-Bed Luxury Apartment For Sale - Panorama | Location: Emaar Crescent Bay, DHA Phase 8 | Beds: 1 | Baths: 2 | Price: 48800000 PKR | Details: Experience a distinguished lifestyl"
dataset_zameen-property-scraper_2026-09-21_19-36-23-931_53095370,Karachi,sale,flats,Discover The Ultimate Investment: Four-Year Easy Installments For Bath Island&#x27;S Finest Residence!,69500000,PKR,2112.0,sqft,3,3,"Bath Island, Karachi",Experience the SAWERA RAJ NOOR Life,https://www.zameen.com/Property/karachi_bath_island_discover_the_ultimate_investment_four-year_easy_installments_for_bath_island_s_finest_residence-53095370-198-1.html,"City: Karachi | Type: sale flats | Title: Discover The Ultimate Investment: Four-Year Easy Installments For Bath Island&#x27;S Finest Residence! | Location: Bath Island, Karachi | Beds: 3 | Baths: 3 | Price: 69500000 PKR | Details: Experience the SAWERA RAJ NOOR Life"
dataset_zameen-property-scraper_2026-09-21_19-36-23-931_54609141,Karachi,sale,flats,"3-Bed DD Flat for Sale Harmain Royal Residency, Gulshan-e-Iqbal",25000000,PKR,1500.0,sqft,3,3,"Harmain Royal Residency, Gulshan-e-Iqbal - Block 1",3-Bed DD Flat for Sale Harmain Roya,https://www.zameen.com/Property/gulshan_e_iqbal_block_1_harmain_royal_residency_3-bed_dd_flat_for_sale_harmain_royal_residency_gulshan-e-iqbal-54609141-9675-1.html,"City: Karachi | Type: sale flats | Title: 3-Bed DD Flat for Sale Harmain Royal Residency, Gulshan-e-Iqbal | Location: Harmain Royal Residency, Gulshan-e-Iqbal - Block 1 | Beds: 3 | Baths: 3 | Price: 25000000 PKR | Details: 3-Bed DD Flat for Sale Harmain Roya"
dataset_zameen-property-scraper_2026-09-21_19-36-23-931_row_6,Karachi,sale,flats,3 Bed DD ( Sapphire ) Flat Available For Sale,27200000,PKR,1565.0,sqft,3,3,"Samrina Boulevard, Scheme 33",Live In Comfort &Amp; Convenience A,,"City: Karachi | Type: sale flats | Title: 3 Bed DD ( Sapphire ) Flat Available For Sale | Location: Samrina Boulevard, Scheme 33 | Beds: 3 | Baths: 3 | Price: 27200000 PKR | Details: Live In Comfort &Amp; Convenience A"
dataset_zameen-property-scraper_2026-09-21_19-36-23-931_row_7,Karachi,sale,flats,Flat For Sale In   Burj al Jinnah,52300000,PKR,2621.0,sqft,3,3,"Burj Al-Jinnah, Jinnah Avenue","A state-of-the-art, 19-storey high",,"City: Karachi | Type: sale flats | Title: Flat For Sale In   Burj al Jinnah | Location: Burj Al-Jinnah, Jinnah Avenue | Beds: 3 | Baths: 3 | Price: 52300000 PKR | Details: A state-of-the-art, 19-storey high"
dataset_zameen-property-scraper_2026-09-21_19-36-23-931_row_8,Karachi,sale,flats,Flat For Sale In   Burj Al Jinnah,34300000,PKR,1765.0,sqft,2,2,"Burj Al-Jinnah, Jinnah Avenue","A state-of-the-art, 19-storey high",,"City: Karachi | Type: sale flats | Title: Flat For Sale In   Burj Al Jinnah | Location: Burj Al-Jinnah, Jinnah Avenue | Beds: 2 | Baths: 2 | Price: 34300000 PKR | Details: A state-of-the-art, 19-storey high"
dataset_zameen-property-scraper_2026-09-21_19-36-23-931_54649481,Karachi,sale,flats,550 Sq Ft Studio Apartment for Sale in Sehar Commercial Lane 2 | 1st Floor,9500000,PKR,550.0,sqft,2,2,"DHA Phase 7, DHA Defence",Studio Apartment for Sale in Sehar,https://www.zameen.com/Property/dha_defence_dha_phase_7_550_sq_ft_studio_apartment_for_sale_in_sehar_commercial_lane_2_1st_floor-54649481-1484-1.html,"City: Karachi | Type: sale flats | Title: 550 Sq Ft Studio Apartment for Sale in Sehar Commercial Lane 2 | 1st Floor | Location: DHA Phase 7, DHA Defence | Beds: 2 | Baths: 2 | Price: 9500000 PKR | Details: Studio Apartment for Sale in Sehar"
dataset_zameen-property-scraper_2026-09-21_19-36-23-931_54006653,Karachi,sale,flats,Flat Available For Sell In High-Rise,47500000,PKR,1800.0,sqft,3,4,"Khalid Bin Walid Road, Karachi",Flat Available For Sell In Prime Lo,https://www.zameen.com/Property/karachi_khalid_bin_walid_road_flat_available_for_sell_in_high-rise-54006653-253-1.html,"City: Karachi | Type: sale flats | Title: Flat Available For Sell In High-Rise | Location: Khalid Bin Walid Road, Karachi | Beds: 3 | Baths: 4 | Price: 47500000 PKR | Details: Flat Available For Sell In Prime Lo"
dataset_zameen-property-scraper_2026-09-21_19-36-23-931_54467605,Karachi,sale,flats,This Is Your Chance To Buy Flat In Harmain Royal Residency Karachi,28000000,PKR,1880.0,sqft,4,4,"Harmain Royal Residency, Gulshan-e-Iqbal - Block 1",Luxurious apartment for sale in Har,https://www.zameen.com/Property/gulshan_e_iqbal_block_1_harmain_royal_residency_this_is_your_chance_to_buy_flat_in_harmain_royal_residency_karachi-54467605-9675-1.html,"City: Karachi | Type: sale flats | Title: This Is Your Chance To Buy Flat In Harmain Royal Residency Karachi | Location: Harmain Royal Residency, Gulshan-e-Iqbal - Block 1 | Beds: 4 | Baths: 4 | Price: 28000000 PKR | Details: Luxurious apartment for sale in Har"
dataset_zameen-property-scraper_2026-09-21_19-36-23-931_53892035,Karachi,sale,flats,3 Bed DD Apartment On Sell,50000000,PKR,1650.0,sqft,3,4,"Shaheed Millat Road, Karachi","3 Bed Dd Flat On Sell
 Corner Apart",https://www.zameen.com/Property/karachi_shaheed_millat_road_3_bed_dd_apartment_on_sell-53892035-413-1.html,"City: Karachi | Type: sale flats | Title: 3 Bed DD Apartment On Sell | Location: Shaheed Millat Road, Karachi | Beds: 3 | Baths: 4 | Price: 50000000 PKR | Details: 3 Bed Dd Flat On Sell
 Corner Apart"
dataset_zameen-property-scraper_2026-09-21_19-36-23-931_54760549,Karachi,sale,flats,Ready To Buy A Flat 490 Square Feet In Karachi,11500000,PKR,490.0,sqft,0,0,"DHA Phase 7 Extension, DHA Defence",FULLY FURNISHED APARTMENT FOR SALE,https://www.zameen.com/Property/dha_defence_dha_phase_7_extension_ready_to_buy_a_flat_490_square_feet_in_karachi-54760549-1674-1.html,"City: Karachi | Type: sale flats | Title: Ready To Buy A Flat 490 Square Feet In Karachi | Location: DHA Phase 7 Extension, DHA Defence | Beds: 0 | Baths: 0 | Price: 11500000 PKR | Details: FULLY FURNISHED APARTMENT FOR SALE"
dataset_zameen-property-scraper_2026-09-21_19-36-23-931_54775191,Karachi,sale,flats,Reserve A Centrally Located Prime Location Flat In Saima Residencia,23500000,PKR,1700.0,sqft,3,3,"Saima Residencia, Scheme 33 - Sector 34-A","Saima residencia
3bed dd 7th floor",https://www.zameen.com/Property/scheme_33_sector_34_a_saima_residencia_reserve_a_centrally_located_prime_location_flat_in_saima_residencia-54775191-22375-1.html,"City: Karachi | Type: sale flats | Title: Reserve A Centrally Located Prime Location Flat In Saima Residencia | Location: Saima Residencia, Scheme 33 - Sector 34-A | Beds: 3 | Baths: 3 | Price: 23500000 PKR | Details: Saima residencia
3bed dd 7th floor"
dataset_zameen-property-scraper_2026-09-21_19-36-23-931_53729092,Karachi,sale,flats,Flat For Sale In Gulshan E Iqbal Block 13A,20000000,PKR,1400.0,sqft,3,3,"Gulshan-e-Iqbal - Block 13/A, Gulshan-e-Iqbal",Flat For Sell In Gulshan e Iqbal Bl,https://www.zameen.com/Property/gulshan_e_iqbal_gulshan-e-iqbal_-_block_13_a_flat_for_sale_in_gulshan_e_iqbal_block_13a-53729092-8468-1.html,"City: Karachi | Type: sale flats | Title: Flat For Sale In Gulshan E Iqbal Block 13A | Location: Gulshan-e-Iqbal - Block 13/A, Gulshan-e-Iqbal | Beds: 3 | Baths: 3 | Price: 20000000 PKR | Details: Flat For Sell In Gulshan e Iqbal Bl"
dataset_zameen-property-scraper_2026-09-21_19-36-23-931_54775124,Karachi,sale,flats,Apparment for sale (Available on bank loan),14500000,PKR,1000.0,sqft,2,2,"Gulshan-e-Iqbal - Block 4, Gulshan-e-Iqbal",Bhayani Heights (Near Maskan chowra,https://www.zameen.com/Property/gulshan_e_iqbal_gulshan-e-iqbal_-_block_4_apparment_for_sale_available_on_bank_loan-54775124-6864-1.html,"City: Karachi | Type: sale flats | Title: Apparment for sale (Available on bank loan) | Location: Gulshan-e-Iqbal - Block 4, Gulshan-e-Iqbal | Beds: 2 | Baths: 2 | Price: 14500000 PKR | Details: Bhayani Heights (Near Maskan chowra"
dataset_zameen-property-scraper_2026-09-21_19-36-23-931_54060169,Karachi,sale,flats,Fully Renovated 3 Bed Dd For Sale,33500000,PKR,1400.0,sqft,3,3,"Bahadurabad, Gulshan-e-Iqbal Town","3 Bed Dd On Sell
 Fully Renovated",https://www.zameen.com/Property/gulshan_e_iqbal_town_bahadurabad_fully_renovated_3_bed_dd_for_sale-54060169-524-1.html,"City: Karachi | Type: sale flats | Title: Fully Renovated 3 Bed Dd For Sale | Location: Bahadurabad, Gulshan-e-Iqbal Town | Beds: 3 | Baths: 3 | Price: 33500000 PKR | Details: 3 Bed Dd On Sell
 Fully Renovated"
dataset_zameen-property-scraper_2026-09-21_19-36-23-931_54388510,Karachi,sale,flats,3 Bed DD Flat Available For Sale At Main Shaheed E Milat With All Modern Facilities And Luxuries West Open Flat,60000000,PKR,2100.0,sqft,3,4,"Tariq Road, Karachi",3 Bed DD Flat Available For Sale At,https://www.zameen.com/Property/karachi_tariq_road_3_bed_dd_flat_available_for_sale_at_main_shaheed_e_milat_with_all_modern_facilities_and_luxuries_west_open_flat-54388510-532-1.html,"City: Karachi | Type: sale flats | Title: 3 Bed DD Flat Available For Sale At Main Shaheed E Milat With All Modern Facilities And Luxuries West Open Flat | Location: Tariq Road, Karachi | Beds: 3 | Baths: 4 | Price: 60000000 PKR | Details: 3 Bed DD Flat Available For Sale At"
dataset_zameen-property-scraper_2026-09-21_19-36-23-931_54630879,Karachi,sale,flats,540sq ft 1BHK Luxury Flat Available on CASH/ INSTALMENTS. Paragon Towers are available on SALE at minimum prices.,4000000,PKR,540.0,sqft,1,1,"Paragon Tower, Bahria Town - Precinct 17","Welcome to Paragon Towers, an epito",https://www.zameen.com/Property/bahria_town_precinct_17_paragon_tower_540sq_ft_1bhk_luxury_flat_available_on_cash_instalments_paragon_towers_are_available_on_sale_at_minimum_prices-54630879-21833-1.html,"City: Karachi | Type: sale flats | Title: 540sq ft 1BHK Luxury Flat Available on CASH/ INSTALMENTS. Paragon Towers are available on SALE at minimum prices. | Location: Paragon Tower, Bahria Town - Precinct 17 | Beds: 1 | Baths: 1 | Price: 4000000 PKR | Details: Welcome to Paragon Towers, an epito"
dataset_zameen-property-scraper_2026-09-21_19-36-23-931_52762402,Karachi,sale,flats,Creek Vista 4 Bedroom Apartment Fully Maintained Higher Floor Shaheen Moin Khan Facing,125000000,PKR,3760.0,sqft,4,5,"Creek Vista, DHA Phase 8",*CREEK VISTA 4 BED APPT FOR SALE FU,https://www.zameen.com/Property/dha_phase_8_creek_vista_creek_vista_4_bedroom_apartment_fully_maintained_higher_floor_shaheen_moin_khan_facing-52762402-9058-1.html,"City: Karachi | Type: sale flats | Title: Creek Vista 4 Bedroom Apartment Fully Maintained Higher Floor Shaheen Moin Khan Facing | Location: Creek Vista, DHA Phase 8 | Beds: 4 | Baths: 5 | Price: 125000000 PKR | Details: *CREEK VISTA 4 BED APPT FOR SALE FU"
dataset_zameen-property-scraper_2026-09-21_19-36-23-931_50850485,Karachi,sale,flats,Creek Vista 4 Bedrooms Higher 14 Floor Compound Facing,120000000,PKR,3760.0,sqft,4,5,"Creek Vista, DHA Phase 8",Alhamdulillah I am specialist of Cr,https://www.zameen.com/Property/dha_phase_8_creek_vista_creek_vista_4_bedrooms_higher_14_floor_compound_facing-50850485-9058-1.html,"City: Karachi | Type: sale flats | Title: Creek Vista 4 Bedrooms Higher 14 Floor Compound Facing | Location: Creek Vista, DHA Phase 8 | Beds: 4 | Baths: 5 | Price: 120000000 PKR | Details: Alhamdulillah I am specialist of Cr"
dataset_zameen-property-scraper_2026-09-21_19-36-23-931_52884929,Karachi,sale,flats,Flat For Sale In Gulshan e Iqbal Blk 13B,22000000,PKR,1500.0,sqft,3,2,"Gulshan-e-Iqbal - Block 13/B, Gulshan-e-Iqbal","3 Bed dd 2 Washrooms
 2nd Floor 150",https://www.zameen.com/Property/gulshan_e_iqbal_gulshan-e-iqbal_-_block_13_b_flat_for_sale_in_gulshan_e_iqbal_blk_13b-52884929-8844-1.html,"City: Karachi | Type: sale flats | Title: Flat For Sale In Gulshan e Iqbal Blk 13B | Location: Gulshan-e-Iqbal - Block 13/B, Gulshan-e-Iqbal | Beds: 3 | Baths: 2 | Price: 22000000 PKR | Details: 3 Bed dd 2 Washrooms
 2nd Floor 150"
dataset_zameen-property-scraper_2026-09-21_19-36-23-931_54596766,Karachi,sale,flats,Flat For Sell In Gulshan e Iqbal Block 16,24000000,PKR,1400.0,sqft,3,2,"Gulshan-e-Iqbal - Block 16, Gulshan-e-Iqbal",Flat For Sell In Gulshan e Iqbal Bl,https://www.zameen.com/Property/gulshan_e_iqbal_gulshan-e-iqbal_-_block_16_flat_for_sell_in_gulshan_e_iqbal_block_16-54596766-6878-1.html,"City: Karachi | Type: sale flats | Title: Flat For Sell In Gulshan e Iqbal Block 16 | Location: Gulshan-e-Iqbal - Block 16, Gulshan-e-Iqbal | Beds: 3 | Baths: 2 | Price: 24000000 PKR | Details: Flat For Sell In Gulshan e Iqbal Bl"
dataset_zameen-property-scraper_2026-09-21_19-36-23-931_54775167,Karachi,sale,flats,"*Apartment for Sale at PECHS Block 2 Near Khalid Bin Waleed, Allama Iqbal Road*",38000000,PKR,1650.0,sqft,3,3,"PECHS Block 2, PECHS","3 Bed Drawing & Dining
 3 Attached",https://www.zameen.com/Property/pechs_pechs_block_2_apartment_for_sale_at_pechs_block_2_near_khalid_bin_waleed_allama_iqbal_road-54775167-6933-1.html,"City: Karachi | Type: sale flats | Title: *Apartment for Sale at PECHS Block 2 Near Khalid Bin Waleed, Allama Iqbal Road* | Location: PECHS Block 2, PECHS | Beds: 3 | Baths: 3 | Price: 38000000 PKR | Details: 3 Bed Drawing & Dining
 3 Attached"
dataset_zameen-property-scraper_2026-09-21_19-37-06-576_54775266,Karachi,sale,plots,Beautiful location,46000000,PKR,500.0,Sq Yd,0,0,"DHA Phase 7, DHA Defence","Located on Khayaban e Humayun, stre",https://www.zameen.com/Property/dha_defence_dha_phase_7_beautiful_location-54775266-1484-2.html,"City: Karachi | Type: sale plots | Title: Beautiful location | Location: DHA Phase 7, DHA Defence | Beds: 0 | Baths: 0 | Price: 46000000 PKR | Details: Located on Khayaban e Humayun, stre"
dataset_zameen-property-scraper_2026-09-21_19-37-06-576_54775108,Karachi,sale,plots,Demolish BUNGALOW Main Sunset Boulevard 90*100 Best For Investor,250000000,PKR,1033.0,Sq Yd,0,0,"DHA Phase 2, DHA Defence","1033 yards 
demolish BUNGALOW
90*10",https://www.zameen.com/Property/dha_defence_dha_phase_2_demolish_bungalow_main_sunset_boulevard_90_100_best_for_investor-54775108-1479-2.html,"City: Karachi | Type: sale plots | Title: Demolish BUNGALOW Main Sunset Boulevard 90*100 Best For Investor | Location: DHA Phase 2, DHA Defence | Beds: 0 | Baths: 0 | Price: 250000000 PKR | Details: 1033 yards 
demolish BUNGALOW
90*10"
dataset_zameen-property-scraper_2026-09-21_19-37-06-576_54774357,Karachi,sale,plots,"2000 sqyd Plot, DHA Phase 8",500000000,PKR,2000.0,Sq Yd,0,0,"DHA Phase 8, DHA Defence","- Plot for sale
- Residential
- 200",https://www.zameen.com/Property/dha_defence_dha_phase_8_2000_sqyd_plot_dha_phase_8-54774357-1485-2.html,"City: Karachi | Type: sale plots | Title: 2000 sqyd Plot, DHA Phase 8 | Location: DHA Phase 8, DHA Defence | Beds: 0 | Baths: 0 | Price: 500000000 PKR | Details: - Plot for sale
- Residential
- 200"
dataset_zameen-property-scraper_2026-09-21_19-37-06-576_54774233,Karachi,sale,plots,200 Sq. Yards Commercial Plot For Sale Peninsula Commercial,240000000,PKR,200.0,Sq Yd,0,0,"Peninsula Commercial Area, DHA Phase 8",A prime 200 Sq. Yards commercial pl,https://www.zameen.com/Property/dha_phase_8_peninsula_commercial_area_200_sq_yards_commercial_plot_for_sale_peninsula_commercial-54774233-6682-2.html,"City: Karachi | Type: sale plots | Title: 200 Sq. Yards Commercial Plot For Sale Peninsula Commercial | Location: Peninsula Commercial Area, DHA Phase 8 | Beds: 0 | Baths: 0 | Price: 240000000 PKR | Details: A prime 200 Sq. Yards commercial pl"
dataset_zameen-property-scraper_2026-09-21_19-37-06-576_54660683,Karachi,sale,plots,Prime Location Bahria Golf City Residential Plot Sized 500 Square Yards For Sale,16500000,PKR,500.0,Sq Yd,0,0,"Bahria Golf City, Bahria Town Karachi",You can expect good returns on inve,https://www.zameen.com/Property/bahria_town_karachi_bahria_golf_city_prime_location_bahria_golf_city_residential_plot_sized_500_square_yards_for_sale-54660683-8942-2.html,"City: Karachi | Type: sale plots | Title: Prime Location Bahria Golf City Residential Plot Sized 500 Square Yards For Sale | Location: Bahria Golf City, Bahria Town Karachi | Beds: 0 | Baths: 0 | Price: 16500000 PKR | Details: You can expect good returns on inve"
dataset_zameen-property-scraper_2026-09-21_19-37-06-576_54714014,Karachi,sale,plots,Residential Plot Available For Sale In DHA City - Sector 6E,4000000,PKR,125.0,Sq Yd,0,0,"DHA City - Sector 6E, DHA City - Sector 6",Your family will love the property,https://www.zameen.com/Property/dha_city_sector_6_dha_city_-_sector_6e_residential_plot_available_for_sale_in_dha_city_-_sector_6e-54714014-21005-2.html,"City: Karachi | Type: sale plots | Title: Residential Plot Available For Sale In DHA City - Sector 6E | Location: DHA City - Sector 6E, DHA City - Sector 6 | Beds: 0 | Baths: 0 | Price: 4000000 PKR | Details: Your family will love the property"
dataset_zameen-property-scraper_2026-09-21_19-37-06-576_54775183,Karachi,sale,plots,Looking For A Prime Location Residential Plot In Meerut Society,21000000,PKR,240.0,Sq Yd,0,0,"Meerut Society, Scheme 33",The perfect 240 Square Yards Reside,https://www.zameen.com/Property/scheme_33_meerut_society_looking_for_a_prime_location_residential_plot_in_meerut_society-54775183-9078-2.html,"City: Karachi | Type: sale plots | Title: Looking For A Prime Location Residential Plot In Meerut Society | Location: Meerut Society, Scheme 33 | Beds: 0 | Baths: 0 | Price: 21000000 PKR | Details: The perfect 240 Square Yards Reside"
dataset_zameen-property-scraper_2026-09-21_19-37-06-576_54691075,Karachi,sale,plots,"240 Sq. Yards Plot for Sale Federal Government Housing Foundation, Sector 25B | Single Belt | Main 50 Ft & 200 Ft Roads | Near Aramco",66000000,PKR,240.0,Sq Yd,0,0,"Federal Government Employees - Sector 25B, Federal Government Employees Housing Foundation",Prime 240 square yards plot availab,https://www.zameen.com/Property/federal_government_employees_housing_foundation_federal_government_employees_-_sector_25b_240_sq_yards_plot_for_sale_federal_government_housing_foundation_sector_25b_single_belt_main_50_ft_200_ft_roads_near_aramco-54691075-17480-2.html,"City: Karachi | Type: sale plots | Title: 240 Sq. Yards Plot for Sale Federal Government Housing Foundation, Sector 25B | Single Belt | Main 50 Ft & 200 Ft Roads | Near Aramco | Location: Federal Government Employees - Sector 25B, Federal Government Employees Housing Foundation | Beds: 0 | Baths: 0 | Price: 66000000 PKR | Details: Prime 240 square yards plot availab"
dataset_zameen-property-scraper_2026-09-21_19-37-06-576_54744808,Karachi,sale,plots,Plot Available For Sale in North Town Residency Phase#1,7800000,PKR,120.0,Sq Yd,0,0,"North Town Residency, Surjani Town","North Town Residency Phase#1

Super",https://www.zameen.com/Property/surjani_town_north_town_residency_plot_available_for_sale_in_north_town_residency_phase_1-54744808-10674-2.html,"City: Karachi | Type: sale plots | Title: Plot Available For Sale in North Town Residency Phase#1 | Location: North Town Residency, Surjani Town | Beds: 0 | Baths: 0 | Price: 7800000 PKR | Details: North Town Residency Phase#1

Super"
dataset_zameen-property-scraper_2026-09-21_19-37-06-576_54774900,Karachi,sale,plots,In Saadi Garden 120 Square Yards Residential Plot For sale,9300000,PKR,120.0,Sq Yd,0,0,"Saadi Garden, Scheme 33",120 yard prime location transfer pl,https://www.zameen.com/Property/scheme_33_saadi_garden_in_saadi_garden_120_square_yards_residential_plot_for_sale-54774900-9087-2.html,"City: Karachi | Type: sale plots | Title: In Saadi Garden 120 Square Yards Residential Plot For sale | Location: Saadi Garden, Scheme 33 | Beds: 0 | Baths: 0 | Price: 9300000 PKR | Details: 120 yard prime location transfer pl"
dataset_zameen-property-scraper_2026-09-21_19-37-06-576_54670000,Karachi,sale,plots,"310 Square Yard Plot # 1133 St-15 Corner Category Plot For Sale Precinct-8, Bahria Town Karachi. Prime Location | Ideal For Residence Or Investment. Just 5 Mins Drive From Entrance | Near Park, Mosque, Midway Commercial & Bahria Heights.",11600000,PKR,310.0,Sq Yd,0,0,"Bahria Town - Precinct 8, Bahria Town Karachi",NUH Properties & Builders brings yo,https://www.zameen.com/Property/bahria_town_karachi_bahria_town_-_precinct_8_310_square_yard_plot_1133_st-15_corner_category_plot_for_sale_precinct-8_bahria_town_karachi_prime_location_ideal_for_residence_or_investment_just_5_mins_drive_from_entrance_near_park_mosque_midway_commercial_bahria_heights-54670000-10016-2.html,"City: Karachi | Type: sale plots | Title: 310 Square Yard Plot # 1133 St-15 Corner Category Plot For Sale Precinct-8, Bahria Town Karachi. Prime Location | Ideal For Residence Or Investment. Just 5 Mins Drive From Entrance | Near Park, Mosque, Midway Commercial & Bahria Heights. | Location: Bahria Town - Precinct 8, Bahria Town Karachi | Beds: 0 | Baths: 0 | Price: 11600000 PKR | Details: NUH Properties & Builders brings yo"
dataset_zameen-property-scraper_2026-09-21_19-37-06-576_54607439,Karachi,sale,plots,120 Square Yard Residential Plot For Sale | PIA Society | Prime Location,14500000,PKR,120.0,Sq Yd,0,0,"PIA Society, Scheme 33 - Sector 27-A",Prime Location 120Sq. Yd. Residenti,https://www.zameen.com/Property/scheme_33_sector_27_a_pia_society_120_square_yard_residential_plot_for_sale_pia_society_prime_location-54607439-9319-2.html,"City: Karachi | Type: sale plots | Title: 120 Square Yard Residential Plot For Sale | PIA Society | Prime Location | Location: PIA Society, Scheme 33 - Sector 27-A | Beds: 0 | Baths: 0 | Price: 14500000 PKR | Details: Prime Location 120Sq. Yd. Residenti"
dataset_zameen-property-scraper_2026-09-21_19-37-06-576_54727225,Karachi,sale,plots,Perfect Prime Location 1150 Square Yards Commercial Plot In Clifton - Block 2 For sale,2,PKR,1150.0,Sq Yd,0,0,"Clifton - Block 2, Clifton",COMMERCIAL PLOT FOR SALE CLIFTON BL,https://www.zameen.com/Property/clifton_clifton_-_block_2_perfect_prime_location_1150_square_yards_commercial_plot_in_clifton_-_block_2_for_sale-54727225-1664-2.html,"City: Karachi | Type: sale plots | Title: Perfect Prime Location 1150 Square Yards Commercial Plot In Clifton - Block 2 For sale | Location: Clifton - Block 2, Clifton | Beds: 0 | Baths: 0 | Price: 2 PKR | Details: COMMERCIAL PLOT FOR SALE CLIFTON BL"
dataset_zameen-property-scraper_2026-09-21_19-37-06-576_54671758,Karachi,sale,plots,Ready To Buy A Residential Plot In DHA City - Sector 9E Karachi,3000000,PKR,125.0,Sq Yd,0,0,"DHA City - Sector 9E, DHA City - Sector 9","The area is 125 Square Yards, you w",https://www.zameen.com/Property/dha_city_sector_9_dha_city_-_sector_9e_ready_to_buy_a_residential_plot_in_dha_city_-_sector_9e_karachi-54671758-21009-2.html,"City: Karachi | Type: sale plots | Title: Ready To Buy A Residential Plot In DHA City - Sector 9E Karachi | Location: DHA City - Sector 9E, DHA City - Sector 9 | Beds: 0 | Baths: 0 | Price: 3000000 PKR | Details: The area is 125 Square Yards, you w"
dataset_zameen-property-scraper_2026-09-21_19-37-06-576_54715913,Karachi,sale,plots,Ideal Residential Plot Is Available For Sale In Karachi,3500000,PKR,120.0,Sq Yd,0,0,"Pir Gul Hassan Town, Scheme 33",all categories plots,https://www.zameen.com/Property/scheme_33_pir_gul_hassan_town_ideal_residential_plot_is_available_for_sale_in_karachi-54715913-9523-2.html,"City: Karachi | Type: sale plots | Title: Ideal Residential Plot Is Available For Sale In Karachi | Location: Pir Gul Hassan Town, Scheme 33 | Beds: 0 | Baths: 0 | Price: 3500000 PKR | Details: all categories plots"
dataset_zameen-property-scraper_2026-09-21_19-37-06-576_54715923,Karachi,sale,plots,"In Pir Gul Hassan Town Of Karachi, A 120 Square Yards Residential Plot Is Available",2500000,PKR,120.0,Sq Yd,0,0,"Pir Gul Hassan Town, Scheme 33",This is kind of a highly facilitate,https://www.zameen.com/Property/scheme_33_pir_gul_hassan_town_in_pir_gul_hassan_town_of_karachi_a_120_square_yards_residential_plot_is_available-54715923-9523-2.html,"City: Karachi | Type: sale plots | Title: In Pir Gul Hassan Town Of Karachi, A 120 Square Yards Residential Plot Is Available | Location: Pir Gul Hassan Town, Scheme 33 | Beds: 0 | Baths: 0 | Price: 2500000 PKR | Details: This is kind of a highly facilitate"
dataset_zameen-property-scraper_2026-09-21_19-37-06-576_54716174,Karachi,sale,plots,Reasonable Demand,9000000,PKR,240.0,Sq Yd,0,0,"Pir Ahmed Zaman Town - Block 3, Pir Ahmed Zaman Town","All Categories Plots Availaible

Co",https://www.zameen.com/Property/pir_ahmed_zaman_town_pir_ahmed_zaman_town_-_block_3_reasonable_demand-54716174-13233-2.html,"City: Karachi | Type: sale plots | Title: Reasonable Demand | Location: Pir Ahmed Zaman Town - Block 3, Pir Ahmed Zaman Town | Beds: 0 | Baths: 0 | Price: 9000000 PKR | Details: All Categories Plots Availaible

Co"
dataset_zameen-property-scraper_2026-09-21_19-37-06-576_54555807,Karachi,sale,plots,Government Teachers CHS Sector 19-A Plot For Sale 120 Square Yards Transfer Plot 24ft Road,17000000,PKR,120.0,Sq Yd,0,0,"Government Teacher Society - Sector 19-A, Scheme 33 - Sector 19-A",WAQAR ASSOCIATES DIRECT DEALS FOR C,https://www.zameen.com/Property/scheme_33_sector_19_a_government_teacher_society_-_sector_19-a_government_teachers_chs_sector_19-a_plot_for_sale_120_square_yards_transfer_plot_24ft_road-54555807-9191-2.html,"City: Karachi | Type: sale plots | Title: Government Teachers CHS Sector 19-A Plot For Sale 120 Square Yards Transfer Plot 24ft Road | Location: Government Teacher Society - Sector 19-A, Scheme 33 - Sector 19-A | Beds: 0 | Baths: 0 | Price: 17000000 PKR | Details: WAQAR ASSOCIATES DIRECT DEALS FOR C"
dataset_zameen-property-scraper_2026-09-21_19-37-06-576_54537049,Karachi,sale,plots,ICI STAFF CHS 240 Square Yards Plot For Sale west open plot,19500000,PKR,240.0,Sq Yd,0,0,"ICI Staff Cooperative Housing Society, Scheme 33",240 square yards plot for sale in I,https://www.zameen.com/Property/scheme_33_ici_staff_cooperative_housing_society_ici_staff_chs_240_square_yards_plot_for_sale_west_open_plot-54537049-12646-2.html,"City: Karachi | Type: sale plots | Title: ICI STAFF CHS 240 Square Yards Plot For Sale west open plot | Location: ICI Staff Cooperative Housing Society, Scheme 33 | Beds: 0 | Baths: 0 | Price: 19500000 PKR | Details: 240 square yards plot for sale in I"
dataset_zameen-property-scraper_2026-09-21_19-37-06-576_54775235,Karachi,sale,plots,Dha city sector 2D karachi,19000000,PKR,500.0,Sq Yd,0,0,"DHA City - Sector 2D, DHA City - Sector 2",Ideal Investment & Perfect Location,https://www.zameen.com/Property/dha_city_sector_2_dha_city_-_sector_2d_dha_city_sector_2d_karachi-54775235-13044-2.html,"City: Karachi | Type: sale plots | Title: Dha city sector 2D karachi | Location: DHA City - Sector 2D, DHA City - Sector 2 | Beds: 0 | Baths: 0 | Price: 19000000 PKR | Details: Ideal Investment & Perfect Location"
dataset_zameen-property-scraper_2026-09-21_19-37-06-576_54676109,Karachi,sale,plots,Precinct 1 Near Main Entrance of Bahria Town (Plot FOR SALE),13000000,PKR,250.0,Sq Yd,0,0,"Bahria Town - Precinct 1, Bahria Town Karachi",we Brings You An Opportunity To Buy,https://www.zameen.com/Property/bahria_town_karachi_bahria_town_-_precinct_1_precinct_1_near_main_entrance_of_bahria_town_plot_for_sale-54676109-10007-2.html,"City: Karachi | Type: sale plots | Title: Precinct 1 Near Main Entrance of Bahria Town (Plot FOR SALE) | Location: Bahria Town - Precinct 1, Bahria Town Karachi | Beds: 0 | Baths: 0 | Price: 13000000 PKR | Details: we Brings You An Opportunity To Buy"
dataset_zameen-property-scraper_2026-09-21_19-37-06-576_54700886,Karachi,sale,plots,1 ACRE FARM HOUSE PLOT FOR SALE | BAHRIA TOWN | DEAD END CORNER | ALLOTMENT PLOT | PRIME LOCATION,110000000,PKR,4046.0,Sq Yd,0,0,"Bahria Farm House, Bahria Town Karachi","Luxury Farm House Plot
 
A Prime 1-",https://www.zameen.com/Property/bahria_town_karachi_bahria_farm_house_1_acre_farm_house_plot_for_sale_bahria_town_dead_end_corner_allotment_plot_prime_location-54700886-10368-2.html,"City: Karachi | Type: sale plots | Title: 1 ACRE FARM HOUSE PLOT FOR SALE | BAHRIA TOWN | DEAD END CORNER | ALLOTMENT PLOT | PRIME LOCATION | Location: Bahria Farm House, Bahria Town Karachi | Beds: 0 | Baths: 0 | Price: 110000000 PKR | Details: Luxury Farm House Plot
 
A Prime 1-"
dataset_zameen-property-scraper_2026-09-21_19-37-06-576_54704497,Karachi,sale,plots,Corner Plot Bahria Hills Plots FOR SALE. Facing Jinnah Avenue and 2km from Main Entrance of BTK Heighted Location,25000000,PKR,500.0,Sq Yd,0,0,"Bahria Hills, Bahria Town Karachi",we Brings You An Opportunity To Buy,https://www.zameen.com/Property/bahria_town_karachi_bahria_hills_corner_plot_bahria_hills_plots_for_sale_facing_jinnah_avenue_and_2km_from_main_entrance_of_btk_heighted_location-54704497-13173-2.html,"City: Karachi | Type: sale plots | Title: Corner Plot Bahria Hills Plots FOR SALE. Facing Jinnah Avenue and 2km from Main Entrance of BTK Heighted Location | Location: Bahria Hills, Bahria Town Karachi | Beds: 0 | Baths: 0 | Price: 25000000 PKR | Details: we Brings You An Opportunity To Buy"
dataset_zameen-property-scraper_2026-09-21_19-37-06-576_54600393,Karachi,sale,plots,"272 Sq Yd Plots At Precicnt-54 Available At Low Rates. Near Central Park Appartments, Ready For Constrution Plots At Investor Rates",3900000,PKR,272.0,Sq Yd,0,0,"Bahria Paradise - Precinct 54, Bahria Paradise",we Brings You An Opportunity To Buy,https://www.zameen.com/Property/bahria_paradise_bahria_paradise_-_precinct_54_272_sq_yd_plots_at_precicnt-54_available_at_low_rates_near_central_park_appartments_ready_for_constrution_plots_at_investor_rates-54600393-12073-2.html,"City: Karachi | Type: sale plots | Title: 272 Sq Yd Plots At Precicnt-54 Available At Low Rates. Near Central Park Appartments, Ready For Constrution Plots At Investor Rates | Location: Bahria Paradise - Precinct 54, Bahria Paradise | Beds: 0 | Baths: 0 | Price: 3900000 PKR | Details: we Brings You An Opportunity To Buy"
dataset_zameen-property-scraper_2026-09-21_19-37-06-576_54681111,Karachi,sale,plots,"500 Sq Yd Plot For Sale Precinct-33, Bahria Town Karachi Ready-to-Construct, Near Entrance & Rafi Cricket Stadium | Prime Location for Future Investment.",4300000,PKR,500.0,Sq Yd,0,0,"Bahria Town - Precinct 33, Bahria Town Karachi",Exclusive Offer from NUH Properties,https://www.zameen.com/Property/bahria_town_karachi_bahria_town_-_precinct_33_500_sq_yd_plot_for_sale_precinct-33_bahria_town_karachi_ready-to-construct_near_entrance_rafi_cricket_stadium_prime_location_for_future_investment-54681111-11857-2.html,"City: Karachi | Type: sale plots | Title: 500 Sq Yd Plot For Sale Precinct-33, Bahria Town Karachi Ready-to-Construct, Near Entrance & Rafi Cricket Stadium | Prime Location for Future Investment. | Location: Bahria Town - Precinct 33, Bahria Town Karachi | Beds: 0 | Baths: 0 | Price: 4300000 PKR | Details: Exclusive Offer from NUH Properties"
dataset_zameen-property-scraper_2026-09-21_19-38-10-735_54703146,Karachi,sale,commercial-sale,Prime Location Sale A Building In Karachi Prime Location,710000000,PKR,200.0,Sq Yd,0,0,"Bukhari Commercial Area, DHA Phase 6",200 YARDS RENTED COMMERCIAL PROPERT,https://www.zameen.com/Property/dha_phase_6_bukhari_commercial_area_prime_location_sale_a_building_in_karachi_prime_location-54703146-6674-3.html,"City: Karachi | Type: sale commercial-sale | Title: Prime Location Sale A Building In Karachi Prime Location | Location: Bukhari Commercial Area, DHA Phase 6 | Beds: 0 | Baths: 0 | Price: 710000000 PKR | Details: 200 YARDS RENTED COMMERCIAL PROPERT"
dataset_zameen-property-scraper_2026-09-21_19-38-10-735_54533647,Karachi,sale,commercial-sale,"Premium Commercial Building For Sale | Zulfiqar Commercial, DHA Phase 8, Karachi",690000000,PKR,200.0,Sq Yd,4,4,"DHA Phase 8, DHA Defence",Prime Investment Opportunity High R,https://www.zameen.com/Property/dha_defence_dha_phase_8_premium_commercial_building_for_sale_zulfiqar_commercial_dha_phase_8_karachi-54533647-1485-3.html,"City: Karachi | Type: sale commercial-sale | Title: Premium Commercial Building For Sale | Zulfiqar Commercial, DHA Phase 8, Karachi | Location: DHA Phase 8, DHA Defence | Beds: 4 | Baths: 4 | Price: 690000000 PKR | Details: Prime Investment Opportunity High R"
dataset_zameen-property-scraper_2026-09-21_19-38-10-735_54538994,Karachi,sale,commercial-sale,"Business Tower in Gulistan e Johar Block 3A - Offices & Showrooms - Balad Trade Center VII, A project by OK Estate and Builders",15400000,PKR,66.0,Sq Yd,0,0,"Gulistan-e-Jauhar - Block 3-A, Gulistan-e-Jauhar",Balad Trade Centre VII (BTC 7)- A P,https://www.zameen.com/Property/gulistan_e_jauhar_gulistan-e-jauhar_-_block_3-a_business_tower_in_gulistan_e_johar_block_3a_-_offices_showrooms_-_balad_trade_center_vii_a_project_by_ok_estate_and_builders-54538994-6827-3.html,"City: Karachi | Type: sale commercial-sale | Title: Business Tower in Gulistan e Johar Block 3A - Offices & Showrooms - Balad Trade Center VII, A project by OK Estate and Builders | Location: Gulistan-e-Jauhar - Block 3-A, Gulistan-e-Jauhar | Beds: 0 | Baths: 0 | Price: 15400000 PKR | Details: Balad Trade Centre VII (BTC 7)- A P"
dataset_zameen-property-scraper_2026-09-21_19-38-10-735_54404657,Karachi,sale,commercial-sale,Shop For Sale In 450 Square Feet In Commercial Dha Phase 2,10000000,PKR,50.0,Sq Yd,0,1,"DHA Phase 2 Extension, DHA Defence",Prime Commercial Shop for Sale Idea,https://www.zameen.com/Property/dha_defence_dha_phase_2_extension_shop_for_sale_in_450_square_feet_in_commercial_dha_phase_2-54404657-1672-3.html,"City: Karachi | Type: sale commercial-sale | Title: Shop For Sale In 450 Square Feet In Commercial Dha Phase 2 | Location: DHA Phase 2 Extension, DHA Defence | Beds: 0 | Baths: 1 | Price: 10000000 PKR | Details: Prime Commercial Shop for Sale Idea"
dataset_zameen-property-scraper_2026-09-21_19-38-10-735_54748990,Karachi,sale,commercial-sale,Commercial Ballroom Restaurant Office Available For Sale,53500000,PKR,240.0,Sq Yd,0,1,"Naya Nazimabad, Karachi",Commercial Space for Sale Naya Nazi,https://www.zameen.com/Property/karachi_naya_nazimabad_commercial_ballroom_restaurant_office_available_for_sale-54748990-10079-3.html,"City: Karachi | Type: sale commercial-sale | Title: Commercial Ballroom Restaurant Office Available For Sale | Location: Naya Nazimabad, Karachi | Beds: 0 | Baths: 1 | Price: 53500000 PKR | Details: Commercial Space for Sale Naya Nazi"
dataset_zameen-property-scraper_2026-09-21_19-38-10-735_54573270,Karachi,sale,commercial-sale,OFFICE BUILDING FRESH BOOKING BUKHARI COMMERCIAL MAIN 60 FEET ROAD DHA PHASE 6,35700000,PKR,113.0,Sq Yd,0,0,"Bukhari Commercial Area, DHA Phase 6",CHANCE DEAL IN INVESTOR RATE FRESH,https://www.zameen.com/Property/dha_phase_6_bukhari_commercial_area_office_building_fresh_booking_bukhari_commercial_main_60_feet_road_dha_phase_6-54573270-6674-3.html,"City: Karachi | Type: sale commercial-sale | Title: OFFICE BUILDING FRESH BOOKING BUKHARI COMMERCIAL MAIN 60 FEET ROAD DHA PHASE 6 | Location: Bukhari Commercial Area, DHA Phase 6 | Beds: 0 | Baths: 0 | Price: 35700000 PKR | Details: CHANCE DEAL IN INVESTOR RATE FRESH"
dataset_zameen-property-scraper_2026-09-21_19-38-10-735_54659933,Karachi,sale,commercial-sale,FRESH BOOKING CHANCE DEAL FOR INVESTORS BEST SHOP/SHOWROOM FOR BRANDS / BANKS / RESTURANTS,132000000,PKR,92.0,Sq Yd,0,1,"Bukhari Commercial Area, DHA Phase 6",CHANCE DEAL IN INVESTOR RATE FRESH,https://www.zameen.com/Property/dha_phase_6_bukhari_commercial_area_fresh_booking_chance_deal_for_investors_best_shop_showroom_for_brands_banks_resturants-54659933-6674-3.html,"City: Karachi | Type: sale commercial-sale | Title: FRESH BOOKING CHANCE DEAL FOR INVESTORS BEST SHOP/SHOWROOM FOR BRANDS / BANKS / RESTURANTS | Location: Bukhari Commercial Area, DHA Phase 6 | Beds: 0 | Baths: 1 | Price: 132000000 PKR | Details: CHANCE DEAL IN INVESTOR RATE FRESH"
dataset_zameen-property-scraper_2026-09-21_19-38-10-735_52583487,Karachi,sale,commercial-sale,150 Road Shop Big Size Sitting Area N Bigg Parking CHANCE DEAL Best Investment Aportunitee APPOSIT Sector W MAYMAR Ib So. Ro Road,7900000,PKR,28.0,Sq Yd,0,0,"Wasi Country Park, Gulshan-e-Maymar",150 Road Ideal Location. Big Parkin,https://www.zameen.com/Property/gulshan_e_maymar_wasi_country_park_150_road_shop_big_size_sitting_area_n_bigg_parking_chance_deal_best_investment_aportunitee_apposit_sector_w_maymar_ib_so_ro_road-52583487-11333-3.html,"City: Karachi | Type: sale commercial-sale | Title: 150 Road Shop Big Size Sitting Area N Bigg Parking CHANCE DEAL Best Investment Aportunitee APPOSIT Sector W MAYMAR Ib So. Ro Road | Location: Wasi Country Park, Gulshan-e-Maymar | Beds: 0 | Baths: 0 | Price: 7900000 PKR | Details: 150 Road Ideal Location. Big Parkin"
dataset_zameen-property-scraper_2026-09-21_19-38-10-735_54683982,Karachi,sale,commercial-sale,MAIN 200 FEET - GROUND FLOOR COMMERCIAL - DOUBLE HEIGHT,370000000,PKR,272.0,Sq Yd,0,0,"Gulistan-e-Jauhar, Karachi",MAIN 200FT ROAD COMMERCIAL FOR SALE,https://www.zameen.com/Property/karachi_gulistan-e-jauhar_main_200_feet_-_ground_floor_commercial_-_double_height-54683982-232-3.html,"City: Karachi | Type: sale commercial-sale | Title: MAIN 200 FEET - GROUND FLOOR COMMERCIAL - DOUBLE HEIGHT | Location: Gulistan-e-Jauhar, Karachi | Beds: 0 | Baths: 0 | Price: 370000000 PKR | Details: MAIN 200FT ROAD COMMERCIAL FOR SALE"
dataset_zameen-property-scraper_2026-09-21_19-38-10-735_54767549,Karachi,sale,commercial-sale,Building For Sale Korangi No. 5,1,PKR,1550.0,Sq Yd,0,0,"Korangi - Sector 5, Korangi",Building For Sale Prime Commercial,https://www.zameen.com/Property/korangi_korangi_-_sector_5_building_for_sale_korangi_no_5-54767549-22161-3.html,"City: Karachi | Type: sale commercial-sale | Title: Building For Sale Korangi No. 5 | Location: Korangi - Sector 5, Korangi | Beds: 0 | Baths: 0 | Price: 1 PKR | Details: Building For Sale Prime Commercial"
dataset_zameen-property-scraper_2026-09-21_19-38-10-735_52784722,Karachi,sale,commercial-sale,Balad Trade Centre VI By OK Estate &Amp; Builders Premium Offices For Sale On Installments In Karachis Commercial Hub,17800000,PKR,94.0,Sq Yd,0,1,"I. I. Chundrigar Road, Karachi",We are proud to announce the launch,https://www.zameen.com/Property/karachi_i_i_chundrigar_road_balad_trade_centre_vi_by_ok_estate_amp_builders_premium_offices_for_sale_on_installments_in_karachis_commercial_hub-52784722-530-3.html,"City: Karachi | Type: sale commercial-sale | Title: Balad Trade Centre VI By OK Estate &Amp; Builders Premium Offices For Sale On Installments In Karachis Commercial Hub | Location: I. I. Chundrigar Road, Karachi | Beds: 0 | Baths: 1 | Price: 17800000 PKR | Details: We are proud to announce the launch"
dataset_zameen-property-scraper_2026-09-21_19-38-10-735_7,Karachi,sale,commercial-sale,BALAD TRADE CENTRE 7 (BTC-7),15700000,PKR,66.0,Sq Yd,0,1,"Gulistan-e-Jauhar - Block 3-A, Gulistan-e-Jauhar",Where Business Meets Opportunity!,https://www.zameen.com/Property/gulistan_e_jauhar_gulistan-e-jauhar_-_block_3-a_balad_trade_centre_7_btc-7-54455802-6827-3.html,"City: Karachi | Type: sale commercial-sale | Title: BALAD TRADE CENTRE 7 (BTC-7) | Location: Gulistan-e-Jauhar - Block 3-A, Gulistan-e-Jauhar | Beds: 0 | Baths: 1 | Price: 15700000 PKR | Details: Where Business Meets Opportunity!"
dataset_zameen-property-scraper_2026-09-21_19-38-10-735_54258015,Karachi,sale,commercial-sale,Building For Sale,137500000,PKR,200.0,Sq Yd,0,0,"DHA Phase 5, DHA Defence","200 sqyd building
 Basement plus gr",https://www.zameen.com/Property/dha_defence_dha_phase_5_building_for_sale-54258015-1482-3.html,"City: Karachi | Type: sale commercial-sale | Title: Building For Sale | Location: DHA Phase 5, DHA Defence | Beds: 0 | Baths: 0 | Price: 137500000 PKR | Details: 200 sqyd building
 Basement plus gr"
dataset_zameen-property-scraper_2026-09-21_19-38-10-735_54775022,Karachi,sale,commercial-sale,Shop For Sale Khayaban-E-Seher DHA Phase 7,19000000,PKR,50.0,Sq Yd,0,1,"DHA Phase 7, DHA Defence","SHOP FOR SALE

Main Khay-e-Sehar, P",https://www.zameen.com/Property/dha_defence_dha_phase_7_shop_for_sale_khayaban-e-seher_dha_phase_7-54775022-1484-3.html,"City: Karachi | Type: sale commercial-sale | Title: Shop For Sale Khayaban-E-Seher DHA Phase 7 | Location: DHA Phase 7, DHA Defence | Beds: 0 | Baths: 1 | Price: 19000000 PKR | Details: SHOP FOR SALE

Main Khay-e-Sehar, P"
dataset_zameen-property-scraper_2026-09-21_19-38-10-735_54501113,Karachi,sale,commercial-sale,Shop Available For Sale,28500000,PKR,52.0,Sq Yd,0,0,"Jami Commercial Area, DHA Phase 7",DHA Phase 7 Jami Commercial Street,https://www.zameen.com/Property/dha_phase_7_jami_commercial_area_shop_available_for_sale-54501113-8492-3.html,"City: Karachi | Type: sale commercial-sale | Title: Shop Available For Sale | Location: Jami Commercial Area, DHA Phase 7 | Beds: 0 | Baths: 0 | Price: 28500000 PKR | Details: DHA Phase 7 Jami Commercial Street"
dataset_zameen-property-scraper_2026-09-21_19-38-10-735_54501328,Karachi,sale,commercial-sale,Shop Available For Sale,18000000,PKR,50.0,Sq Yd,0,0,"Jami Commercial Area, DHA Phase 7",Jami Commercial DHA Phase 7 Shop Av,https://www.zameen.com/Property/dha_phase_7_jami_commercial_area_shop_available_for_sale-54501328-8492-3.html,"City: Karachi | Type: sale commercial-sale | Title: Shop Available For Sale | Location: Jami Commercial Area, DHA Phase 7 | Beds: 0 | Baths: 0 | Price: 18000000 PKR | Details: Jami Commercial DHA Phase 7 Shop Av"
dataset_zameen-property-scraper_2026-09-21_19-38-10-735_54116148,Karachi,sale,commercial-sale,100 Square Yards Brand New Building For Sale Near Creek Walk Phase 8,200000000,PKR,100.0,Sq Yd,0,0,"Zulfiqar Commercial Area, DHA Phase 8",Prime Location Building For Sale,https://www.zameen.com/Property/dha_phase_8_zulfiqar_commercial_area_100_square_yards_brand_new_building_for_sale_near_creek_walk_phase_8-54116148-10369-3.html,"City: Karachi | Type: sale commercial-sale | Title: 100 Square Yards Brand New Building For Sale Near Creek Walk Phase 8 | Location: Zulfiqar Commercial Area, DHA Phase 8 | Beds: 0 | Baths: 0 | Price: 200000000 PKR | Details: Prime Location Building For Sale"
dataset_zameen-property-scraper_2026-09-21_19-38-10-735_53876859,Karachi,sale,commercial-sale,Office On Sale,22900000,PKR,78.0,Sq Yd,0,1,"Shahra-e-Faisal, Karachi","Office On Sell
 Mian Shahra E Faisa",https://www.zameen.com/Property/karachi_shahra-e-faisal_office_on_sale-53876859-310-3.html,"City: Karachi | Type: sale commercial-sale | Title: Office On Sale | Location: Shahra-e-Faisal, Karachi | Beds: 0 | Baths: 1 | Price: 22900000 PKR | Details: Office On Sell
 Mian Shahra E Faisa"
dataset_zameen-property-scraper_2026-09-21_19-38-10-735_54566002,Karachi,sale,commercial-sale,Brandnew Office On Sell,16000000,PKR,65.0,Sq Yd,0,0,"Shahra-e-Faisal, Karachi","Brandnew Office On Sell
Main Shahra",https://www.zameen.com/Property/karachi_shahra-e-faisal_brandnew_office_on_sell-54566002-310-3.html,"City: Karachi | Type: sale commercial-sale | Title: Brandnew Office On Sell | Location: Shahra-e-Faisal, Karachi | Beds: 0 | Baths: 0 | Price: 16000000 PKR | Details: Brandnew Office On Sell
Main Shahra"
dataset_zameen-property-scraper_2026-09-21_19-38-10-735_53164182,Karachi,sale,commercial-sale,Shop Of 350 Square Feet Available For Sale In University Road,24000000,PKR,39.0,Sq Yd,0,0,"University Road, Karachi",Shop For Sale On Main University Ro,https://www.zameen.com/Property/karachi_university_road_shop_of_350_square_feet_available_for_sale_in_university_road-53164182-324-3.html,"City: Karachi | Type: sale commercial-sale | Title: Shop Of 350 Square Feet Available For Sale In University Road | Location: University Road, Karachi | Beds: 0 | Baths: 0 | Price: 24000000 PKR | Details: Shop For Sale On Main University Ro"
dataset_zameen-property-scraper_2026-09-21_19-38-10-735_54384956,Karachi,sale,commercial-sale,Brand New Executive Office Space For Sale Available Main Ittehad Road DHA Phase 2 Ext,75000000,PKR,227.0,Sq Yd,0,0,"DHA Phase 2 Extension, DHA Defence","2040 Sqft Big Hall No Column 
11 FE",https://www.zameen.com/Property/dha_defence_dha_phase_2_extension_brand_new_executive_office_space_for_sale_available_main_ittehad_road_dha_phase_2_ext-54384956-1672-3.html,"City: Karachi | Type: sale commercial-sale | Title: Brand New Executive Office Space For Sale Available Main Ittehad Road DHA Phase 2 Ext | Location: DHA Phase 2 Extension, DHA Defence | Beds: 0 | Baths: 0 | Price: 75000000 PKR | Details: 2040 Sqft Big Hall No Column 
11 FE"
dataset_zameen-property-scraper_2026-09-21_19-38-10-735_50668586,Karachi,sale,commercial-sale,Main Jinnah Avenue Showroom For Sale On Investor Rate,72000000,PKR,144.0,Sq Yd,0,0,"Bahria Town - Jinnah Avenue, Bahria Town Karachi",Main Jinnah Avenue Showroom For Sal,https://www.zameen.com/Property/bahria_town_karachi_bahria_town_-_jinnah_avenue_main_jinnah_avenue_showroom_for_sale_on_investor_rate-50668586-13847-3.html,"City: Karachi | Type: sale commercial-sale | Title: Main Jinnah Avenue Showroom For Sale On Investor Rate | Location: Bahria Town - Jinnah Avenue, Bahria Town Karachi | Beds: 0 | Baths: 0 | Price: 72000000 PKR | Details: Main Jinnah Avenue Showroom For Sal"
dataset_zameen-property-scraper_2026-09-21_19-38-10-735_52690926,Karachi,sale,commercial-sale,Office Available For Sale In DHA Phase 2 Extension Karachi,23000000,PKR,125.0,Sq Yd,0,0,"DHA Phase 2 Extension, DHA Defence","Bali Business Boulevard
Plot # 19-C",https://www.zameen.com/Property/dha_defence_dha_phase_2_extension_office_available_for_sale_in_dha_phase_2_extension_karachi-52690926-1672-3.html,"City: Karachi | Type: sale commercial-sale | Title: Office Available For Sale In DHA Phase 2 Extension Karachi | Location: DHA Phase 2 Extension, DHA Defence | Beds: 0 | Baths: 0 | Price: 23000000 PKR | Details: Bali Business Boulevard
Plot # 19-C"
dataset_zameen-property-scraper_2026-09-21_19-38-10-735_52695775,Karachi,sale,commercial-sale,Three Combined Offices Available For Sale In DHA Phase 2 Extension Karachi,57000000,PKR,281.0,Sq Yd,0,0,"DHA Phase 2 Extension, DHA Defence",Office Available For Sale In DHA Ph,https://www.zameen.com/Property/dha_defence_dha_phase_2_extension_three_combined_offices_available_for_sale_in_dha_phase_2_extension_karachi-52695775-1672-3.html,"City: Karachi | Type: sale commercial-sale | Title: Three Combined Offices Available For Sale In DHA Phase 2 Extension Karachi | Location: DHA Phase 2 Extension, DHA Defence | Beds: 0 | Baths: 0 | Price: 57000000 PKR | Details: Office Available For Sale In DHA Ph"
dataset_zameen-property-scraper_2026-09-21_19-38-10-735_52696039,Karachi,sale,commercial-sale,Office Available For Sale In DHA Phase 2 Extension Karachi,28500000,PKR,137.0,Sq Yd,0,0,"DHA Phase 2 Extension, DHA Defence",Office Available For Sale In DHA Ph,https://www.zameen.com/Property/dha_defence_dha_phase_2_extension_office_available_for_sale_in_dha_phase_2_extension_karachi-52696039-1672-3.html,"City: Karachi | Type: sale commercial-sale | Title: Office Available For Sale In DHA Phase 2 Extension Karachi | Location: DHA Phase 2 Extension, DHA Defence | Beds: 0 | Baths: 0 | Price: 28500000 PKR | Details: Office Available For Sale In DHA Ph"
dataset_zameen-property-scraper_2026-09-21_19-39-09-997_54314860,Karachi,rent,rental-flats,Luxurious 4 Bedrooms Apartment For Rent In CREEK VISTA,425000,PKR,3850.0,sqft,4,5,"Creek Vista, DHA Phase 8",LUXURY APARTMENT FOR RENT IN DHA PH,https://www.zameen.com/Property/dha_phase_8_creek_vista_luxurious_4_bedrooms_apartment_for_rent_in_creek_vista-54314860-9058-4.html,"City: Karachi | Type: rent rental-flats | Title: Luxurious 4 Bedrooms Apartment For Rent In CREEK VISTA | Location: Creek Vista, DHA Phase 8 | Beds: 4 | Baths: 5 | Price: 425000 PKR | Details: LUXURY APARTMENT FOR RENT IN DHA PH"
dataset_zameen-property-scraper_2026-09-21_19-39-09-997_54734894,Karachi,rent,rental-flats,Flat For Rent,120000,PKR,1000.0,sqft,2,2,"DHA Phase 6, DHA Defence",2Nd Floor For Rent In Itthad Commer,https://www.zameen.com/Property/dha_defence_dha_phase_6_flat_for_rent-54734894-1483-4.html,"City: Karachi | Type: rent rental-flats | Title: Flat For Rent | Location: DHA Phase 6, DHA Defence | Beds: 2 | Baths: 2 | Price: 120000 PKR | Details: 2Nd Floor For Rent In Itthad Commer"
dataset_zameen-property-scraper_2026-09-21_19-39-09-997_54734330,Karachi,rent,rental-flats,"3 Bed DD Apartment For Rent In Bukhari Commercial,DHA Phase 6",130000,PKR,1100.0,sqft,3,3,"DHA Phase 6, DHA Defence",Apartment for Rent | First Floor |,https://www.zameen.com/Property/dha_defence_dha_phase_6_3_bed_dd_apartment_for_rent_in_bukhari_commercial_dha_phase_6-54734330-1483-4.html,"City: Karachi | Type: rent rental-flats | Title: 3 Bed DD Apartment For Rent In Bukhari Commercial,DHA Phase 6 | Location: DHA Phase 6, DHA Defence | Beds: 3 | Baths: 3 | Price: 130000 PKR | Details: Apartment for Rent | First Floor |"
dataset_zameen-property-scraper_2026-09-21_19-39-09-997_54511581,Karachi,rent,rental-flats,CHANCE DEAL BRAND NEW 2 BED CITY FACING APARTMENT AVAILABLE FOR RENT | The Views,250000,PKR,1850.0,sqft,2,3,"Emaar The Views, DHA Phase 8",The Views 2 Bedroom Apartment For R,https://www.zameen.com/Property/dha_phase_8_emaar_the_views_chance_deal_brand_new_2_bed_city_facing_apartment_available_for_rent_the_views-54511581-17808-4.html,"City: Karachi | Type: rent rental-flats | Title: CHANCE DEAL BRAND NEW 2 BED CITY FACING APARTMENT AVAILABLE FOR RENT | The Views | Location: Emaar The Views, DHA Phase 8 | Beds: 2 | Baths: 3 | Price: 250000 PKR | Details: The Views 2 Bedroom Apartment For R"
dataset_zameen-property-scraper_2026-09-21_19-39-09-997_54724814,Karachi,rent,rental-flats,Get Your Dream Prime Location Flat In Emaar The Views Karachi,360000,PKR,2450.0,sqft,3,3,"Emaar The Views, DHA Phase 8",LUXURY WATERFRONT LIVING | PREMIUM,https://www.zameen.com/Property/dha_phase_8_emaar_the_views_get_your_dream_prime_location_flat_in_emaar_the_views_karachi-54724814-17808-4.html,"City: Karachi | Type: rent rental-flats | Title: Get Your Dream Prime Location Flat In Emaar The Views Karachi | Location: Emaar The Views, DHA Phase 8 | Beds: 3 | Baths: 3 | Price: 360000 PKR | Details: LUXURY WATERFRONT LIVING | PREMIUM"
dataset_zameen-property-scraper_2026-09-21_19-39-09-997_54750238,Karachi,rent,rental-flats,Buying A Flat In DHA Phase 7 Extension Karachi?,90000,PKR,4725.0,sqft,0,0,"DHA Phase 7 Extension, DHA Defence",Full Furnished Studio Apartment Ava,https://www.zameen.com/Property/dha_defence_dha_phase_7_extension_buying_a_flat_in_dha_phase_7_extension_karachi-54750238-1674-4.html,"City: Karachi | Type: rent rental-flats | Title: Buying A Flat In DHA Phase 7 Extension Karachi? | Location: DHA Phase 7 Extension, DHA Defence | Beds: 0 | Baths: 0 | Price: 90000 PKR | Details: Full Furnished Studio Apartment Ava"
dataset_zameen-property-scraper_2026-09-21_19-39-09-997_54670250,Karachi,rent,rental-flats,LUXURY APARTMENT FOR RENT,300000,PKR,2500.0,sqft,4,5,"Shaheed Millat Road, Karachi","4 Bed Dd Available On Rent
 (Main S",https://www.zameen.com/Property/karachi_shaheed_millat_road_luxury_apartment_for_rent-54670250-413-4.html,"City: Karachi | Type: rent rental-flats | Title: LUXURY APARTMENT FOR RENT | Location: Shaheed Millat Road, Karachi | Beds: 4 | Baths: 5 | Price: 300000 PKR | Details: 4 Bed Dd Available On Rent
 (Main S"
dataset_zameen-property-scraper_2026-09-21_19-39-09-997_54685442,Karachi,rent,rental-flats,Prime Location 2400 Square Feet Flat In Bath Island Is Available For Rent,350000,PKR,2400.0,sqft,3,3,"Bath Island, Karachi","TRICON TOWER BATH ISLAND, CLIFTON",https://www.zameen.com/Property/karachi_bath_island_prime_location_2400_square_feet_flat_in_bath_island_is_available_for_rent-54685442-198-4.html,"City: Karachi | Type: rent rental-flats | Title: Prime Location 2400 Square Feet Flat In Bath Island Is Available For Rent | Location: Bath Island, Karachi | Beds: 3 | Baths: 3 | Price: 350000 PKR | Details: TRICON TOWER BATH ISLAND, CLIFTON"
dataset_zameen-property-scraper_2026-09-21_19-39-09-997_53817951,Karachi,rent,rental-flats,Luxury Creek Vista Fully Furnished Apartment For Rent,475000,PKR,3750.0,sqft,4,6,"Creek Vista, DHA Phase 8",LUXURY CREEK VISTA FULLY FURNISHED,https://www.zameen.com/Property/dha_phase_8_creek_vista_luxury_creek_vista_fully_furnished_apartment_for_rent-53817951-9058-4.html,"City: Karachi | Type: rent rental-flats | Title: Luxury Creek Vista Fully Furnished Apartment For Rent | Location: Creek Vista, DHA Phase 8 | Beds: 4 | Baths: 6 | Price: 475000 PKR | Details: LUXURY CREEK VISTA FULLY FURNISHED"
dataset_zameen-property-scraper_2026-09-21_19-39-09-997_54724033,Karachi,rent,rental-flats,Investors Should Rent This Prime Location Flat Located Ideally In DHA Defence,165000,PKR,950.0,sqft,2,2,"Nishat Commercial Area, DHA Phase 6",### 2-Bedroom Fully Furnished Apart,https://www.zameen.com/Property/dha_phase_6_nishat_commercial_area_investors_should_rent_this_prime_location_flat_located_ideally_in_dha_defence-54724033-8491-4.html,"City: Karachi | Type: rent rental-flats | Title: Investors Should Rent This Prime Location Flat Located Ideally In DHA Defence | Location: Nishat Commercial Area, DHA Phase 6 | Beds: 2 | Baths: 2 | Price: 165000 PKR | Details: ### 2-Bedroom Fully Furnished Apart"
dataset_zameen-property-scraper_2026-09-21_19-39-09-997_53832397,Karachi,rent,rental-flats,FLAT AVAILABLE FOR RENT IN HIGH-RISE,220000,PKR,2400.0,sqft,4,5,"PECHS Block 2, PECHS",FLAT AVAILABLE FOR RENT IN HIGH-RIS,https://www.zameen.com/Property/pechs_pechs_block_2_flat_available_for_rent_in_high-rise-53832397-6933-4.html,"City: Karachi | Type: rent rental-flats | Title: FLAT AVAILABLE FOR RENT IN HIGH-RISE | Location: PECHS Block 2, PECHS | Beds: 4 | Baths: 5 | Price: 220000 PKR | Details: FLAT AVAILABLE FOR RENT IN HIGH-RIS"
dataset_zameen-property-scraper_2026-09-21_19-39-09-997_53891427,Karachi,rent,rental-flats,FLAT AVAILABLE FOR RENT IN HIGH-RISE,180000,PKR,1800.0,sqft,3,4,"Tariq Road, Karachi",FLAT AVAILABLE FOR RENT IN HIGH-RIS,https://www.zameen.com/Property/karachi_tariq_road_flat_available_for_rent_in_high-rise-53891427-532-4.html,"City: Karachi | Type: rent rental-flats | Title: FLAT AVAILABLE FOR RENT IN HIGH-RISE | Location: Tariq Road, Karachi | Beds: 3 | Baths: 4 | Price: 180000 PKR | Details: FLAT AVAILABLE FOR RENT IN HIGH-RIS"
dataset_zameen-property-scraper_2026-09-21_19-39-09-997_54487218,Karachi,rent,rental-flats,Brandnew 4 Bed Dd Flat For Rent,360000,PKR,2200.0,sqft,4,5,"Tipu Sultan Road, Karachi","Brandnew 4 Bed Dd On Rent
Main Tipu",https://www.zameen.com/Property/karachi_tipu_sultan_road_brandnew_4_bed_dd_flat_for_rent-54487218-415-4.html,"City: Karachi | Type: rent rental-flats | Title: Brandnew 4 Bed Dd Flat For Rent | Location: Tipu Sultan Road, Karachi | Beds: 4 | Baths: 5 | Price: 360000 PKR | Details: Brandnew 4 Bed Dd On Rent
Main Tipu"
dataset_zameen-property-scraper_2026-09-21_19-39-09-997_54561418,Karachi,rent,rental-flats,"Chance Deal , Beautiful Renovation , Saima Residencia",74000,PKR,1700.0,sqft,3,4,"Saima Residencia, Scheme 33 - Sector 34-A","SAIMA Residencia

Note :
 Small Edu",https://www.zameen.com/Property/scheme_33_sector_34_a_saima_residencia_chance_deal_beautiful_renovation_saima_residencia-54561418-22375-4.html,"City: Karachi | Type: rent rental-flats | Title: Chance Deal , Beautiful Renovation , Saima Residencia | Location: Saima Residencia, Scheme 33 - Sector 34-A | Beds: 3 | Baths: 4 | Price: 74000 PKR | Details: SAIMA Residencia

Note :
 Small Edu"
dataset_zameen-property-scraper_2026-09-21_19-39-09-997_54284418,Karachi,rent,rental-flats,Luxury Brand New Apartment Well Maintained Apartment 4 Bed Dd For Rent,185000,PKR,2500.0,sqft,4,4,"Bahadurabad, Gulshan-e-Iqbal Town",Luxury brand new apartment well fur,https://www.zameen.com/Property/gulshan_e_iqbal_town_bahadurabad_luxury_brand_new_apartment_well_maintained_apartment_4_bed_dd_for_rent-54284418-524-4.html,"City: Karachi | Type: rent rental-flats | Title: Luxury Brand New Apartment Well Maintained Apartment 4 Bed Dd For Rent | Location: Bahadurabad, Gulshan-e-Iqbal Town | Beds: 4 | Baths: 4 | Price: 185000 PKR | Details: Luxury brand new apartment well fur"
dataset_zameen-property-scraper_2026-09-21_19-39-09-997_54736142,Karachi,rent,rental-flats,Luxury Like Brand New Apartment Well Maintained Apartment 3 Bed Dd With All Modern Facilities For Rent At Prime Location Of Bahadurabad,165000,PKR,2000.0,sqft,3,4,"Bahadurabad, Gulshan-e-Iqbal Town",Luxury like brand new apartment wel,https://www.zameen.com/Property/gulshan_e_iqbal_town_bahadurabad_luxury_like_brand_new_apartment_well_maintained_apartment_3_bed_dd_with_all_modern_facilities_for_rent_at_prime_location_of_bahadurabad-54736142-524-4.html,"City: Karachi | Type: rent rental-flats | Title: Luxury Like Brand New Apartment Well Maintained Apartment 3 Bed Dd With All Modern Facilities For Rent At Prime Location Of Bahadurabad | Location: Bahadurabad, Gulshan-e-Iqbal Town | Beds: 3 | Baths: 4 | Price: 165000 PKR | Details: Luxury like brand new apartment wel"
dataset_zameen-property-scraper_2026-09-21_19-39-09-997_53980601,Karachi,rent,rental-flats,Creek Vista 4 Bedrooms Two Apartments For Rent West Open Well Maintained Ready To Move 360 With Maintenance,370000,PKR,3760.0,sqft,4,5,"Creek Vista, DHA Phase 8",*CREEK VISTA 4 BED APPT FOR RENT 2,https://www.zameen.com/Property/dha_phase_8_creek_vista_creek_vista_4_bedrooms_two_apartments_for_rent_west_open_well_maintained_ready_to_move_360_with_maintenance-53980601-9058-4.html,"City: Karachi | Type: rent rental-flats | Title: Creek Vista 4 Bedrooms Two Apartments For Rent West Open Well Maintained Ready To Move 360 With Maintenance | Location: Creek Vista, DHA Phase 8 | Beds: 4 | Baths: 5 | Price: 370000 PKR | Details: *CREEK VISTA 4 BED APPT FOR RENT 2"
dataset_zameen-property-scraper_2026-09-21_19-39-09-997_53891413,Karachi,rent,rental-flats,FLAT AVAILABLE FOR RENT IN HIGH-RISE,180000,PKR,1800.0,sqft,3,4,"Shahra-e-Faisal, Karachi",FLAT AVAILABLE FOR RENT IN HIGH-RIS,https://www.zameen.com/Property/karachi_shahra-e-faisal_flat_available_for_rent_in_high-rise-53891413-310-4.html,"City: Karachi | Type: rent rental-flats | Title: FLAT AVAILABLE FOR RENT IN HIGH-RISE | Location: Shahra-e-Faisal, Karachi | Beds: 3 | Baths: 4 | Price: 180000 PKR | Details: FLAT AVAILABLE FOR RENT IN HIGH-RIS"
dataset_zameen-property-scraper_2026-09-21_19-39-09-997_53891563,Karachi,rent,rental-flats,FLAT AVAILABLE FOR RENT IN HIGH-RISE,140000,PKR,1100.0,sqft,2,2,"Sharfabad, Gulshan-e-Iqbal Town",FLAT AVAILABLE FOR RENT IN HIGH-RIS,https://www.zameen.com/Property/gulshan_e_iqbal_town_sharfabad_flat_available_for_rent_in_high-rise-53891563-313-4.html,"City: Karachi | Type: rent rental-flats | Title: FLAT AVAILABLE FOR RENT IN HIGH-RISE | Location: Sharfabad, Gulshan-e-Iqbal Town | Beds: 2 | Baths: 2 | Price: 140000 PKR | Details: FLAT AVAILABLE FOR RENT IN HIGH-RIS"
dataset_zameen-property-scraper_2026-09-21_19-39-09-997_54622961,Karachi,rent,rental-flats,FLAT AVAILABLE FOR RENT IN HIGH-RISE,200000,PKR,1800.0,sqft,3,4,"Bahadurabad, Gulshan-e-Iqbal Town","Luxury 3-Bed Apartment for Rent

 3",https://www.zameen.com/Property/gulshan_e_iqbal_town_bahadurabad_flat_available_for_rent_in_high-rise-54622961-524-4.html,"City: Karachi | Type: rent rental-flats | Title: FLAT AVAILABLE FOR RENT IN HIGH-RISE | Location: Bahadurabad, Gulshan-e-Iqbal Town | Beds: 3 | Baths: 4 | Price: 200000 PKR | Details: Luxury 3-Bed Apartment for Rent

 3"
dataset_zameen-property-scraper_2026-09-21_19-39-09-997_53832472,Karachi,rent,rental-flats,FLAT AVAILABLE FOR RENT IN HIGH-RISE,165000,PKR,1800.0,sqft,3,3,"Khalid Bin Walid Road, Karachi",FLAT AVAILABLE FOR RENT IN HIGH-RIS,https://www.zameen.com/Property/karachi_khalid_bin_walid_road_flat_available_for_rent_in_high-rise-53832472-253-4.html,"City: Karachi | Type: rent rental-flats | Title: FLAT AVAILABLE FOR RENT IN HIGH-RISE | Location: Khalid Bin Walid Road, Karachi | Beds: 3 | Baths: 3 | Price: 165000 PKR | Details: FLAT AVAILABLE FOR RENT IN HIGH-RIS"
dataset_zameen-property-scraper_2026-09-21_19-39-09-997_54373782,Karachi,rent,rental-flats,"Chance Deal , Beautiful Renovation Flat For Rent",75000,PKR,1700.0,sqft,3,4,"Saima Residencia, Scheme 33 - Sector 34-A","SAIMA Residencia
Finally The Posses",https://www.zameen.com/Property/scheme_33_sector_34_a_saima_residencia_chance_deal_beautiful_renovation_flat_for_rent-54373782-22375-4.html,"City: Karachi | Type: rent rental-flats | Title: Chance Deal , Beautiful Renovation Flat For Rent | Location: Saima Residencia, Scheme 33 - Sector 34-A | Beds: 3 | Baths: 4 | Price: 75000 PKR | Details: SAIMA Residencia
Finally The Posses"
dataset_zameen-property-scraper_2026-09-21_19-39-09-997_54273770,Karachi,rent,rental-flats,Saima Residencia Chance Deal West Open And Park Facing & Spacious & Brand New Apartment,74000,PKR,1700.0,sqft,3,4,"Saima Residencia, Scheme 33 - Sector 34-A","SAIMA Residencia
 Note : 11,000/- M",https://www.zameen.com/Property/scheme_33_sector_34_a_saima_residencia_saima_residencia_chance_deal_west_open_and_park_facing_spacious_brand_new_apartment-54273770-22375-4.html,"City: Karachi | Type: rent rental-flats | Title: Saima Residencia Chance Deal West Open And Park Facing & Spacious & Brand New Apartment | Location: Saima Residencia, Scheme 33 - Sector 34-A | Beds: 3 | Baths: 4 | Price: 74000 PKR | Details: SAIMA Residencia
 Note : 11,000/- M"
dataset_zameen-property-scraper_2026-09-21_19-39-09-997_54735319,Karachi,rent,rental-flats,READY TO MOVE 955 Square Feet 2 Bed Lounge Flat FOR RENT Outer Corner Apartment With AMAZING VIEW 2 KM From MAIN GATE Of BTK,30000,PKR,955.0,sqft,2,2,"Bahria Town - Jinnah Avenue, Bahria Town Karachi",950 Square Ft 2 Bedrooms Luxury Apa,https://www.zameen.com/Property/bahria_town_karachi_bahria_town_-_jinnah_avenue_ready_to_move_955_square_feet_2_bed_lounge_flat_for_rent_outer_corner_apartment_with_amazing_view_2_km_from_main_gate_of_btk-54735319-13847-4.html,"City: Karachi | Type: rent rental-flats | Title: READY TO MOVE 955 Square Feet 2 Bed Lounge Flat FOR RENT Outer Corner Apartment With AMAZING VIEW 2 KM From MAIN GATE Of BTK | Location: Bahria Town - Jinnah Avenue, Bahria Town Karachi | Beds: 2 | Baths: 2 | Price: 30000 PKR | Details: 950 Square Ft 2 Bedrooms Luxury Apa"
dataset_zameen-property-scraper_2026-09-21_19-39-09-997_53903533,Karachi,rent,rental-flats,Proper Full Sea Facing 3-Bedrooms Pearl Tower 2 Like New Apartment,400000,PKR,2450.0,sqft,3,4,"Emaar Pearl Towers, Emaar Crescent Bay","Emaar PT-2 
 Full Proper Sea Facing",https://www.zameen.com/Property/emaar_crescent_bay_emaar_pearl_towers_proper_full_sea_facing_3-bedrooms_pearl_tower_2_like_new_apartment-53903533-10719-4.html,"City: Karachi | Type: rent rental-flats | Title: Proper Full Sea Facing 3-Bedrooms Pearl Tower 2 Like New Apartment | Location: Emaar Pearl Towers, Emaar Crescent Bay | Beds: 3 | Baths: 4 | Price: 400000 PKR | Details: Emaar PT-2 
 Full Proper Sea Facing"
dataset_zameen-property-scraper_2026-09-21_19-39-53-352_54314861,Karachi,rent,rental-commercial,Brand New Office For Rent 2000 Sqft In Main Bukhari Commercial Phase 6 DHA,375000,PKR,222.0,Sq Yd,0,1,"Bukhari Commercial Area, DHA Phase 6",OFFICE IN 200 YD BUILDING CORNER MA,https://www.zameen.com/Property/dha_phase_6_bukhari_commercial_area_brand_new_office_for_rent_2000_sqft_in_main_bukhari_commercial_phase_6_dha-54314861-6674-4.html,"City: Karachi | Type: rent rental-commercial | Title: Brand New Office For Rent 2000 Sqft In Main Bukhari Commercial Phase 6 DHA | Location: Bukhari Commercial Area, DHA Phase 6 | Beds: 0 | Baths: 1 | Price: 375000 PKR | Details: OFFICE IN 200 YD BUILDING CORNER MA"
dataset_zameen-property-scraper_2026-09-21_19-39-53-352_54674921,Karachi,rent,rental-commercial,"Premium Three Side Corner Office Building for Rent | 10,800 Sq. Ft. | Murtaza Commercial | DHA Phase VIII",2500000,PKR,200.0,Sq Yd,0,0,"Al-Murtaza Commercial Area, DHA Phase 8",Presenting a premium three side cor,https://www.zameen.com/Property/dha_phase_8_al-murtaza_commercial_area_premium_three_side_corner_office_building_for_rent_10_800_sq_ft_murtaza_commercial_dha_phase_viii-54674921-10370-4.html,"City: Karachi | Type: rent rental-commercial | Title: Premium Three Side Corner Office Building for Rent | 10,800 Sq. Ft. | Murtaza Commercial | DHA Phase VIII | Location: Al-Murtaza Commercial Area, DHA Phase 8 | Beds: 0 | Baths: 0 | Price: 2500000 PKR | Details: Presenting a premium three side cor"
dataset_zameen-property-scraper_2026-09-21_19-39-53-352_54731021,Karachi,rent,rental-commercial,200 SQ. YDS BUILDING FOR RENT MAIN SHAHEEN PHASE 8,4500000,PKR,200.0,Sq Yd,0,0,"DHA Phase 8, DHA Defence",200 YARDS OFFICE BUILDING FOR RENT,https://www.zameen.com/Property/dha_defence_dha_phase_8_200_sq_yds_building_for_rent_main_shaheen_phase_8-54731021-1485-4.html,"City: Karachi | Type: rent rental-commercial | Title: 200 SQ. YDS BUILDING FOR RENT MAIN SHAHEEN PHASE 8 | Location: DHA Phase 8, DHA Defence | Beds: 0 | Baths: 0 | Price: 4500000 PKR | Details: 200 YARDS OFFICE BUILDING FOR RENT"
dataset_zameen-property-scraper_2026-09-21_19-39-53-352_54659857,Karachi,rent,rental-commercial,EMAAR OCEANFRONT COMMERCAIL SHOP AVAILABLE FOR RENT IN PEARL TOWERS.,750000,PKR,133.0,Sq Yd,0,1,"Emaar Crescent Bay, DHA Phase 8",EMAAR OCEANFRONT SHOPS AVAILABLE FO,https://www.zameen.com/Property/dha_phase_8_emaar_crescent_bay_emaar_oceanfront_commercail_shop_available_for_rent_in_pearl_towers-54659857-8503-4.html,"City: Karachi | Type: rent rental-commercial | Title: EMAAR OCEANFRONT COMMERCAIL SHOP AVAILABLE FOR RENT IN PEARL TOWERS. | Location: Emaar Crescent Bay, DHA Phase 8 | Beds: 0 | Baths: 1 | Price: 750000 PKR | Details: EMAAR OCEANFRONT SHOPS AVAILABLE FO"
dataset_zameen-property-scraper_2026-09-21_19-39-53-352_54772395,Karachi,rent,rental-commercial,Brand New G+4 Building Bungalow Facing | Murtaza Commercial,1200000,PKR,100.0,Sq Yd,0,0,"DHA Phase 8, DHA Defence",Brand New G+4 Building Bungalow Fac,https://www.zameen.com/Property/dha_defence_dha_phase_8_brand_new_g_4_building_bungalow_facing_murtaza_commercial-54772395-1485-4.html,"City: Karachi | Type: rent rental-commercial | Title: Brand New G+4 Building Bungalow Facing | Murtaza Commercial | Location: DHA Phase 8, DHA Defence | Beds: 0 | Baths: 0 | Price: 1200000 PKR | Details: Brand New G+4 Building Bungalow Fac"
dataset_zameen-property-scraper_2026-09-21_19-39-53-352_54702886,Karachi,rent,rental-commercial,Prime Location 1000 Square Feet Furnished Office In Al-Murtaza Commercial Area Is Best Option,250000,PKR,111.0,Sq Yd,0,0,"Al-Murtaza Commercial Area, DHA Phase 8",**PREMIUM OFFICE FOR RENT AL MURTAZ,https://www.zameen.com/Property/dha_phase_8_al-murtaza_commercial_area_prime_location_1000_square_feet_furnished_office_in_al-murtaza_commercial_area_is_best_option-54702886-10370-4.html,"City: Karachi | Type: rent rental-commercial | Title: Prime Location 1000 Square Feet Furnished Office In Al-Murtaza Commercial Area Is Best Option | Location: Al-Murtaza Commercial Area, DHA Phase 8 | Beds: 0 | Baths: 0 | Price: 250000 PKR | Details: **PREMIUM OFFICE FOR RENT AL MURTAZ"
dataset_zameen-property-scraper_2026-09-21_19-39-53-352_54608200,Karachi,rent,rental-commercial,ROAD-FACING SHOP FOR RENT PRIME COMMERCIAL LOCATION!,85000,PKR,44.0,Sq Yd,0,0,"Daniyal Residency, Scheme 33",ROAD-FACING SHOP FOR RENT PRIME COM,https://www.zameen.com/Property/scheme_33_daniyal_residency_road-facing_shop_for_rent_prime_commercial_location-54608200-10578-4.html,"City: Karachi | Type: rent rental-commercial | Title: ROAD-FACING SHOP FOR RENT PRIME COMMERCIAL LOCATION! | Location: Daniyal Residency, Scheme 33 | Beds: 0 | Baths: 0 | Price: 85000 PKR | Details: ROAD-FACING SHOP FOR RENT PRIME COM"
dataset_zameen-property-scraper_2026-09-21_19-39-53-352_54637592,Karachi,rent,rental-commercial,Spacious Prime Location Office Is Available In North Nazimabad - Block D For Rent,800000,PKR,311.0,Sq Yd,0,6,"North Nazimabad - Block D, North Nazimabad","Commercial showroom for Rent 
Neare",https://www.zameen.com/Property/north_nazimabad_north_nazimabad_-_block_d_spacious_prime_location_office_is_available_in_north_nazimabad_-_block_d_for_rent-54637592-7212-4.html,"City: Karachi | Type: rent rental-commercial | Title: Spacious Prime Location Office Is Available In North Nazimabad - Block D For Rent | Location: North Nazimabad - Block D, North Nazimabad | Beds: 0 | Baths: 6 | Price: 800000 PKR | Details: Commercial showroom for Rent 
Neare"
dataset_zameen-property-scraper_2026-09-21_19-39-53-352_54746624,Karachi,rent,rental-commercial,Become Owner Of Your Office Today Which Is Centrally Located In Clifton - Block 4 In Karachi,800000,PKR,556.0,Sq Yd,0,0,"Clifton - Block 4, Clifton","*OFFICE FOR RENT*

 *Location:* Cli",https://www.zameen.com/Property/clifton_clifton_-_block_4_become_owner_of_your_office_today_which_is_centrally_located_in_clifton_-_block_4_in_karachi-54746624-1666-4.html,"City: Karachi | Type: rent rental-commercial | Title: Become Owner Of Your Office Today Which Is Centrally Located In Clifton - Block 4 In Karachi | Location: Clifton - Block 4, Clifton | Beds: 0 | Baths: 0 | Price: 800000 PKR | Details: *OFFICE FOR RENT*

 *Location:* Cli"
dataset_zameen-property-scraper_2026-09-21_19-39-53-352_53473334,Karachi,rent,rental-commercial,Office Available For Rent,115000,PKR,66.0,Sq Yd,0,0,"Shaheed Millat Road, Karachi","Office Available For Rent
 Shaheed",https://www.zameen.com/Property/karachi_shaheed_millat_road_office_available_for_rent-53473334-413-4.html,"City: Karachi | Type: rent rental-commercial | Title: Office Available For Rent | Location: Shaheed Millat Road, Karachi | Beds: 0 | Baths: 0 | Price: 115000 PKR | Details: Office Available For Rent
 Shaheed"
dataset_zameen-property-scraper_2026-09-21_19-39-53-352_54504724,Karachi,rent,rental-commercial,"1000 Sq. Ft. Office for Rent | Bukhari Lane 11, DHA Phase 6 | Prime Commercial Location",170000,PKR,111.0,Sq Yd,0,0,"DHA Phase 6, DHA Defence",Looking for a professional office i,https://www.zameen.com/Property/dha_defence_dha_phase_6_1000_sq_ft_office_for_rent_bukhari_lane_11_dha_phase_6_prime_commercial_location-54504724-1483-4.html,"City: Karachi | Type: rent rental-commercial | Title: 1000 Sq. Ft. Office for Rent | Bukhari Lane 11, DHA Phase 6 | Prime Commercial Location | Location: DHA Phase 6, DHA Defence | Beds: 0 | Baths: 0 | Price: 170000 PKR | Details: Looking for a professional office i"
dataset_zameen-property-scraper_2026-09-21_19-39-53-352_54516227,Karachi,rent,rental-commercial,MAIN ITTEHAD ROAD GROUND BASEMENT FOR RENT,650000,PKR,294.0,Sq Yd,0,3,"Khayaban-e-Ittehad Road, Karachi",MAIN ITTEHAD ROAD 100 YARD BUILDING,https://www.zameen.com/Property/karachi_khayaban-e-ittehad_road_main_ittehad_road_ground_basement_for_rent-54516227-9991-4.html,"City: Karachi | Type: rent rental-commercial | Title: MAIN ITTEHAD ROAD GROUND BASEMENT FOR RENT | Location: Khayaban-e-Ittehad Road, Karachi | Beds: 0 | Baths: 3 | Price: 650000 PKR | Details: MAIN ITTEHAD ROAD 100 YARD BUILDING"
dataset_zameen-property-scraper_2026-09-21_19-39-53-352_53876796,Karachi,rent,rental-commercial,Showroom Available On Rent,310000,PKR,144.0,Sq Yd,0,1,"Khalid Bin Walid Road, Karachi","Showroom On Rent
 Main Khalid Bin W",https://www.zameen.com/Property/karachi_khalid_bin_walid_road_showroom_available_on_rent-53876796-253-4.html,"City: Karachi | Type: rent rental-commercial | Title: Showroom Available On Rent | Location: Khalid Bin Walid Road, Karachi | Beds: 0 | Baths: 1 | Price: 310000 PKR | Details: Showroom On Rent
 Main Khalid Bin W"
dataset_zameen-property-scraper_2026-09-21_19-39-53-352_53876830,Karachi,rent,rental-commercial,Main Shahra E Faisal Office On Rent,370000,PKR,199.0,Sq Yd,0,2,"Shahra-e-Faisal, Karachi","Main Shahra E Faisal
 Office On Ren",https://www.zameen.com/Property/karachi_shahra-e-faisal_main_shahra_e_faisal_office_on_rent-53876830-310-4.html,"City: Karachi | Type: rent rental-commercial | Title: Main Shahra E Faisal Office On Rent | Location: Shahra-e-Faisal, Karachi | Beds: 0 | Baths: 2 | Price: 370000 PKR | Details: Main Shahra E Faisal
 Office On Ren"
dataset_zameen-property-scraper_2026-09-21_19-39-53-352_53876838,Karachi,rent,rental-commercial,Fully Furnished Office On Rent,550000,PKR,207.0,Sq Yd,0,2,"Shahra-e-Faisal, Karachi","Fully Furnished Office On Rent
 Mai",https://www.zameen.com/Property/karachi_shahra-e-faisal_fully_furnished_office_on_rent-53876838-310-4.html,"City: Karachi | Type: rent rental-commercial | Title: Fully Furnished Office On Rent | Location: Shahra-e-Faisal, Karachi | Beds: 0 | Baths: 2 | Price: 550000 PKR | Details: Fully Furnished Office On Rent
 Mai"
dataset_zameen-property-scraper_2026-09-21_19-39-53-352_54442215,Karachi,rent,rental-commercial,Main Tariq Road Shop For Rent,725000,PKR,389.0,Sq Yd,0,0,"Tariq Road, Karachi","Main Tariq Road 
Shop On Rent
1350",https://www.zameen.com/Property/karachi_tariq_road_main_tariq_road_shop_for_rent-54442215-532-4.html,"City: Karachi | Type: rent rental-commercial | Title: Main Tariq Road Shop For Rent | Location: Tariq Road, Karachi | Beds: 0 | Baths: 0 | Price: 725000 PKR | Details: Main Tariq Road 
Shop On Rent
1350"
dataset_zameen-property-scraper_2026-09-21_19-39-53-352_54692461,Karachi,rent,rental-commercial,Main Shahra E Faisal Office For Rent,325000,PKR,175.0,Sq Yd,0,0,"Shahra-e-Faisal, Karachi","Office On Rent
Main Shahra E Faisal",https://www.zameen.com/Property/karachi_shahra-e-faisal_main_shahra_e_faisal_office_for_rent-54692461-310-4.html,"City: Karachi | Type: rent rental-commercial | Title: Main Shahra E Faisal Office For Rent | Location: Shahra-e-Faisal, Karachi | Beds: 0 | Baths: 0 | Price: 325000 PKR | Details: Office On Rent
Main Shahra E Faisal"
dataset_zameen-property-scraper_2026-09-21_19-39-53-352_53876751,Karachi,rent,rental-commercial,Main Shaheed E Millat Office On Rent,125000,PKR,81.0,Sq Yd,0,1,"Shaheed Millat Road, Karachi","Office On Rent
 732 sq. ft
 24/7 op",https://www.zameen.com/Property/karachi_shaheed_millat_road_main_shaheed_e_millat_office_on_rent-53876751-413-4.html,"City: Karachi | Type: rent rental-commercial | Title: Main Shaheed E Millat Office On Rent | Location: Shaheed Millat Road, Karachi | Beds: 0 | Baths: 1 | Price: 125000 PKR | Details: Office On Rent
 732 sq. ft
 24/7 op"
dataset_zameen-property-scraper_2026-09-21_19-39-53-352_53888062,Karachi,rent,rental-commercial,Main Bahadurabad Shop On Rent,270000,PKR,102.0,Sq Yd,0,0,"Bahadurabad, Gulshan-e-Iqbal Town","Main Bahadurabad Shop On Rent
 458",https://www.zameen.com/Property/gulshan_e_iqbal_town_bahadurabad_main_bahadurabad_shop_on_rent-53888062-524-4.html,"City: Karachi | Type: rent rental-commercial | Title: Main Bahadurabad Shop On Rent | Location: Bahadurabad, Gulshan-e-Iqbal Town | Beds: 0 | Baths: 0 | Price: 270000 PKR | Details: Main Bahadurabad Shop On Rent
 458"
dataset_zameen-property-scraper_2026-09-21_19-39-53-352_53892055,Karachi,rent,rental-commercial,Main Shaheed E Millat Showroom On Rent,500000,PKR,211.0,Sq Yd,0,1,"Shaheed Millat Road, Karachi","Main Shaheed E Millat 
 Showroom On",https://www.zameen.com/Property/karachi_shaheed_millat_road_main_shaheed_e_millat_showroom_on_rent-53892055-413-4.html,"City: Karachi | Type: rent rental-commercial | Title: Main Shaheed E Millat Showroom On Rent | Location: Shaheed Millat Road, Karachi | Beds: 0 | Baths: 1 | Price: 500000 PKR | Details: Main Shaheed E Millat 
 Showroom On"
dataset_zameen-property-scraper_2026-09-21_19-39-53-352_54110965,Karachi,rent,rental-commercial,Main Road Shop On Rent,375000,PKR,133.0,Sq Yd,0,0,"Bahadurabad, Gulshan-e-Iqbal Town","Main Road Shop On Rent
 700 sq. ft",https://www.zameen.com/Property/gulshan_e_iqbal_town_bahadurabad_main_road_shop_on_rent-54110965-524-4.html,"City: Karachi | Type: rent rental-commercial | Title: Main Road Shop On Rent | Location: Bahadurabad, Gulshan-e-Iqbal Town | Beds: 0 | Baths: 0 | Price: 375000 PKR | Details: Main Road Shop On Rent
 700 sq. ft"
dataset_zameen-property-scraper_2026-09-21_19-39-53-352_54439722,Karachi,rent,rental-commercial,Shop On Rent Main Foodstreet,600000,PKR,289.0,Sq Yd,0,0,"SMCHS - Sindhi Muslim Society, Jamshed Town","Shop On Rent
main Smchs
main Food s",https://www.zameen.com/Property/jamshed_town_smchs_-_sindhi_muslim_society_shop_on_rent_main_foodstreet-54439722-418-4.html,"City: Karachi | Type: rent rental-commercial | Title: Shop On Rent Main Foodstreet | Location: SMCHS - Sindhi Muslim Society, Jamshed Town | Beds: 0 | Baths: 0 | Price: 600000 PKR | Details: Shop On Rent
main Smchs
main Food s"
dataset_zameen-property-scraper_2026-09-21_19-39-53-352_54456060,Karachi,rent,rental-commercial,Main Stadium Road Shop On Rent,2000000,PKR,561.0,Sq Yd,0,0,"Stadium Road, Karachi","Maim Stadium Road 
Shop On Rent
185",https://www.zameen.com/Property/karachi_stadium_road_main_stadium_road_shop_on_rent-54456060-8918-4.html,"City: Karachi | Type: rent rental-commercial | Title: Main Stadium Road Shop On Rent | Location: Stadium Road, Karachi | Beds: 0 | Baths: 0 | Price: 2000000 PKR | Details: Maim Stadium Road 
Shop On Rent
185"
dataset_zameen-property-scraper_2026-09-21_19-39-53-352_54775171,Karachi,rent,rental-commercial,for commercial use,110000,PKR,200.0,Sq Yd,0,0,"PECHS Block 2, PECHS",4 room one washrooms pechs blk2 jus,https://www.zameen.com/Property/pechs_pechs_block_2_for_commercial_use-54775171-6933-4.html,"City: Karachi | Type: rent rental-commercial | Title: for commercial use | Location: PECHS Block 2, PECHS | Beds: 0 | Baths: 0 | Price: 110000 PKR | Details: 4 room one washrooms pechs blk2 jus"
dataset_zameen-property-scraper_2026-09-21_19-39-53-352_54384936,Karachi,rent,rental-commercial,Brand New Executice Office Space For Rent 2100 Sqft 3rd Floor With Lift,450000,PKR,233.0,Sq Yd,0,0,"DHA Phase 8, DHA Defence",Executive Office For Rent Main Zulf,https://www.zameen.com/Property/dha_defence_dha_phase_8_brand_new_executice_office_space_for_rent_2100_sqft_3rd_floor_with_lift-54384936-1485-4.html,"City: Karachi | Type: rent rental-commercial | Title: Brand New Executice Office Space For Rent 2100 Sqft 3rd Floor With Lift | Location: DHA Phase 8, DHA Defence | Beds: 0 | Baths: 0 | Price: 450000 PKR | Details: Executive Office For Rent Main Zulf"
dataset_zameen-property-scraper_2026-09-21_19-40-28-331_53323941,Islamabad,sale,flats,Bahria Enclave 2 Bed Cube Apartment 1558 Sq Feet Possession Utility Circulation Charges Paid On Murree Facing Available For Sale,20500000,PKR,1558.0,sqft,2,3,"Cube Apartments, Bahria Enclave",Bahria Enclave 2 Bed Cube Apartment,https://www.zameen.com/Property/bahria_enclave_cube_apartments_bahria_enclave_2_bed_cube_apartment_1558_sq_feet_possession_utility_circulation_charges_paid_on_murree_facing_available_for_sale-53323941-21520-1.html,"City: Islamabad | Type: sale flats | Title: Bahria Enclave 2 Bed Cube Apartment 1558 Sq Feet Possession Utility Circulation Charges Paid On Murree Facing Available For Sale | Location: Cube Apartments, Bahria Enclave | Beds: 2 | Baths: 3 | Price: 20500000 PKR | Details: Bahria Enclave 2 Bed Cube Apartment"
dataset_zameen-property-scraper_2026-09-21_19-40-28-331_54774258,Islamabad,sale,flats,BEAUTIFUL FLAT FOR SALE G-11/3 ISLAMABAD,18000000,PKR,700.0,sqft,2,2,"G-11/3, G-11",FGEHA FEDERAL GOVERNMENT HOUSING AU,https://www.zameen.com/Property/g_11_g-11_3_beautiful_flat_for_sale_g-11_3_islamabad-54774258-3332-1.html,"City: Islamabad | Type: sale flats | Title: BEAUTIFUL FLAT FOR SALE G-11/3 ISLAMABAD | Location: G-11/3, G-11 | Beds: 2 | Baths: 2 | Price: 18000000 PKR | Details: FGEHA FEDERAL GOVERNMENT HOUSING AU"
dataset_zameen-property-scraper_2026-09-21_19-40-28-331_16,Islamabad,sale,flats,PHA APARTMENT AVAILABLE FOR SALE IN I-16,6500000,PKR,912.0,sqft,2,2,"I-16, Islamabad","I-16 PHA FLAT AVAILABLE
E TYPE FLAT",https://www.zameen.com/Property/islamabad_i-16_pha_apartment_available_for_sale_in_i-16-54749067-449-1.html,"City: Islamabad | Type: sale flats | Title: PHA APARTMENT AVAILABLE FOR SALE IN I-16 | Location: I-16, Islamabad | Beds: 2 | Baths: 2 | Price: 6500000 PKR | Details: I-16 PHA FLAT AVAILABLE
E TYPE FLAT"
dataset_zameen-property-scraper_2026-09-21_19-40-28-331_1,Islamabad,sale,flats,FOR SALE 550 sqft 1-Bed Apartment on Installment TOP CITY-1,5900000,PKR,550.0,sqft,1,1,"Top City 1, Islamabad","TOP CITY-1 
Residential Apartments",https://www.zameen.com/Property/islamabad_top_city_1_for_sale_550_sqft_1-bed_apartment_on_installment_top_city-1-54731257-1383-1.html,"City: Islamabad | Type: sale flats | Title: FOR SALE 550 sqft 1-Bed Apartment on Installment TOP CITY-1 | Location: Top City 1, Islamabad | Beds: 1 | Baths: 1 | Price: 5900000 PKR | Details: TOP CITY-1 
Residential Apartments"
dataset_zameen-property-scraper_2026-09-21_19-40-28-331_54764795,Islamabad,sale,flats,Signature Properties Offer Most Luxuries 1 Bed Apartment In Goldcrest Highlife-1 Available For Sale Near GIGA Mall DHA Phase-II Islamabad,5000000,PKR,622.0,sqft,2,1,"Goldcrest Highlife, DHA Defence Phase 2",Highly recommended for investment a,https://www.zameen.com/Property/dha_defence_phase_2_goldcrest_highlife_signature_properties_offer_most_luxuries_1_bed_apartment_in_goldcrest_highlife-1_available_for_sale_near_giga_mall_dha_phase-ii_islamabad-54764795-21059-1.html,"City: Islamabad | Type: sale flats | Title: Signature Properties Offer Most Luxuries 1 Bed Apartment In Goldcrest Highlife-1 Available For Sale Near GIGA Mall DHA Phase-II Islamabad | Location: Goldcrest Highlife, DHA Defence Phase 2 | Beds: 2 | Baths: 1 | Price: 5000000 PKR | Details: Highly recommended for investment a"
dataset_zameen-property-scraper_2026-09-21_19-40-28-331_54775179,Islamabad,sale,flats,Brand New 3-Bedroom Corner Apartment for Sale El Silo B Block,17000000,PKR,1400.0,sqft,3,3,"El Cielo, GT Road","A brand-new, spacious 3-bedroom cor",https://www.zameen.com/Property/gt_road_el_cielo_brand_new_3-bedroom_corner_apartment_for_sale_el_silo_b_block-54775179-10358-1.html,"City: Islamabad | Type: sale flats | Title: Brand New 3-Bedroom Corner Apartment for Sale El Silo B Block | Location: El Cielo, GT Road | Beds: 3 | Baths: 3 | Price: 17000000 PKR | Details: A brand-new, spacious 3-bedroom cor"
dataset_zameen-property-scraper_2026-09-21_19-40-28-331_54700870,Islamabad,sale,flats,Tarrace Two Bedroom Flat Available For Sale In Dha Phase 2 Islamabad.,11000000,PKR,1160.0,sqft,2,2,"Defence Residency, DHA Defence Phase 2",This is two bedrooms with Attached,https://www.zameen.com/Property/dha_defence_phase_2_defence_residency_tarrace_two_bedroom_flat_available_for_sale_in_dha_phase_2_islamabad-54700870-9914-1.html,"City: Islamabad | Type: sale flats | Title: Tarrace Two Bedroom Flat Available For Sale In Dha Phase 2 Islamabad. | Location: Defence Residency, DHA Defence Phase 2 | Beds: 2 | Baths: 2 | Price: 11000000 PKR | Details: This is two bedrooms with Attached"
dataset_zameen-property-scraper_2026-09-21_19-40-28-331_54500245,Islamabad,sale,flats,Beautiful Margalla View 2 Bed Apartment Available On Installments,10000000,PKR,1220.0,sqft,2,2,"Top City 1 - Block J, Top City 1",MARINA RESIDENCE Luxury Living in T,https://www.zameen.com/Property/top_city_1_top_city_1_-_block_j_beautiful_margalla_view_2_bed_apartment_available_on_installments-54500245-16276-1.html,"City: Islamabad | Type: sale flats | Title: Beautiful Margalla View 2 Bed Apartment Available On Installments | Location: Top City 1 - Block J, Top City 1 | Beds: 2 | Baths: 2 | Price: 10000000 PKR | Details: MARINA RESIDENCE Luxury Living in T"
dataset_zameen-property-scraper_2026-09-21_19-40-28-331_54735517,Islamabad,sale,flats,3 Bedroom Apartments Available For Sale Luxus Mall,25000000,PKR,1475.0,sqft,3,3,"Luxus Mall and Residency, Gulberg Greens - Block B",Gulberg Green Islamabad Luxus Mall,https://www.zameen.com/Property/gulberg_greens_block_b_luxus_mall_and_residency_3_bedroom_apartments_available_for_sale_luxus_mall-54735517-10572-1.html,"City: Islamabad | Type: sale flats | Title: 3 Bedroom Apartments Available For Sale Luxus Mall | Location: Luxus Mall and Residency, Gulberg Greens - Block B | Beds: 3 | Baths: 3 | Price: 25000000 PKR | Details: Gulberg Green Islamabad Luxus Mall"
dataset_zameen-property-scraper_2026-09-21_19-40-28-331_54627312,Islamabad,sale,flats,Executive Apartment On Instalments Available For Sale At Prime Location Of ISB,12900000,PKR,900.0,sqft,2,2,"Goldcrest Views, DHA Defence Phase 2",Executive Apartment on Instalments,https://www.zameen.com/Property/dha_defence_phase_2_goldcrest_views_executive_apartment_on_instalments_available_for_sale_at_prime_location_of_isb-54627312-18358-1.html,"City: Islamabad | Type: sale flats | Title: Executive Apartment On Instalments Available For Sale At Prime Location Of ISB | Location: Goldcrest Views, DHA Defence Phase 2 | Beds: 2 | Baths: 2 | Price: 12900000 PKR | Details: Executive Apartment on Instalments"
dataset_zameen-property-scraper_2026-09-21_19-40-28-331_54751193,Islamabad,sale,flats,Luxury 3-Bedroom Apartment for Sale in Gulberg Green Islamabad,23500000,PKR,1475.0,sqft,3,3,"Gulberg Greens, Gulberg",3-Bedroom Apartment for Sale Luxus,https://www.zameen.com/Property/gulberg_gulberg_greens_luxury_3-bedroom_apartment_for_sale_in_gulberg_green_islamabad-54751193-8312-1.html,"City: Islamabad | Type: sale flats | Title: Luxury 3-Bedroom Apartment for Sale in Gulberg Green Islamabad | Location: Gulberg Greens, Gulberg | Beds: 3 | Baths: 3 | Price: 23500000 PKR | Details: 3-Bedroom Apartment for Sale Luxus"
dataset_zameen-property-scraper_2026-09-21_19-40-28-331_54649313,Islamabad,sale,flats,Luxury Apartment For Sale,32000000,PKR,1700.0,sqft,2,2,"The Arch, G-11/3",The Arch | G-11/3 Apartment For Sal,https://www.zameen.com/Property/g_11_3_the_arch_luxury_apartment_for_sale-54649313-12793-1.html,"City: Islamabad | Type: sale flats | Title: Luxury Apartment For Sale | Location: The Arch, G-11/3 | Beds: 2 | Baths: 2 | Price: 32000000 PKR | Details: The Arch | G-11/3 Apartment For Sal"
dataset_zameen-property-scraper_2026-09-21_19-40-28-331_54634573,Islamabad,sale,flats,Sukh Chayn Residence 3 Bedroom Type D Apartment Available For Sale Beautiful Location,90000000,PKR,2015.0,sqft,3,4,"Sukh Chayn Residence, F-10",Sukh Chayn Recidence F-10 Type D 3,https://www.zameen.com/Property/f_10_sukh_chayn_residence_sukh_chayn_residence_3_bedroom_type_d_apartment_available_for_sale_beautiful_location-54634573-13589-1.html,"City: Islamabad | Type: sale flats | Title: Sukh Chayn Residence 3 Bedroom Type D Apartment Available For Sale Beautiful Location | Location: Sukh Chayn Residence, F-10 | Beds: 3 | Baths: 4 | Price: 90000000 PKR | Details: Sukh Chayn Recidence F-10 Type D 3"
dataset_zameen-property-scraper_2026-09-21_19-40-28-331_54771626,Islamabad,sale,flats,3 Bedroom Apartment for Sale Bahria Enclave Islamabad,19800000,PKR,2458.0,sqft,3,5,"Bahria Enclave, Bahria Town",3 Bedroom Apartment for Sale Bahria,https://www.zameen.com/Property/bahria_town_bahria_enclave_3_bedroom_apartment_for_sale_bahria_enclave_islamabad-54771626-1705-1.html,"City: Islamabad | Type: sale flats | Title: 3 Bedroom Apartment for Sale Bahria Enclave Islamabad | Location: Bahria Enclave, Bahria Town | Beds: 3 | Baths: 5 | Price: 19800000 PKR | Details: 3 Bedroom Apartment for Sale Bahria"
dataset_zameen-property-scraper_2026-09-21_19-40-28-331_54774556,Islamabad,sale,flats,2 Bed Flat For Sale All Amenities Available,10500000,PKR,938.0,sqft,2,2,"Faisal Town - F-18, Islamabad","2 Bedroom Flat
Original picture att",https://www.zameen.com/Property/islamabad_faisal_town_-_f-18_2_bed_flat_for_sale_all_amenities_available-54774556-8260-1.html,"City: Islamabad | Type: sale flats | Title: 2 Bed Flat For Sale All Amenities Available | Location: Faisal Town - F-18, Islamabad | Beds: 2 | Baths: 2 | Price: 10500000 PKR | Details: 2 Bedroom Flat
Original picture att"
dataset_zameen-property-scraper_2026-09-21_19-40-28-331_53784064,Islamabad,sale,flats,New Studio Apartment Soan Garden Block H Express Heigh Way Islamabad,1900000,PKR,200.0,sqft,0,1,"Soan Garden - Block H, Soan Garden",Brand New Studio Apartment Availabl,https://www.zameen.com/Property/soan_garden_soan_garden_-_block_h_new_studio_apartment_soan_garden_block_h_express_heigh_way_islamabad-53784064-3498-1.html,"City: Islamabad | Type: sale flats | Title: New Studio Apartment Soan Garden Block H Express Heigh Way Islamabad | Location: Soan Garden - Block H, Soan Garden | Beds: 0 | Baths: 1 | Price: 1900000 PKR | Details: Brand New Studio Apartment Availabl"
dataset_zameen-property-scraper_2026-09-21_19-40-28-331_54774390,Islamabad,sale,flats,2 Bed Apartment Fully Furnished Available For Sale Madina Tower,20000000,PKR,1450.0,sqft,2,2,"E-11, Islamabad",2 Bed Apartment for Sale in E-11 Is,https://www.zameen.com/Property/islamabad_e-11_2_bed_apartment_fully_furnished_available_for_sale_madina_tower-54774390-329-1.html,"City: Islamabad | Type: sale flats | Title: 2 Bed Apartment Fully Furnished Available For Sale Madina Tower | Location: E-11, Islamabad | Beds: 2 | Baths: 2 | Price: 20000000 PKR | Details: 2 Bed Apartment for Sale in E-11 Is"
dataset_zameen-property-scraper_2026-09-21_19-40-28-331_54617188,Islamabad,sale,flats,2 Bed Apartments For Sale Topcity1 Islamabad visit Anytime,24300000,PKR,1279.0,sqft,2,2,"Top City 1, Islamabad",Top City-1 Islamabad 2 Bed Apartmen,https://www.zameen.com/Property/islamabad_top_city_1_2_bed_apartments_for_sale_topcity1_islamabad_visit_anytime-54617188-1383-1.html,"City: Islamabad | Type: sale flats | Title: 2 Bed Apartments For Sale Topcity1 Islamabad visit Anytime | Location: Top City 1, Islamabad | Beds: 2 | Baths: 2 | Price: 24300000 PKR | Details: Top City-1 Islamabad 2 Bed Apartmen"
dataset_zameen-property-scraper_2026-09-21_19-40-28-331_51100169,Islamabad,sale,flats,Three Bedroom Apartment Available For Sale In Capital Resorts,13500000,PKR,1200.0,sqft,3,3,"Capital Resorts, E-11/4",Three-bedroom apartments are now av,https://www.zameen.com/Property/e_11_4_capital_resorts_three_bedroom_apartment_available_for_sale_in_capital_resorts-51100169-10725-1.html,"City: Islamabad | Type: sale flats | Title: Three Bedroom Apartment Available For Sale In Capital Resorts | Location: Capital Resorts, E-11/4 | Beds: 3 | Baths: 3 | Price: 13500000 PKR | Details: Three-bedroom apartments are now av"
dataset_zameen-property-scraper_2026-09-21_19-40-28-331_51100159,Islamabad,sale,flats,Two Bedroom Apartment Available For Sale In Capital Resorts,10500000,PKR,950.0,sqft,2,2,"Capital Resorts, E-11/4",1. Two-bedroom apartments are now a,https://www.zameen.com/Property/e_11_4_capital_resorts_two_bedroom_apartment_available_for_sale_in_capital_resorts-51100159-10725-1.html,"City: Islamabad | Type: sale flats | Title: Two Bedroom Apartment Available For Sale In Capital Resorts | Location: Capital Resorts, E-11/4 | Beds: 2 | Baths: 2 | Price: 10500000 PKR | Details: 1. Two-bedroom apartments are now a"
dataset_zameen-property-scraper_2026-09-21_19-40-28-331_53291217,Islamabad,sale,flats,One Bedroom Apartment Available For Sale In Capital Residencia E-11/4,13000000,PKR,700.0,sqft,1,1,"Capital Residencia, Margalla Hills-2",Discover your perfect urban retreat,https://www.zameen.com/Property/margalla_hills_2_capital_residencia_one_bedroom_apartment_available_for_sale_in_capital_residencia_e-11_4-53291217-10573-1.html,"City: Islamabad | Type: sale flats | Title: One Bedroom Apartment Available For Sale In Capital Residencia E-11/4 | Location: Capital Residencia, Margalla Hills-2 | Beds: 1 | Baths: 1 | Price: 13000000 PKR | Details: Discover your perfect urban retreat"
dataset_zameen-property-scraper_2026-09-21_19-40-28-331_43961182,Islamabad,sale,flats,Brand New Three Bed Apartment Available for sale In Capital Residencia E11,19500000,PKR,1700.0,sqft,3,3,"Capital Residencia, Margalla Hills-2",Your Own Flat In A Thriving Locatio,https://www.zameen.com/Property/margalla_hills_2_capital_residencia_brand_new_three_bed_apartment_available_for_sale_in_capital_residencia_e11-43961182-10573-1.html,"City: Islamabad | Type: sale flats | Title: Brand New Three Bed Apartment Available for sale In Capital Residencia E11 | Location: Capital Residencia, Margalla Hills-2 | Beds: 3 | Baths: 3 | Price: 19500000 PKR | Details: Your Own Flat In A Thriving Locatio"
dataset_zameen-property-scraper_2026-09-21_19-40-28-331_11,Islamabad,sale,flats,One Bedroom Apartment Available For Sale In Capital Residencia Sector E-11,11000000,PKR,600.0,sqft,1,1,"Capital Residencia, Margalla Hills-2",Discover your new home in the heart,https://www.zameen.com/Property/margalla_hills_2_capital_residencia_one_bedroom_apartment_available_for_sale_in_capital_residencia_sector_e-11-51091409-10573-1.html,"City: Islamabad | Type: sale flats | Title: One Bedroom Apartment Available For Sale In Capital Residencia Sector E-11 | Location: Capital Residencia, Margalla Hills-2 | Beds: 1 | Baths: 1 | Price: 11000000 PKR | Details: Discover your new home in the heart"
dataset_zameen-property-scraper_2026-09-21_19-40-28-331_50050276,Islamabad,sale,flats,4 Bedroom Unfurnished Apartment For Sale In Capital Residencia E11,33000000,PKR,2400.0,sqft,4,4,"Capital Residencia, Margalla Hills-2",Capital Residencia Is Building The,https://www.zameen.com/Property/margalla_hills_2_capital_residencia_4_bedroom_unfurnished_apartment_for_sale_in_capital_residencia_e11-50050276-10573-1.html,"City: Islamabad | Type: sale flats | Title: 4 Bedroom Unfurnished Apartment For Sale In Capital Residencia E11 | Location: Capital Residencia, Margalla Hills-2 | Beds: 4 | Baths: 4 | Price: 33000000 PKR | Details: Capital Residencia Is Building The"
dataset_zameen-property-scraper_2026-09-21_19-40-28-331_54703376,Islamabad,sale,flats,700 Square Feet Flat For Sale In MPCHS - Block B,8500000,PKR,700.0,sqft,2,2,"MPCHS - Block B, MPCHS - Multi Gardens","BANK LOAN AVAILABLE


 2 Bed Apartm",https://www.zameen.com/Property/mpchs_multi_gardens_mpchs_-_block_b_700_square_feet_flat_for_sale_in_mpchs_-_block_b-54703376-3117-1.html,"City: Islamabad | Type: sale flats | Title: 700 Square Feet Flat For Sale In MPCHS - Block B | Location: MPCHS - Block B, MPCHS - Multi Gardens | Beds: 2 | Baths: 2 | Price: 8500000 PKR | Details: BANK LOAN AVAILABLE


 2 Bed Apartm"
dataset_zameen-property-scraper_2026-09-21_19-41-15-481_54774992,Islamabad,sale,plots,14 Marla Residential Plot For sale In Beautiful E-12/1,55000000,PKR,14.0,Marla,0,0,"E-12/1, E-12",Title. *E12/1 40x80 Corner Sunface,https://www.zameen.com/Property/e_12_e-12_1_14_marla_residential_plot_for_sale_in_beautiful_e-12_1-54774992-8177-2.html,"City: Islamabad | Type: sale plots | Title: 14 Marla Residential Plot For sale In Beautiful E-12/1 | Location: E-12/1, E-12 | Beds: 0 | Baths: 0 | Price: 55000000 PKR | Details: Title. *E12/1 40x80 Corner Sunface"
dataset_zameen-property-scraper_2026-09-21_19-41-15-481_54774993,Islamabad,sale,plots,Residential Plot Is Available For sale In E-12/2,95000000,PKR,1.0,Kanal,0,0,"E-12/2, E-12",Title. *E12/2 50x90 End corner with,https://www.zameen.com/Property/e_12_e-12_2_residential_plot_is_available_for_sale_in_e-12_2-54774993-8178-2.html,"City: Islamabad | Type: sale plots | Title: Residential Plot Is Available For sale In E-12/2 | Location: E-12/2, E-12 | Beds: 0 | Baths: 0 | Price: 95000000 PKR | Details: Title. *E12/2 50x90 End corner with"
dataset_zameen-property-scraper_2026-09-21_19-41-15-481_54774995,Islamabad,sale,plots,Ideal Residential Plot For sale In E-12/2,42500000,PKR,8.0,Marla,0,0,"E-12/2, E-12",Title. *E12/2 30x60 3side corner wi,https://www.zameen.com/Property/e_12_e-12_2_ideal_residential_plot_for_sale_in_e-12_2-54774995-8178-2.html,"City: Islamabad | Type: sale plots | Title: Ideal Residential Plot For sale In E-12/2 | Location: E-12/2, E-12 | Beds: 0 | Baths: 0 | Price: 42500000 PKR | Details: Title. *E12/2 30x60 3side corner wi"
dataset_zameen-property-scraper_2026-09-21_19-41-15-481_54522437,Islamabad,sale,plots,Main Margalla Road Plot Available 1 Kanal In C-15 Margalla Face,40000000,PKR,1.0,Kanal,0,0,"C-15, Islamabad",1 Kanal Residential Plot Available,https://www.zameen.com/Property/islamabad_c-15_main_margalla_road_plot_available_1_kanal_in_c-15_margalla_face-54522437-8915-2.html,"City: Islamabad | Type: sale plots | Title: Main Margalla Road Plot Available 1 Kanal In C-15 Margalla Face | Location: C-15, Islamabad | Beds: 0 | Baths: 0 | Price: 40000000 PKR | Details: 1 Kanal Residential Plot Available"
dataset_zameen-property-scraper_2026-09-21_19-41-15-481_54774539,Islamabad,sale,plots,8marla plot for sale,7500000,PKR,8.0,Marla,0,0,"DHA Valley - Oleander Sector, DHA Valley",8marla plot for sale in oleander bl,https://www.zameen.com/Property/dha_valley_dha_valley_-_oleander_sector_8marla_plot_for_sale-54774539-3213-2.html,"City: Islamabad | Type: sale plots | Title: 8marla plot for sale | Location: DHA Valley - Oleander Sector, DHA Valley | Beds: 0 | Baths: 0 | Price: 7500000 PKR | Details: 8marla plot for sale in oleander bl"
dataset_zameen-property-scraper_2026-09-21_19-41-15-481_54535986,Islamabad,sale,plots,1 KANAL PLOT IN DOUBLE ROAD MARGALLA FACE,42000000,PKR,1.0,Kanal,0,0,"C-15, Islamabad",1 KANAL PLOT IN DOUBLE ROAD CUTTING,https://www.zameen.com/Property/islamabad_c-15_1_kanal_plot_in_double_road_margalla_face-54535986-8915-2.html,"City: Islamabad | Type: sale plots | Title: 1 KANAL PLOT IN DOUBLE ROAD MARGALLA FACE | Location: C-15, Islamabad | Beds: 0 | Baths: 0 | Price: 42000000 PKR | Details: 1 KANAL PLOT IN DOUBLE ROAD CUTTING"
dataset_zameen-property-scraper_2026-09-21_19-41-15-481_54652357,Islamabad,sale,plots,C-15 Residential Plot Sized 1 Kanal For Sale,50000000,PKR,1.0,Kanal,0,0,"C-15, Islamabad","Demand 325
The well planned city ce",https://www.zameen.com/Property/islamabad_c-15_c-15_residential_plot_sized_1_kanal_for_sale-54652357-8915-2.html,"City: Islamabad | Type: sale plots | Title: C-15 Residential Plot Sized 1 Kanal For Sale | Location: C-15, Islamabad | Beds: 0 | Baths: 0 | Price: 50000000 PKR | Details: Demand 325
The well planned city ce"
dataset_zameen-property-scraper_2026-09-21_19-41-15-481_54670614,Islamabad,sale,plots,FRONT OPEN PLOT AVAILABLE IN C-15 MARGALLA FACE,43000000,PKR,1.0,Kanal,0,0,"C-15, Islamabad","MARGALLA FACE 
FRONT OPEN PLOT AVAI",https://www.zameen.com/Property/islamabad_c-15_front_open_plot_available_in_c-15_margalla_face-54670614-8915-2.html,"City: Islamabad | Type: sale plots | Title: FRONT OPEN PLOT AVAILABLE IN C-15 MARGALLA FACE | Location: C-15, Islamabad | Beds: 0 | Baths: 0 | Price: 43000000 PKR | Details: MARGALLA FACE 
FRONT OPEN PLOT AVAI"
dataset_zameen-property-scraper_2026-09-21_19-41-15-481_54734038,Islamabad,sale,plots,"FOR SALE | Plot 783, Block B Faisal Hills",10500000,PKR,10.0,Marla,0,0,"Faisal Hills - Block B, Faisal Hills","Location: Block B, Faisal Hills, Is",https://www.zameen.com/Property/faisal_hills_faisal_hills_-_block_b_for_sale_plot_783_block_b_faisal_hills-54734038-12656-2.html,"City: Islamabad | Type: sale plots | Title: FOR SALE | Plot 783, Block B Faisal Hills | Location: Faisal Hills - Block B, Faisal Hills | Beds: 0 | Baths: 0 | Price: 10500000 PKR | Details: Location: Block B, Faisal Hills, Is"
dataset_zameen-property-scraper_2026-09-21_19-41-15-481_54622211,Islamabad,sale,plots,25 Marla Plot Available For Sale In Bani Gala Islamabad Best Location For Your Dream House,37000000,PKR,1.2,Kanal,0,0,"Bani Gala, Islamabad",25 Marla Plot Available For Sale In,https://www.zameen.com/Property/islamabad_bani_gala_25_marla_plot_available_for_sale_in_bani_gala_islamabad_best_location_for_your_dream_house-54622211-340-2.html,"City: Islamabad | Type: sale plots | Title: 25 Marla Plot Available For Sale In Bani Gala Islamabad Best Location For Your Dream House | Location: Bani Gala, Islamabad | Beds: 0 | Baths: 0 | Price: 37000000 PKR | Details: 25 Marla Plot Available For Sale In"
dataset_zameen-property-scraper_2026-09-21_19-41-15-481_54686324,Islamabad,sale,plots,I-12/3 plot for sale park face size 25x50,15500000,PKR,5.0,Marla,0,0,"I-12, Islamabad",I-12/3 plot for sale park face size,https://www.zameen.com/Property/islamabad_i-12_i-12_3_plot_for_sale_park_face_size_25x50-54686324-1418-2.html,"City: Islamabad | Type: sale plots | Title: I-12/3 plot for sale park face size 25x50 | Location: I-12, Islamabad | Beds: 0 | Baths: 0 | Price: 15500000 PKR | Details: I-12/3 plot for sale park face size"
dataset_zameen-property-scraper_2026-09-21_19-41-15-481_54739933,Islamabad,sale,plots,I-12/4 Plot For Sale Size 30x60 Ideally Located,21500000,PKR,8.0,Marla,0,0,"I-12, Islamabad",I-12/4 Plot For Sale Size 30x60 Ide,https://www.zameen.com/Property/islamabad_i-12_i-12_4_plot_for_sale_size_30x60_ideally_located-54739933-1418-2.html,"City: Islamabad | Type: sale plots | Title: I-12/4 Plot For Sale Size 30x60 Ideally Located | Location: I-12, Islamabad | Beds: 0 | Baths: 0 | Price: 21500000 PKR | Details: I-12/4 Plot For Sale Size 30x60 Ide"
dataset_zameen-property-scraper_2026-09-21_19-41-15-481_54451560,Islamabad,sale,plots,1 Kanal Plot Available For Sale,89000000,PKR,1.0,Kanal,0,0,"Margalla Enclave, Margalla Avenue","If you are on a budget, then the pr",https://www.zameen.com/Property/margalla_avenue_margalla_enclave_1_kanal_plot_available_for_sale-54451560-21436-2.html,"City: Islamabad | Type: sale plots | Title: 1 Kanal Plot Available For Sale | Location: Margalla Enclave, Margalla Avenue | Beds: 0 | Baths: 0 | Price: 89000000 PKR | Details: If you are on a budget, then the pr"
dataset_zameen-property-scraper_2026-09-21_19-41-15-481_54762176,Islamabad,sale,plots,10 Marla Plot Available For Sale,48000000,PKR,10.0,Marla,0,0,"Margalla Enclave, Margalla Avenue",Nice Location Reasonable,https://www.zameen.com/Property/margalla_avenue_margalla_enclave_10_marla_plot_available_for_sale-54762176-21436-2.html,"City: Islamabad | Type: sale plots | Title: 10 Marla Plot Available For Sale | Location: Margalla Enclave, Margalla Avenue | Beds: 0 | Baths: 0 | Price: 48000000 PKR | Details: Nice Location Reasonable"
dataset_zameen-property-scraper_2026-09-21_19-41-15-481_54714976,Islamabad,sale,plots,"1 Kanal Plot, Park Enclave Ph 1, Chance Deal, Top Location. (No Dealers)",53500000,PKR,1.0,Kanal,0,0,"Park Enclave 1, Park Enclave","1 Kanal, 500sq yards plot For Sale,",https://www.zameen.com/Property/park_enclave_park_enclave_1_1_kanal_plot_park_enclave_ph_1_chance_deal_top_location_no_dealers-54714976-17148-2.html,"City: Islamabad | Type: sale plots | Title: 1 Kanal Plot, Park Enclave Ph 1, Chance Deal, Top Location. (No Dealers) | Location: Park Enclave 1, Park Enclave | Beds: 0 | Baths: 0 | Price: 53500000 PKR | Details: 1 Kanal, 500sq yards plot For Sale,"
dataset_zameen-property-scraper_2026-09-21_19-41-15-481_54291837,Islamabad,sale,plots,10 MARLA (35x70) PLOT FOR SALE IN FAISAL HILLS BLOCK B | PRIME LOCATION | BACK TO MAIN BOULEVARD | PARK | MASJID | CRICKET GROUND | COMMERCIAL MARKET | BACK TO SERVICE ROAD,8800000,PKR,10.0,Marla,0,0,"Faisal Hills, Islamabad",Looking for a 35x70 plot for sale i,https://www.zameen.com/Property/islamabad_faisal_hills_10_marla_35x70_plot_for_sale_in_faisal_hills_block_b_prime_location_back_to_main_boulevard_park_masjid_cricket_ground_commercial_market_back_to_service_road-54291837-10859-2.html,"City: Islamabad | Type: sale plots | Title: 10 MARLA (35x70) PLOT FOR SALE IN FAISAL HILLS BLOCK B | PRIME LOCATION | BACK TO MAIN BOULEVARD | PARK | MASJID | CRICKET GROUND | COMMERCIAL MARKET | BACK TO SERVICE ROAD | Location: Faisal Hills, Islamabad | Beds: 0 | Baths: 0 | Price: 8800000 PKR | Details: Looking for a 35x70 plot for sale i"
dataset_zameen-property-scraper_2026-09-21_19-41-15-481_53541587,Islamabad,sale,plots,Commercial Plot For Sale,41000000,PKR,4.0,Marla,0,0,"DHA Phase 5 - Commercial Zone C6, DHA Defence Phase 5",DHA Islamabad New Head Office Is Co,https://www.zameen.com/Property/dha_defence_phase_5_dha_phase_5_-_commercial_zone_c6_commercial_plot_for_sale-53541587-16401-2.html,"City: Islamabad | Type: sale plots | Title: Commercial Plot For Sale | Location: DHA Phase 5 - Commercial Zone C6, DHA Defence Phase 5 | Beds: 0 | Baths: 0 | Price: 41000000 PKR | Details: DHA Islamabad New Head Office Is Co"
dataset_zameen-property-scraper_2026-09-21_19-41-15-481_54627853,Islamabad,sale,plots,Airport Green Garden 10 Marla Plots For Sale Solid Area Prime Location Near Masjid Near Commercial Near School,13000000,PKR,10.0,Marla,0,0,"Airport Green Garden - Block A, Airport Green Garden",AIRPORT GREEN GARDEN A BLOCK | PRIM,https://www.zameen.com/Property/airport_green_garden_airport_green_garden_-_block_a_airport_green_garden_10_marla_plots_for_sale_solid_area_prime_location_near_masjid_near_commercial_near_school-54627853-19371-2.html,"City: Islamabad | Type: sale plots | Title: Airport Green Garden 10 Marla Plots For Sale Solid Area Prime Location Near Masjid Near Commercial Near School | Location: Airport Green Garden - Block A, Airport Green Garden | Beds: 0 | Baths: 0 | Price: 13000000 PKR | Details: AIRPORT GREEN GARDEN A BLOCK | PRIM"
dataset_zameen-property-scraper_2026-09-21_19-41-15-481_54091209,Islamabad,sale,plots,D-12/2 ST NO 43 CORNOR PLOT Murree FACE Plot. Size 60 X 90 = 600 Yds Prime Location Margalla Hills Front Open Best Investment For Construction House Elite Class Location For Living Plot Very Reasonable Price,138500000,PKR,1.2,Kanal,0,0,"D-12/2, D-12",D-12/2 ST NO 43 CORNOR PLOT Murree,https://www.zameen.com/Property/d_12_d-12_2_d-12_2_st_no_43_cornor_plot_murree_face_plot_size_60_x_90_600_yds_prime_location_margalla_hills_front_open_best_investment_for_construction_house_elite_class_location_for_living_plot_very_reasonable_price-54091209-3155-2.html,"City: Islamabad | Type: sale plots | Title: D-12/2 ST NO 43 CORNOR PLOT Murree FACE Plot. Size 60 X 90 = 600 Yds Prime Location Margalla Hills Front Open Best Investment For Construction House Elite Class Location For Living Plot Very Reasonable Price | Location: D-12/2, D-12 | Beds: 0 | Baths: 0 | Price: 138500000 PKR | Details: D-12/2 ST NO 43 CORNOR PLOT Murree"
dataset_zameen-property-scraper_2026-09-21_19-41-15-481_54144455,Islamabad,sale,plots,G-13/4 ST NO 136 100 FT. ROAD PLOT Size 40 X 80= 356 Yds Prime Location Pindhi Face Near Park HOT ONE DAY CASH PAYMENT For Sale Best Investment For Construction House Elite Class Location For Living very Reasonable Price,69900000,PKR,14.2,Marla,0,0,"G-13/4, G-13",G-13/4 ST NO 136 Pindhi Face Near P,https://www.zameen.com/Property/g_13_g-13_4_g-13_4_st_no_136_100_ft_road_plot_size_40_x_80_356_yds_prime_location_pindhi_face_near_park_hot_one_day_cash_payment_for_sale_best_investment_for_construction_house_elite_class_location_for_living_very_reasonable_price-54144455-3340-2.html,"City: Islamabad | Type: sale plots | Title: G-13/4 ST NO 136 100 FT. ROAD PLOT Size 40 X 80= 356 Yds Prime Location Pindhi Face Near Park HOT ONE DAY CASH PAYMENT For Sale Best Investment For Construction House Elite Class Location For Living very Reasonable Price | Location: G-13/4, G-13 | Beds: 0 | Baths: 0 | Price: 69900000 PKR | Details: G-13/4 ST NO 136 Pindhi Face Near P"
dataset_zameen-property-scraper_2026-09-21_19-41-15-481_54318381,Islamabad,sale,plots,Park Enclave 1 MAIN DOUBLE BACK OPEN PLOT SIZE 50x90 = 500 YD Level Solid Land Plot CDA Transfer Plot Prime location Reasonable Price,52500000,PKR,1.0,Kanal,0,0,"Park Enclave 1, Park Enclave",Park Enclave 1 MAIN DOUBLE BACK OPE,https://www.zameen.com/Property/park_enclave_park_enclave_1_park_enclave_1_main_double_back_open_plot_size_50x90_500_yd_level_solid_land_plot_cda_transfer_plot_prime_location_reasonable_price-54318381-17148-2.html,"City: Islamabad | Type: sale plots | Title: Park Enclave 1 MAIN DOUBLE BACK OPEN PLOT SIZE 50x90 = 500 YD Level Solid Land Plot CDA Transfer Plot Prime location Reasonable Price | Location: Park Enclave 1, Park Enclave | Beds: 0 | Baths: 0 | Price: 52500000 PKR | Details: Park Enclave 1 MAIN DOUBLE BACK OPE"
dataset_zameen-property-scraper_2026-09-21_19-41-15-481_54318445,Islamabad,sale,plots,G -13 Main Double Road PROPER CORNER PLOT Size 40x80 = 356 Yd Prime Location AVAILABLE PLOT Best Investment For Construction House Elite Class location Plot Very Reasonable Price,80000000,PKR,14.2,Marla,0,0,"G-13/2, G-13",G -13 Main Double Road PROPER CORNE,https://www.zameen.com/Property/g_13_g-13_2_g_-13_main_double_road_proper_corner_plot_size_40x80_356_yd_prime_location_available_plot_best_investment_for_construction_house_elite_class_location_plot_very_reasonable_price-54318445-3338-2.html,"City: Islamabad | Type: sale plots | Title: G -13 Main Double Road PROPER CORNER PLOT Size 40x80 = 356 Yd Prime Location AVAILABLE PLOT Best Investment For Construction House Elite Class location Plot Very Reasonable Price | Location: G-13/2, G-13 | Beds: 0 | Baths: 0 | Price: 80000000 PKR | Details: G -13 Main Double Road PROPER CORNE"
dataset_zameen-property-scraper_2026-09-21_19-41-15-481_54318453,Islamabad,sale,plots,D-12/1 PRIME LOCATION PLOT Size 35x70 = 272 Yd Prime Location AVAILABLE PLOT Best Investment For Construction House Elite Class location Plot Very Reasonable Price,65000000,PKR,10.9,Marla,0,0,"D-12, Islamabad",D-12/1 PRIME LOCATION PLOT Size 35x,https://www.zameen.com/Property/islamabad_d-12_d-12_1_prime_location_plot_size_35x70_272_yd_prime_location_available_plot_best_investment_for_construction_house_elite_class_location_plot_very_reasonable_price-54318453-160-2.html,"City: Islamabad | Type: sale plots | Title: D-12/1 PRIME LOCATION PLOT Size 35x70 = 272 Yd Prime Location AVAILABLE PLOT Best Investment For Construction House Elite Class location Plot Very Reasonable Price | Location: D-12, Islamabad | Beds: 0 | Baths: 0 | Price: 65000000 PKR | Details: D-12/1 PRIME LOCATION PLOT Size 35x"
dataset_zameen-property-scraper_2026-09-21_19-41-15-481_54347727,Islamabad,sale,plots,G-13/4 ST NO 788 Main Double Road PLOT Size 50 X 90 = 500 Yds Prime Location URGENT HOT ONE DAY CASH PAYMENT FOR SALE Best Investment For Construction House Elite Class Location For Living Plot Very Reasonable Price,105000000,PKR,1.0,Kanal,0,0,"G-13/4, G-13",G-13/4 ST NO 788 Main Double Road P,https://www.zameen.com/Property/g_13_g-13_4_g-13_4_st_no_788_main_double_road_plot_size_50_x_90_500_yds_prime_location_urgent_hot_one_day_cash_payment_for_sale_best_investment_for_construction_house_elite_class_location_for_living_plot_very_reasonable_price-54347727-3340-2.html,"City: Islamabad | Type: sale plots | Title: G-13/4 ST NO 788 Main Double Road PLOT Size 50 X 90 = 500 Yds Prime Location URGENT HOT ONE DAY CASH PAYMENT FOR SALE Best Investment For Construction House Elite Class Location For Living Plot Very Reasonable Price | Location: G-13/4, G-13 | Beds: 0 | Baths: 0 | Price: 105000000 PKR | Details: G-13/4 ST NO 788 Main Double Road P"
dataset_zameen-property-scraper_2026-09-21_19-41-15-481_54359196,Islamabad,sale,plots,G -13/3 St no 159 50 Ft Road PLOT Near Park Size 40x80 = 356 Yd Prime Location AVAILABLE PLOT Best Investment For Construction House Elite Class location Plot Very Reasonable Price,63500000,PKR,14.2,Marla,0,0,"G-13/3, G-13",G -13/3 St no 159 50 Ft Road PLOT N,https://www.zameen.com/Property/g_13_g-13_3_g_-13_3_st_no_159_50_ft_road_plot_near_park_size_40x80_356_yd_prime_location_available_plot_best_investment_for_construction_house_elite_class_location_plot_very_reasonable_price-54359196-3339-2.html,"City: Islamabad | Type: sale plots | Title: G -13/3 St no 159 50 Ft Road PLOT Near Park Size 40x80 = 356 Yd Prime Location AVAILABLE PLOT Best Investment For Construction House Elite Class location Plot Very Reasonable Price | Location: G-13/3, G-13 | Beds: 0 | Baths: 0 | Price: 63500000 PKR | Details: G -13/3 St no 159 50 Ft Road PLOT N"
dataset_zameen-property-scraper_2026-09-21_19-41-41-638_54720312,Islamabad,sale,commercial-sale,"SHOP FOR SALE RUNNING ON HIGH RENT- RENT COMING PKR 32,000/-",5000000,PKR,0.2,Marla,0,7,"GT Road, Islamabad",SHOP FOR SALE RUNNING ON HIGH RENT,https://www.zameen.com/Property/islamabad_gt_road_shop_for_sale_running_on_high_rent-_rent_coming_pkr_32_000_--54720312-3397-3.html,"City: Islamabad | Type: sale commercial-sale | Title: SHOP FOR SALE RUNNING ON HIGH RENT- RENT COMING PKR 32,000/- | Location: GT Road, Islamabad | Beds: 0 | Baths: 7 | Price: 5000000 PKR | Details: SHOP FOR SALE RUNNING ON HIGH RENT"
dataset_zameen-property-scraper_2026-09-21_19-41-41-638_54314259,Islamabad,sale,commercial-sale,Rented Shop For Sale,18000000,PKR,0.9,Marla,0,0,"DHA Defence Phase 2, DHA Defence","Rent: 120,000

High-Return Investme",https://www.zameen.com/Property/dha_defence_dha_defence_phase_2_rented_shop_for_sale-54314259-339-3.html,"City: Islamabad | Type: sale commercial-sale | Title: Rented Shop For Sale | Location: DHA Defence Phase 2, DHA Defence | Beds: 0 | Baths: 0 | Price: 18000000 PKR | Details: Rent: 120,000

High-Return Investme"
dataset_zameen-property-scraper_2026-09-21_19-41-41-638_53559776,Islamabad,sale,commercial-sale,Rented Shop Is Available For Sale On Prime Location Of Islamabad,8900000,PKR,0.4,Marla,0,7,"Islamabad Expressway, Islamabad","Shop Is Available For Sale 
 Main I",https://www.zameen.com/Property/islamabad_islamabad_expressway_rented_shop_is_available_for_sale_on_prime_location_of_islamabad-53559776-9014-3.html,"City: Islamabad | Type: sale commercial-sale | Title: Rented Shop Is Available For Sale On Prime Location Of Islamabad | Location: Islamabad Expressway, Islamabad | Beds: 0 | Baths: 7 | Price: 8900000 PKR | Details: Shop Is Available For Sale 
 Main I"
dataset_zameen-property-scraper_2026-09-21_19-41-41-638_54744333,Islamabad,sale,commercial-sale,6-Storey Commercial Plaza For Sale In F-11 Markaz High Rental Income & CDA Transfer.,4,PKR,1.0,Kanal,0,0,"F-11 Markaz, F-11","Property Description:
An exceptiona",https://www.zameen.com/Property/f_11_f-11_markaz_6-storey_commercial_plaza_for_sale_in_f-11_markaz_high_rental_income_cda_transfer-54744333-3286-3.html,"City: Islamabad | Type: sale commercial-sale | Title: 6-Storey Commercial Plaza For Sale In F-11 Markaz High Rental Income & CDA Transfer. | Location: F-11 Markaz, F-11 | Beds: 0 | Baths: 0 | Price: 4 PKR | Details: Property Description:
An exceptiona"
dataset_zameen-property-scraper_2026-09-21_19-41-41-638_54731127,Islamabad,sale,commercial-sale,5-Kanal 8-Story Commercial Building for Sale in F-7 Markaz Jinnah Super | Monthly Rent 10 Crore,24,PKR,5.0,Kanal,0,0,"F-7 Markaz, F-7","Ad Description
Flagship 5-Kanal 8-S",https://www.zameen.com/Property/f_7_f-7_markaz_5-kanal_8-story_commercial_building_for_sale_in_f-7_markaz_jinnah_super_monthly_rent_10_crore-54731127-3311-3.html,"City: Islamabad | Type: sale commercial-sale | Title: 5-Kanal 8-Story Commercial Building for Sale in F-7 Markaz Jinnah Super | Monthly Rent 10 Crore | Location: F-7 Markaz, F-7 | Beds: 0 | Baths: 0 | Price: 24 PKR | Details: Ad Description
Flagship 5-Kanal 8-S"
dataset_zameen-property-scraper_2026-09-21_19-41-41-638_54393176,Islamabad,sale,commercial-sale,Already Rented Shop Available For Sale On Main Road,10000000,PKR,1.3,Marla,0,0,"DHA Defence Phase 2, DHA Defence","Located in a busy commercial hub

H",https://www.zameen.com/Property/dha_defence_dha_defence_phase_2_already_rented_shop_available_for_sale_on_main_road-54393176-339-3.html,"City: Islamabad | Type: sale commercial-sale | Title: Already Rented Shop Available For Sale On Main Road | Location: DHA Defence Phase 2, DHA Defence | Beds: 0 | Baths: 0 | Price: 10000000 PKR | Details: Located in a busy commercial hub

H"
dataset_zameen-property-scraper_2026-09-21_19-41-41-638_54752657,Islamabad,sale,commercial-sale,Eighteen Islamabad Office Unit,44200000,PKR,4.4,Marla,0,0,"Eighteen, Kashmir Highway",994 Sq. Ft. Office Space | Centro 1,https://www.zameen.com/Property/kashmir_highway_eighteen_eighteen_islamabad_office_unit-54752657-12602-3.html,"City: Islamabad | Type: sale commercial-sale | Title: Eighteen Islamabad Office Unit | Location: Eighteen, Kashmir Highway | Beds: 0 | Baths: 0 | Price: 44200000 PKR | Details: 994 Sq. Ft. Office Space | Centro 1"
dataset_zameen-property-scraper_2026-09-21_19-41-41-638_54697598,Islamabad,sale,commercial-sale,Shop For Slae,15600000,PKR,1.7,Marla,0,0,"Top City 1, Islamabad","GA SHOP FOR SALE TOP CITY 1

 Locat",https://www.zameen.com/Property/islamabad_top_city_1_shop_for_slae-54697598-1383-3.html,"City: Islamabad | Type: sale commercial-sale | Title: Shop For Slae | Location: Top City 1, Islamabad | Beds: 0 | Baths: 0 | Price: 15600000 PKR | Details: GA SHOP FOR SALE TOP CITY 1

 Locat"
dataset_zameen-property-scraper_2026-09-21_19-41-41-638_54763133,Islamabad,sale,commercial-sale,Shop for Sale in DHA 2 Islamabad at investor rate | DHA Transfer Available,12000000,PKR,0.9,Marla,0,0,"DHA Defence Phase 2, DHA Defence",A great opportunity to own a commer,https://www.zameen.com/Property/dha_defence_dha_defence_phase_2_shop_for_sale_in_dha_2_islamabad_at_investor_rate_dha_transfer_available-54763133-339-3.html,"City: Islamabad | Type: sale commercial-sale | Title: Shop for Sale in DHA 2 Islamabad at investor rate | DHA Transfer Available | Location: DHA Defence Phase 2, DHA Defence | Beds: 0 | Baths: 0 | Price: 12000000 PKR | Details: A great opportunity to own a commer"
dataset_zameen-property-scraper_2026-09-21_19-41-41-638_52161967,Islamabad,sale,commercial-sale,Near NUST University Ground Floor Shop Available For Sale. H-13 Islamabad,20900000,PKR,2.7,Marla,0,0,"H-13, Islamabad",Prime Commercial Shop for Sale Mana,https://www.zameen.com/Property/islamabad_h-13_near_nust_university_ground_floor_shop_available_for_sale_h-13_islamabad-52161967-1039-3.html,"City: Islamabad | Type: sale commercial-sale | Title: Near NUST University Ground Floor Shop Available For Sale. H-13 Islamabad | Location: H-13, Islamabad | Beds: 0 | Baths: 0 | Price: 20900000 PKR | Details: Prime Commercial Shop for Sale Mana"
dataset_zameen-property-scraper_2026-09-21_19-41-41-638_53425308,Islamabad,sale,commercial-sale,"High Rental Value (Rs 50,000) And Ideally Located Shop For Sale On Main Expressway, Islamabad",10000000,PKR,0.7,Marla,0,0,"Mall of Imarat, Jinnah Gardens","Monthly Rental 50,000/- 
Tax Free O",https://www.zameen.com/Property/jinnah_gardens_mall_of_imarat_high_rental_value_rs_50_000_and_ideally_located_shop_for_sale_on_main_expressway_islamabad-53425308-22031-3.html,"City: Islamabad | Type: sale commercial-sale | Title: High Rental Value (Rs 50,000) And Ideally Located Shop For Sale On Main Expressway, Islamabad | Location: Mall of Imarat, Jinnah Gardens | Beds: 0 | Baths: 0 | Price: 10000000 PKR | Details: Monthly Rental 50,000/- 
Tax Free O"
dataset_zameen-property-scraper_2026-09-21_19-41-41-638_54573844,Islamabad,sale,commercial-sale,High Rental Shop Up For - CDA APPROVED ALLOTED SHOP,8000000,PKR,0.4,Marla,0,5,"DHA Defence Phase 2, DHA Defence","High rental shop for sale
 40,000 P",https://www.zameen.com/Property/dha_defence_dha_defence_phase_2_high_rental_shop_up_for_-_cda_approved_alloted_shop-54573844-339-3.html,"City: Islamabad | Type: sale commercial-sale | Title: High Rental Shop Up For - CDA APPROVED ALLOTED SHOP | Location: DHA Defence Phase 2, DHA Defence | Beds: 0 | Baths: 5 | Price: 8000000 PKR | Details: High rental shop for sale
 40,000 P"
dataset_zameen-property-scraper_2026-09-21_19-41-41-638_54079146,Islamabad,sale,commercial-sale,Brand New Building For Sale In F-10 Markaz (Expected Rent 48 Lac),1,PKR,7.1,Marla,0,0,"F-10 Markaz, F-10",Brand New Building For Sale in F-10,https://www.zameen.com/Property/f_10_f-10_markaz_brand_new_building_for_sale_in_f-10_markaz_expected_rent_48_lac-54079146-3280-3.html,"City: Islamabad | Type: sale commercial-sale | Title: Brand New Building For Sale In F-10 Markaz (Expected Rent 48 Lac) | Location: F-10 Markaz, F-10 | Beds: 0 | Baths: 0 | Price: 1 PKR | Details: Brand New Building For Sale in F-10"
dataset_zameen-property-scraper_2026-09-21_19-41-41-638_54302550,Islamabad,sale,commercial-sale,Premium Retail Shop In D-Mall | On Installments | Leased To International Brand,25000000,PKR,1.3,Marla,0,0,"D Mall, DHA Defence Phase 2","A solid, ready-to-earn investment o",https://www.zameen.com/Property/dha_defence_phase_2_d_mall_premium_retail_shop_in_d-mall_on_installments_leased_to_international_brand-54302550-10930-3.html,"City: Islamabad | Type: sale commercial-sale | Title: Premium Retail Shop In D-Mall | On Installments | Leased To International Brand | Location: D Mall, DHA Defence Phase 2 | Beds: 0 | Baths: 0 | Price: 25000000 PKR | Details: A solid, ready-to-earn investment o"
dataset_zameen-property-scraper_2026-09-21_19-41-41-638_54740294,Islamabad,sale,commercial-sale,"7 Storey Plaza On Main G. T Road For Sale In Dha Phase 2, Islamabad",175000000,PKR,4.0,Marla,8,7,"DHA Defence Phase 2, DHA Defence",An Exceptional Opportunity To Buy A,https://www.zameen.com/Property/dha_defence_dha_defence_phase_2_7_storey_plaza_on_main_g_t_road_for_sale_in_dha_phase_2_islamabad-54740294-339-3.html,"City: Islamabad | Type: sale commercial-sale | Title: 7 Storey Plaza On Main G. T Road For Sale In Dha Phase 2, Islamabad | Location: DHA Defence Phase 2, DHA Defence | Beds: 8 | Baths: 7 | Price: 175000000 PKR | Details: An Exceptional Opportunity To Buy A"
dataset_zameen-property-scraper_2026-09-21_19-41-41-638_54605027,Islamabad,sale,commercial-sale,Already Rented Shop Available For Sale On Main Road Isb,50000000,PKR,4.4,Marla,0,0,"The Centaurus, F-8","Located in a busy commercial hub

H",https://www.zameen.com/Property/f_8_the_centaurus_already_rented_shop_available_for_sale_on_main_road_isb-54605027-8349-3.html,"City: Islamabad | Type: sale commercial-sale | Title: Already Rented Shop Available For Sale On Main Road Isb | Location: The Centaurus, F-8 | Beds: 0 | Baths: 0 | Price: 50000000 PKR | Details: Located in a busy commercial hub

H"
dataset_zameen-property-scraper_2026-09-21_19-41-41-638_54407012,Islamabad,sale,commercial-sale,Already Rented Shop Available For Sale On Main Road,50000000,PKR,4.4,Marla,0,0,"DHA Defence Phase 1, DHA Defence","Located in a busy commercial hub

H",https://www.zameen.com/Property/dha_defence_dha_defence_phase_1_already_rented_shop_available_for_sale_on_main_road-54407012-376-3.html,"City: Islamabad | Type: sale commercial-sale | Title: Already Rented Shop Available For Sale On Main Road | Location: DHA Defence Phase 1, DHA Defence | Beds: 0 | Baths: 0 | Price: 50000000 PKR | Details: Located in a busy commercial hub

H"
dataset_zameen-property-scraper_2026-09-21_19-41-41-638_53415111,Islamabad,sale,commercial-sale,"High Rental (69,000) Shop For Urgent Sale On Main Road Islamabad",10300000,PKR,0.4,Marla,0,0,"G-11, Islamabad","Rented To Well Known Brand
 Complet",https://www.zameen.com/Property/islamabad_g-11_high_rental_69_000_shop_for_urgent_sale_on_main_road_islamabad-53415111-168-3.html,"City: Islamabad | Type: sale commercial-sale | Title: High Rental (69,000) Shop For Urgent Sale On Main Road Islamabad | Location: G-11, Islamabad | Beds: 0 | Baths: 0 | Price: 10300000 PKR | Details: Rented To Well Known Brand
 Complet"
dataset_zameen-property-scraper_2026-09-21_19-41-41-638_54641023,Islamabad,sale,commercial-sale,Ready To Move Shops On Installment,4500000,PKR,0.8,Marla,0,0,"Soan Garden - Block H, Soan Garden","# JC Arcade Ready-to-Move Shops

**",https://www.zameen.com/Property/soan_garden_soan_garden_-_block_h_ready_to_move_shops_on_installment-54641023-3498-3.html,"City: Islamabad | Type: sale commercial-sale | Title: Ready To Move Shops On Installment | Location: Soan Garden - Block H, Soan Garden | Beds: 0 | Baths: 0 | Price: 4500000 PKR | Details: # JC Arcade Ready-to-Move Shops

**"
dataset_zameen-property-scraper_2026-09-21_19-41-41-638_54585268,Islamabad,sale,commercial-sale,Shop For Sale In Sarai Kharbuza Sarai Kharbuza,15000000,PKR,4.4,Marla,0,0,"Sarai Kharbuza, Islamabad",5 Commercial Shops For Sale At D-14,https://www.zameen.com/Property/islamabad_sarai_kharbuza_shop_for_sale_in_sarai_kharbuza_sarai_kharbuza-54585268-10075-3.html,"City: Islamabad | Type: sale commercial-sale | Title: Shop For Sale In Sarai Kharbuza Sarai Kharbuza | Location: Sarai Kharbuza, Islamabad | Beds: 0 | Baths: 0 | Price: 15000000 PKR | Details: 5 Commercial Shops For Sale At D-14"
dataset_zameen-property-scraper_2026-09-21_19-41-41-638_54585270,Islamabad,sale,commercial-sale,1200 Square Feet Shop In D-14 Is Best Option,17500000,PKR,5.3,Marla,0,0,"D-14, Islamabad","6 Commercial Shop For Sale 
Main Jo",https://www.zameen.com/Property/islamabad_d-14_1200_square_feet_shop_in_d-14_is_best_option-54585270-9520-3.html,"City: Islamabad | Type: sale commercial-sale | Title: 1200 Square Feet Shop In D-14 Is Best Option | Location: D-14, Islamabad | Beds: 0 | Baths: 0 | Price: 17500000 PKR | Details: 6 Commercial Shop For Sale 
Main Jo"
dataset_zameen-property-scraper_2026-09-21_19-41-41-638_54670272,Islamabad,sale,commercial-sale,Shop For Sale In Faisal Jewel 99% Completed Project on 4 Year Installments,9828000,PKR,0.8,Marla,0,0,"Faisal Hills - Executive Block, Faisal Hills",You can get higgher roi percentage,https://www.zameen.com/Property/faisal_hills_faisal_hills_-_executive_block_shop_for_sale_in_faisal_jewel_99_completed_project_on_4_year_installments-54670272-16527-3.html,"City: Islamabad | Type: sale commercial-sale | Title: Shop For Sale In Faisal Jewel 99% Completed Project on 4 Year Installments | Location: Faisal Hills - Executive Block, Faisal Hills | Beds: 0 | Baths: 0 | Price: 9828000 PKR | Details: You can get higgher roi percentage"
dataset_zameen-property-scraper_2026-09-21_19-41-41-638_53111594,Islamabad,sale,commercial-sale,Mumtaz City 1 Kanal Commercial Building For Sale,210000000,PKR,1.0,Kanal,11,7,"Mumtaz City, Islamabad","All size of houses, plots & apartme",https://www.zameen.com/Property/islamabad_mumtaz_city_mumtaz_city_1_kanal_commercial_building_for_sale-53111594-3464-3.html,"City: Islamabad | Type: sale commercial-sale | Title: Mumtaz City 1 Kanal Commercial Building For Sale | Location: Mumtaz City, Islamabad | Beds: 11 | Baths: 7 | Price: 210000000 PKR | Details: All size of houses, plots & apartme"
dataset_zameen-property-scraper_2026-09-21_19-41-41-638_53345398,Islamabad,sale,commercial-sale,"High Rental Value (Rs 16,600) And Ideally Located Shop For Sale On Main Road Islamabad",2000000,PKR,0.2,Marla,0,0,"GT Road, Islamabad","Monthly Rental 16,600/-
 Rented to",https://www.zameen.com/Property/islamabad_gt_road_high_rental_value_rs_16_600_and_ideally_located_shop_for_sale_on_main_road_islamabad-53345398-3397-3.html,"City: Islamabad | Type: sale commercial-sale | Title: High Rental Value (Rs 16,600) And Ideally Located Shop For Sale On Main Road Islamabad | Location: GT Road, Islamabad | Beds: 0 | Baths: 0 | Price: 2000000 PKR | Details: Monthly Rental 16,600/-
 Rented to"
dataset_zameen-property-scraper_2026-09-21_19-41-41-638_53382805,Islamabad,sale,commercial-sale,"High Rental Value (Rs 25,000) And Ideally Located Shop For Sale On Main Road Islamabad",5000000,PKR,0.4,Marla,0,0,"GT Road, Islamabad","Prime Investment Alert! 
 Steady Mo",https://www.zameen.com/Property/islamabad_gt_road_high_rental_value_rs_25_000_and_ideally_located_shop_for_sale_on_main_road_islamabad-53382805-3397-3.html,"City: Islamabad | Type: sale commercial-sale | Title: High Rental Value (Rs 25,000) And Ideally Located Shop For Sale On Main Road Islamabad | Location: GT Road, Islamabad | Beds: 0 | Baths: 0 | Price: 5000000 PKR | Details: Prime Investment Alert! 
 Steady Mo"
dataset_zameen-property-scraper_2026-09-21_19-43-14-958_54723833,Islamabad,rent,rental-flats,Flat For Rent In Rs. 35000,35000,PKR,740.0,sqft,2,2,"Top City 1 - Block D, Top City 1",There are few such highly affordabl,https://www.zameen.com/Property/top_city_1_top_city_1_-_block_d_flat_for_rent_in_rs_35000-54723833-9233-4.html,"City: Islamabad | Type: rent rental-flats | Title: Flat For Rent In Rs. 35000 | Location: Top City 1 - Block D, Top City 1 | Beds: 2 | Baths: 2 | Price: 35000 PKR | Details: There are few such highly affordabl"
dataset_zameen-property-scraper_2026-09-21_19-43-14-958_54746611,Islamabad,rent,rental-flats,Luxury 1-Bedroom Fully Furnished Apartment For Rent | The Centaurus Residencia Islamabad,300000,PKR,1150.0,sqft,1,1,"The Centaurus, F-8",Experience upscale vertical living,https://www.zameen.com/Property/f_8_the_centaurus_luxury_1-bedroom_fully_furnished_apartment_for_rent_the_centaurus_residencia_islamabad-54746611-8349-4.html,"City: Islamabad | Type: rent rental-flats | Title: Luxury 1-Bedroom Fully Furnished Apartment For Rent | The Centaurus Residencia Islamabad | Location: The Centaurus, F-8 | Beds: 1 | Baths: 1 | Price: 300000 PKR | Details: Experience upscale vertical living"
dataset_zameen-property-scraper_2026-09-21_19-43-14-958_54731480,Islamabad,rent,rental-flats,Studio Fully Furnished Apartments Available For Rent,60000,PKR,340.0,sqft,1,1,"Bahria Enclave, Bahria Town",STUDIO FULLY FURNISHED APARTMENTS A,https://www.zameen.com/Property/bahria_town_bahria_enclave_studio_fully_furnished_apartments_available_for_rent-54731480-1705-4.html,"City: Islamabad | Type: rent rental-flats | Title: Studio Fully Furnished Apartments Available For Rent | Location: Bahria Enclave, Bahria Town | Beds: 1 | Baths: 1 | Price: 60000 PKR | Details: STUDIO FULLY FURNISHED APARTMENTS A"
dataset_zameen-property-scraper_2026-09-21_19-43-14-958_54659803,Islamabad,rent,rental-flats,Luxury 4-Bed Fully Furnished Apartment For Rent Islamabad,980000,PKR,4500.0,sqft,4,5,"Constitution Avenue, Islamabad",A very spacious and fully furnished,https://www.zameen.com/Property/islamabad_constitution_avenue_luxury_4-bed_fully_furnished_apartment_for_rent_islamabad-54659803-8284-4.html,"City: Islamabad | Type: rent rental-flats | Title: Luxury 4-Bed Fully Furnished Apartment For Rent Islamabad | Location: Constitution Avenue, Islamabad | Beds: 4 | Baths: 5 | Price: 980000 PKR | Details: A very spacious and fully furnished"
dataset_zameen-property-scraper_2026-09-21_19-43-14-958_54706181,Islamabad,rent,rental-flats,"2-Bedroom Flat For Rent In Diplomatic Enclave, Islamabad",365000,PKR,1800.0,sqft,2,2,"Diplomatic Enclave, Islamabad",A well-maintained and spacious 2-be,https://www.zameen.com/Property/islamabad_diplomatic_enclave_2-bedroom_flat_for_rent_in_diplomatic_enclave_islamabad-54706181-429-4.html,"City: Islamabad | Type: rent rental-flats | Title: 2-Bedroom Flat For Rent In Diplomatic Enclave, Islamabad | Location: Diplomatic Enclave, Islamabad | Beds: 2 | Baths: 2 | Price: 365000 PKR | Details: A well-maintained and spacious 2-be"
dataset_zameen-property-scraper_2026-09-21_19-43-14-958_10,Islamabad,rent,rental-flats,Top Floor Modern Infrastructure 2 Sided Corner With View 4 Bedrooms Apartment For Rent In Sukh Chyn Residence F-10,700000,PKR,2790.0,sqft,4,5,"Sukh Chayn Residence, F-10","The Sukh Chyn F10, Islamabad 
 Top",https://www.zameen.com/Property/f_10_sukh_chayn_residence_top_floor_modern_infrastructure_2_sided_corner_with_view_4_bedrooms_apartment_for_rent_in_sukh_chyn_residence_f-10-52497498-13589-4.html,"City: Islamabad | Type: rent rental-flats | Title: Top Floor Modern Infrastructure 2 Sided Corner With View 4 Bedrooms Apartment For Rent In Sukh Chyn Residence F-10 | Location: Sukh Chayn Residence, F-10 | Beds: 4 | Baths: 5 | Price: 700000 PKR | Details: The Sukh Chyn F10, Islamabad 
 Top"
dataset_zameen-property-scraper_2026-09-21_19-43-14-958_54657149,Islamabad,rent,rental-flats,"One Of The Prestigious And Well Managed Family Building, A 3-Bedroom Apartment Available For Rent.",400000,PKR,1960.0,sqft,3,3,"Sukh Chayn Residence, F-10","*Overview*
This stunning apartment",https://www.zameen.com/Property/f_10_sukh_chayn_residence_one_of_the_prestigious_and_well_managed_family_building_a_3-bedroom_apartment_available_for_rent-54657149-13589-4.html,"City: Islamabad | Type: rent rental-flats | Title: One Of The Prestigious And Well Managed Family Building, A 3-Bedroom Apartment Available For Rent. | Location: Sukh Chayn Residence, F-10 | Beds: 3 | Baths: 3 | Price: 400000 PKR | Details: *Overview*
This stunning apartment"
dataset_zameen-property-scraper_2026-09-21_19-43-14-958_52060784,Islamabad,rent,rental-flats,This Beautiful Apartment With Modern Amenities Available For Rent In Sukh Chayn Residence F10 Islamabad,450000,PKR,1960.0,sqft,3,4,"Sukh Chayn Residence, F-10","The Sukh Chayn Residence
 Modern In",https://www.zameen.com/Property/f_10_sukh_chayn_residence_this_beautiful_apartment_with_modern_amenities_available_for_rent_in_sukh_chayn_residence_f10_islamabad-52060784-13589-4.html,"City: Islamabad | Type: rent rental-flats | Title: This Beautiful Apartment With Modern Amenities Available For Rent In Sukh Chayn Residence F10 Islamabad | Location: Sukh Chayn Residence, F-10 | Beds: 3 | Baths: 4 | Price: 450000 PKR | Details: The Sukh Chayn Residence
 Modern In"
dataset_zameen-property-scraper_2026-09-21_19-43-14-958_54600756,Islamabad,rent,rental-flats,Luxury Fully Furnished 3-Bed Apartment | Murree & Lake View | One Constitution Avenue,345000,PKR,2000.0,sqft,3,3,"One Constitution Avenue, Constitution Avenue",Luxury 3-Bed Furnished Apartment fo,https://www.zameen.com/Property/constitution_avenue_one_constitution_avenue_luxury_fully_furnished_3-bed_apartment_murree_lake_view_one_constitution_avenue-54600756-21856-4.html,"City: Islamabad | Type: rent rental-flats | Title: Luxury Fully Furnished 3-Bed Apartment | Murree & Lake View | One Constitution Avenue | Location: One Constitution Avenue, Constitution Avenue | Beds: 3 | Baths: 3 | Price: 345000 PKR | Details: Luxury 3-Bed Furnished Apartment fo"
dataset_zameen-property-scraper_2026-09-21_19-43-14-958_54697058,Islamabad,rent,rental-flats,Sukh Chayn Recidence F-10 3 Bedroom Brand New Furnished Apartment Available For Rent Beautiful Location,525000,PKR,1960.0,sqft,3,3,"Sukh Chayn Residence, F-10",Sukh chayn Recidence F-10 3 bedroom,https://www.zameen.com/Property/f_10_sukh_chayn_residence_sukh_chayn_recidence_f-10_3_bedroom_brand_new_furnished_apartment_available_for_rent_beautiful_location-54697058-13589-4.html,"City: Islamabad | Type: rent rental-flats | Title: Sukh Chayn Recidence F-10 3 Bedroom Brand New Furnished Apartment Available For Rent Beautiful Location | Location: Sukh Chayn Residence, F-10 | Beds: 3 | Baths: 3 | Price: 525000 PKR | Details: Sukh chayn Recidence F-10 3 bedroom"
dataset_zameen-property-scraper_2026-09-21_19-43-14-958_54080813,Islamabad,rent,rental-flats,Gulberg Greens Islamabad One Bed Full Furnished Apartment Available For Rent Prime Location,80000,PKR,850.0,sqft,1,1,"Gulberg Arena Mall, Gulberg Greens","Gulberg Greens Islamabad
 One Bed F",https://www.zameen.com/Property/gulberg_greens_gulberg_arena_mall_gulberg_greens_islamabad_one_bed_full_furnished_apartment_available_for_rent_prime_location-54080813-19297-4.html,"City: Islamabad | Type: rent rental-flats | Title: Gulberg Greens Islamabad One Bed Full Furnished Apartment Available For Rent Prime Location | Location: Gulberg Arena Mall, Gulberg Greens | Beds: 1 | Baths: 1 | Price: 80000 PKR | Details: Gulberg Greens Islamabad
 One Bed F"
dataset_zameen-property-scraper_2026-09-21_19-43-14-958_54398577,Islamabad,rent,rental-flats,1 Furnished Studio Apartment On Rent Available In Al Mustafa Tower F10,70000,PKR,680.0,sqft,0,1,"F-10/3, F-10",1 Furnished Studio Apartment On Ren,https://www.zameen.com/Property/f_10_f-10_3_1_furnished_studio_apartment_on_rent_available_in_al_mustafa_tower_f10-54398577-3278-4.html,"City: Islamabad | Type: rent rental-flats | Title: 1 Furnished Studio Apartment On Rent Available In Al Mustafa Tower F10 | Location: F-10/3, F-10 | Beds: 0 | Baths: 1 | Price: 70000 PKR | Details: 1 Furnished Studio Apartment On Ren"
dataset_zameen-property-scraper_2026-09-21_19-43-14-958_54764385,Islamabad,rent,rental-flats,Luxury 1-Bed Furnished Apartment For Rent In E-11/4 Islamabad | Elevator & Parking,60000,PKR,650.0,sqft,1,1,"E-11, Islamabad",Luxury 1-Bed Apartment for Rent E-1,https://www.zameen.com/Property/islamabad_e-11_luxury_1-bed_furnished_apartment_for_rent_in_e-11_4_islamabad_elevator_parking-54764385-329-4.html,"City: Islamabad | Type: rent rental-flats | Title: Luxury 1-Bed Furnished Apartment For Rent In E-11/4 Islamabad | Elevator & Parking | Location: E-11, Islamabad | Beds: 1 | Baths: 1 | Price: 60000 PKR | Details: Luxury 1-Bed Apartment for Rent E-1"
dataset_zameen-property-scraper_2026-09-21_19-43-14-958_51311957,Islamabad,rent,rental-flats,Fully Furnished Apartment Is Available For Rent,62000,PKR,950.0,sqft,2,2,"Pakistan Town - Phase 2, Pakistan Town",Fully Furnished Apartments Availabl,https://www.zameen.com/Property/pakistan_town_pakistan_town_-_phase_2_fully_furnished_apartment_is_available_for_rent-51311957-16525-4.html,"City: Islamabad | Type: rent rental-flats | Title: Fully Furnished Apartment Is Available For Rent | Location: Pakistan Town - Phase 2, Pakistan Town | Beds: 2 | Baths: 2 | Price: 62000 PKR | Details: Fully Furnished Apartments Availabl"
dataset_zameen-property-scraper_2026-09-21_19-43-14-958_51919896,Islamabad,rent,rental-flats,Fully Furnished Apartment,60000,PKR,950.0,sqft,2,2,"Pakistan Town - Phase 2, Pakistan Town",Fully furnished apartment available,https://www.zameen.com/Property/pakistan_town_pakistan_town_-_phase_2_fully_furnished_apartment-51919896-16525-4.html,"City: Islamabad | Type: rent rental-flats | Title: Fully Furnished Apartment | Location: Pakistan Town - Phase 2, Pakistan Town | Beds: 2 | Baths: 2 | Price: 60000 PKR | Details: Fully furnished apartment available"
dataset_zameen-property-scraper_2026-09-21_19-43-14-958_52172409,Islamabad,rent,rental-flats,Fully Furnished Apartment For Rent,60000,PKR,950.0,sqft,2,2,"PWD Housing Scheme, Islamabad",Fully Furnished Apartment Available,https://www.zameen.com/Property/islamabad_pwd_housing_scheme_fully_furnished_apartment_for_rent-52172409-424-4.html,"City: Islamabad | Type: rent rental-flats | Title: Fully Furnished Apartment For Rent | Location: PWD Housing Scheme, Islamabad | Beds: 2 | Baths: 2 | Price: 60000 PKR | Details: Fully Furnished Apartment Available"
dataset_zameen-property-scraper_2026-09-21_19-43-14-958_53332842,Islamabad,rent,rental-flats,FURNISHED STUDIO APARTMENT AVAILABLE FOR RENT,35000,PKR,340.0,sqft,0,1,"Faisal Town - F-18, Islamabad",Furnished Studio Apartment Availabl,https://www.zameen.com/Property/islamabad_faisal_town_-_f-18_furnished_studio_apartment_available_for_rent-53332842-8260-4.html,"City: Islamabad | Type: rent rental-flats | Title: FURNISHED STUDIO APARTMENT AVAILABLE FOR RENT | Location: Faisal Town - F-18, Islamabad | Beds: 0 | Baths: 1 | Price: 35000 PKR | Details: Furnished Studio Apartment Availabl"
dataset_zameen-property-scraper_2026-09-21_19-43-14-958_53725996,Islamabad,rent,rental-flats,Sukh Chayn Residence F-10 Ultra Luxury Building Flat Two Side Corner Front View Personal Lift Available For Rent Beautiful Location,700000,PKR,2790.0,sqft,4,5,"Sukh Chayn Residence, F-10",Sukh Chayn Residence F-10 Ultra Lux,https://www.zameen.com/Property/f_10_sukh_chayn_residence_sukh_chayn_residence_f-10_ultra_luxury_building_flat_two_side_corner_front_view_personal_lift_available_for_rent_beautiful_location-53725996-13589-4.html,"City: Islamabad | Type: rent rental-flats | Title: Sukh Chayn Residence F-10 Ultra Luxury Building Flat Two Side Corner Front View Personal Lift Available For Rent Beautiful Location | Location: Sukh Chayn Residence, F-10 | Beds: 4 | Baths: 5 | Price: 700000 PKR | Details: Sukh Chayn Residence F-10 Ultra Lux"
dataset_zameen-property-scraper_2026-09-21_19-43-14-958_53557913,Islamabad,rent,rental-flats,Silver oaks F-10 3 bedroom Specious Apartment Available For Rent beautiful location,270000,PKR,2200.0,sqft,3,3,"Silver Oaks Apartments, F-10",Silver Oaks F-10 3 Bedroom Specious,https://www.zameen.com/Property/f_10_silver_oaks_apartments_silver_oaks_f-10_3_bedroom_specious_apartment_available_for_rent_beautiful_location-53557913-11308-4.html,"City: Islamabad | Type: rent rental-flats | Title: Silver oaks F-10 3 bedroom Specious Apartment Available For Rent beautiful location | Location: Silver Oaks Apartments, F-10 | Beds: 3 | Baths: 3 | Price: 270000 PKR | Details: Silver Oaks F-10 3 Bedroom Specious"
dataset_zameen-property-scraper_2026-09-21_19-43-14-958_54643435,Islamabad,rent,rental-flats,2 Bed Apartments For Rent Topcity1 Islamabad visit Anytime,60000,PKR,1240.0,sqft,2,2,"Top City 1, Islamabad",Two-Bedroom Apartment for Rent & Sa,https://www.zameen.com/Property/islamabad_top_city_1_2_bed_apartments_for_rent_topcity1_islamabad_visit_anytime-54643435-1383-4.html,"City: Islamabad | Type: rent rental-flats | Title: 2 Bed Apartments For Rent Topcity1 Islamabad visit Anytime | Location: Top City 1, Islamabad | Beds: 2 | Baths: 2 | Price: 60000 PKR | Details: Two-Bedroom Apartment for Rent & Sa"
dataset_zameen-property-scraper_2026-09-21_19-43-14-958_50784140,Islamabad,rent,rental-flats,2 Bedroom Unfurnished Apartment Available For Rent In Madina Tower,65000,PKR,1100.0,sqft,2,2,"Madina Tower, E-11",1. Discover Your New Home In The He,https://www.zameen.com/Property/e_11_madina_tower_2_bedroom_unfurnished_apartment_available_for_rent_in_madina_tower-50784140-11138-4.html,"City: Islamabad | Type: rent rental-flats | Title: 2 Bedroom Unfurnished Apartment Available For Rent In Madina Tower | Location: Madina Tower, E-11 | Beds: 2 | Baths: 2 | Price: 65000 PKR | Details: 1. Discover Your New Home In The He"
dataset_zameen-property-scraper_2026-09-21_19-43-14-958_51100145,Islamabad,rent,rental-flats,Three Bedrooms Apartment Available For Rent In Warda Hamna Residencia,150000,PKR,2150.0,sqft,3,3,"Warda Hamna Residencia 3, G-11/3",1. Experience modern living in the,https://www.zameen.com/Property/g_11_3_warda_hamna_residencia_3_three_bedrooms_apartment_available_for_rent_in_warda_hamna_residencia-51100145-11863-4.html,"City: Islamabad | Type: rent rental-flats | Title: Three Bedrooms Apartment Available For Rent In Warda Hamna Residencia | Location: Warda Hamna Residencia 3, G-11/3 | Beds: 3 | Baths: 3 | Price: 150000 PKR | Details: 1. Experience modern living in the"
dataset_zameen-property-scraper_2026-09-21_19-43-14-958_50847614,Islamabad,rent,rental-flats,2 Bedroom Unfurnished Apartment Available For Rent,110000,PKR,1650.0,sqft,2,2,"Warda Hamna Residencia 3, G-11/3",1. Discover This Spacious 2-Bedroom,https://www.zameen.com/Property/g_11_3_warda_hamna_residencia_3_2_bedroom_unfurnished_apartment_available_for_rent-50847614-11863-4.html,"City: Islamabad | Type: rent rental-flats | Title: 2 Bedroom Unfurnished Apartment Available For Rent | Location: Warda Hamna Residencia 3, G-11/3 | Beds: 2 | Baths: 2 | Price: 110000 PKR | Details: 1. Discover This Spacious 2-Bedroom"
dataset_zameen-property-scraper_2026-09-21_19-43-14-958_51992153,Islamabad,rent,rental-flats,Flat For Rent In F-11 Two Bed Room Unfurnished,90000,PKR,1700.0,sqft,2,2,"F-11, Islamabad",1. This Spacious Two-Bedroom Unfurn,https://www.zameen.com/Property/islamabad_f-11_flat_for_rent_in_f-11_two_bed_room_unfurnished-51992153-163-4.html,"City: Islamabad | Type: rent rental-flats | Title: Flat For Rent In F-11 Two Bed Room Unfurnished | Location: F-11, Islamabad | Beds: 2 | Baths: 2 | Price: 90000 PKR | Details: 1. This Spacious Two-Bedroom Unfurn"
dataset_zameen-property-scraper_2026-09-21_19-43-14-958_52058645,Islamabad,rent,rental-flats,3 Bedroom Brand New Unfurnished Apartment Available For Rent Warda Hamna 4,170000,PKR,2250.0,sqft,3,3,"Warda Hamna Residencia 3, G-11/3","1. This brand new, unfurnished thre",https://www.zameen.com/Property/g_11_3_warda_hamna_residencia_3_3_bedroom_brand_new_unfurnished_apartment_available_for_rent_warda_hamna_4-52058645-11863-4.html,"City: Islamabad | Type: rent rental-flats | Title: 3 Bedroom Brand New Unfurnished Apartment Available For Rent Warda Hamna 4 | Location: Warda Hamna Residencia 3, G-11/3 | Beds: 3 | Baths: 3 | Price: 170000 PKR | Details: 1. This brand new, unfurnished thre"
