_fetchedAt,_operation,addedText,agentTier,areaText,areaUnit,areaValue,badge,baths,beds,category,city,cityId,currency,dealType,listingId,locationText,photoCount,price,priceText,propertyTitle,searchUrl,searchedLocation,snippet,status,thumbnailUrl,updatedText,url,source_file,source_listing_id
2026-09-21T18:26:44.867Z,search,Added: 1 hour ago,Titanium,1 Kanal,Kanal,1.0,super hot,6.0,5.0,homes,Lahore,1,PKR,sale,54569518.0,"DHA Phase 5, DHA Defence",18.0,162500000,16.25 Crore,1 Kanal Luxury Modern Design Near Park House for Sale Backside of Penta Square,https://www.zameen.com/Homes/Lahore-1-1.html,Lahore · Homes for sale,1 Kanal Brand New Modern Design Hou,success,https://media.zameen.com/thumbnails/305600604-400x300.jpeg,,https://www.zameen.com/Property/dha_defence_dha_phase_5_1_kanal_luxury_modern_design_near_park_house_for_sale_backside_of_penta_square-54569518-1447-1.html,dataset_zameen-property-scraper_2026-09-21_18-26-46-864.csv,dataset_zameen-property-scraper_2026-09-21_18-26-46-864_54569518
2026-09-21T18:26:45.009Z,search,Added: 4 hours ago,Titanium,5 Marla,Marla,5.0,super hot,4.0,4.0,homes,Lahore,1,PKR,sale,54708963.0,"Lake City - Sector M-7B, Lake City",21.0,34900000,3.49 Crore,5 Marla Ultra Modern Designer House For Sale In Lake City Sector M-7B,https://www.zameen.com/Homes/Lahore-1-1.html,Lahore · Homes for sale,"Discover Luxury, Elegance, And Mode",success,https://media.zameen.com/thumbnails/306933232-400x300.jpeg,,https://www.zameen.com/Property/lake_city_lake_city_-_sector_m-7b_5_marla_ultra_modern_designer_house_for_sale_in_lake_city_sector_m-7b-54708963-19059-1.html,dataset_zameen-property-scraper_2026-09-21_18-26-46-864.csv,dataset_zameen-property-scraper_2026-09-21_18-26-46-864_54708963
2026-09-21T18:26:45.085Z,search,Added: 4 hours ago,Titanium,5 Marla,Marla,5.0,super hot,4.0,3.0,homes,Lahore,1,PKR,sale,54150998.0,"DHA 9 Town, DHA Defence",22.0,26000000,2.6 Crore,5 Marla Out Class Stylish Luxury Bungalow For Sale In DHA Phase 9 Town Lahore,https://www.zameen.com/Homes/Lahore-1-1.html,Lahore · Homes for sale,"Bungalow Details 
 3 Master Bed wit",success,https://media.zameen.com/thumbnails/300759986-400x300.jpeg,(Updated: 4 hours ago),https://www.zameen.com/Property/dha_defence_dha_9_town_5_marla_out_class_stylish_luxury_bungalow_for_sale_in_dha_phase_9_town_lahore-54150998-1452-1.html,dataset_zameen-property-scraper_2026-09-21_18-26-46-864.csv,dataset_zameen-property-scraper_2026-09-21_18-26-46-864_54150998
2026-09-21T18:26:45.153Z,search,Added: 5 hours ago,Titanium,5 Marla,Marla,5.0,super hot,4.0,4.0,homes,Lahore,1,PKR,sale,54652695.0,"Park View City - Diamond Block, Park View City",22.0,20000000,2 Crore,5 Marla House Available For Sale In Diamond Block Park View City Lahore,https://www.zameen.com/Homes/Lahore-1-1.html,Lahore · Homes for sale,5 Marla House Available For Sale In,success,https://media.zameen.com/thumbnails/306397802-400x300.jpeg,,https://www.zameen.com/Property/park_view_city_park_view_city_-_diamond_block_5_marla_house_available_for_sale_in_diamond_block_park_view_city_lahore-54652695-17433-1.html,dataset_zameen-property-scraper_2026-09-21_18-26-46-864.csv,dataset_zameen-property-scraper_2026-09-21_18-26-46-864_54652695
2026-09-21T18:26:45.219Z,search,Added: 5 hours ago,Titanium,5 Marla,Marla,5.0,super hot,4.0,3.0,homes,Lahore,1,PKR,sale,54766622.0,"DHA 9 Town - Block A, DHA 9 Town",27.0,25500000,2.55 Crore,5 Marla Adorable Bungalow On Top Location For Sale In DHA Phase 9 Town Lahore,https://www.zameen.com/Homes/Lahore-1-1.html,Lahore · Homes for sale,"Description
5 Marla Adorable Bungal",success,https://media.zameen.com/thumbnails/307484972-400x300.jpeg,(Updated: 39 minutes ago),https://www.zameen.com/Property/dha_9_town_dha_9_town_-_block_a_5_marla_adorable_bungalow_on_top_location_for_sale_in_dha_phase_9_town_lahore-54766622-8173-1.html,dataset_zameen-property-scraper_2026-09-21_18-26-46-864.csv,dataset_zameen-property-scraper_2026-09-21_18-26-46-864_54766622
2026-09-21T18:26:45.317Z,search,Added: 39 minutes ago,,1 Kanal,Kanal,1.0,super hot,6.0,5.0,homes,Lahore,1,PKR,sale,54595955.0,"DHA Phase 7 - Block P, DHA Phase 7",30.0,76500000,7.65 Crore,100 Percent Original Add Near Defence Raya And Masjid One Kanal Brand New Modern Ultra Luxury Supreme Location House In DHA Lahore Reasonable Deal,https://www.zameen.com/Homes/Lahore-1-1.html,Lahore · Homes for sale,"The Sapphire Properties Offers 
100",success,https://media.zameen.com/thumbnails/305849576-400x300.jpeg,,https://www.zameen.com/Property/dha_phase_7_dha_phase_7_-_block_p_100_percent_original_add_near_defence_raya_and_masjid_one_kanal_brand_new_modern_ultra_luxury_supreme_location_house_in_dha_lahore_reasonable_deal-54595955-1623-1.html,dataset_zameen-property-scraper_2026-09-21_18-26-46-864.csv,dataset_zameen-property-scraper_2026-09-21_18-26-46-864_54595955
2026-09-21T18:26:45.396Z,search,Added: 1 hour ago,,1 Kanal,Kanal,1.0,super hot,6.0,5.0,homes,Lahore,1,PKR,sale,54742036.0,"DHA Phase 6, DHA Defence",37.0,82500000,8.25 Crore,Fully Furnished Slightly Used Well Kept Bungalow For Sale,https://www.zameen.com/Homes/Lahore-1-1.html,Lahore · Homes for sale,Al-Ahad Estate and Builder Offer Fu,success,https://media.zameen.com/thumbnails/307249286-400x300.jpeg,(Updated: 8 minutes ago),https://www.zameen.com/Property/dha_defence_dha_phase_6_fully_furnished_slightly_used_well_kept_bungalow_for_sale-54742036-1448-1.html,dataset_zameen-property-scraper_2026-09-21_18-26-46-864.csv,dataset_zameen-property-scraper_2026-09-21_18-26-46-864_54742036
2026-09-21T18:26:45.465Z,search,Added: 1 hour ago,,5 Marla,Marla,5.0,super hot,6.0,6.0,homes,Lahore,1,PKR,sale,54523330.0,"Airline Housing Society, Lahore",22.0,26500000,2.65 Crore,5 Marla Brand New House For Sale Near Ucp University & Shaukat Khanam Chowk,https://www.zameen.com/Homes/Lahore-1-1.html,Lahore · Homes for sale,5 Marla Brand New Double Storey Hou,success,https://media.zameen.com/thumbnails/305172535-400x300.jpeg,,https://www.zameen.com/Property/lahore_airline_housing_society_5_marla_brand_new_house_for_sale_near_ucp_university_shaukat_khanam_chowk-54523330-1290-1.html,dataset_zameen-property-scraper_2026-09-21_18-26-46-864.csv,dataset_zameen-property-scraper_2026-09-21_18-26-46-864_54523330
2026-09-21T18:26:45.545Z,search,Added: 1 hour ago,,5 Marla,Marla,5.0,super hot,4.0,4.0,homes,Lahore,1,PKR,sale,54732104.0,"Park View City, Lahore",22.0,18000000,1.8 Crore,"5 Marla Modern Design House For Sale In Parkview City, Lahore",https://www.zameen.com/Homes/Lahore-1-1.html,Lahore · Homes for sale,A golden opportunity to own a Moder,success,https://media.zameen.com/thumbnails/307146860-400x300.jpeg,(Updated: 1 hour ago),https://www.zameen.com/Property/lahore_park_view_city_5_marla_modern_design_house_for_sale_in_parkview_city_lahore-54732104-1466-1.html,dataset_zameen-property-scraper_2026-09-21_18-26-46-864.csv,dataset_zameen-property-scraper_2026-09-21_18-26-46-864_54732104
2026-09-21T18:26:45.616Z,search,Added: 1 hour ago,,8 Kanal,Kanal,8.0,super hot,3.0,3.0,homes,Lahore,1,PKR,sale,54759139.0,"Farmers Farm Houses, Barki Road",17.0,210000000,21 Crore,8 Kanal Farmhouse For Sale Main Barki Road,https://www.zameen.com/Homes/Lahore-1-1.html,Lahore · Homes for sale,8 Kanal Farmhouse for Sale Farmers,success,https://media.zameen.com/thumbnails/307409271-400x300.jpeg,(Updated: 1 hour ago),https://www.zameen.com/Property/barki_road_farmers_farm_houses_8_kanal_farmhouse_for_sale_main_barki_road-54759139-15494-1.html,dataset_zameen-property-scraper_2026-09-21_18-26-46-864.csv,dataset_zameen-property-scraper_2026-09-21_18-26-46-864_54759139
2026-09-21T18:26:45.706Z,search,Added: 4 minutes ago,Titanium,10 Marla,Marla,10.0,Trusted,6.0,5.0,homes,Lahore,1,PKR,sale,54674054.0,"Park View City, Lahore",12.0,31500000,3.15 Crore,3 Years Installment Plan Luxury 10 Marla Brand New House In Park View City Lahore,https://www.zameen.com/Homes/Lahore-1-1.html,Lahore · Homes for sale,* Nova Builders Offers You Ready Ho,success,https://media.zameen.com/thumbnails/306590557-400x300.jpeg,(Updated: 4 minutes ago),https://www.zameen.com/Property/lahore_park_view_city_3_years_installment_plan_luxury_10_marla_brand_new_house_in_park_view_city_lahore-54674054-1466-1.html,dataset_zameen-property-scraper_2026-09-21_18-26-46-864.csv,dataset_zameen-property-scraper_2026-09-21_18-26-46-864_54674054
2026-09-21T18:26:45.772Z,search,Added: 31 minutes ago,Titanium,5 Marla,Marla,5.0,Trusted,4.0,3.0,homes,Lahore,1,PKR,sale,54773412.0,"DHA 9 Town, DHA Defence",31.0,43500000,4.35 Crore,Elegant 5 Marla Brand New Fully Furnished Ultra Modern Beautiful House For Sale In DHA 9 Town Lahore,https://www.zameen.com/Homes/Lahore-1-1.html,Lahore · Homes for sale,Elegant 5 Marla Brand New Fully Fur,success,https://media.zameen.com/thumbnails/307550224-400x300.jpeg,,https://www.zameen.com/Property/dha_defence_dha_9_town_elegant_5_marla_brand_new_fully_furnished_ultra_modern_beautiful_house_for_sale_in_dha_9_town_lahore-54773412-1452-1.html,dataset_zameen-property-scraper_2026-09-21_18-26-46-864.csv,dataset_zameen-property-scraper_2026-09-21_18-26-46-864_54773412
2026-09-21T18:26:45.825Z,search,Added: 11 minutes ago,,1 Kanal,Kanal,1.0,Trusted,6.0,5.0,homes,Lahore,1,PKR,sale,54672710.0,"DHA Phase 6 - Block N, DHA Phase 6",30.0,82000000,8.2 Crore,"* MODERN 1 KANAL USED HOUSE FOR SALE* * Location: DHA Phase 6, Lahore | Prime Location* 100 % ORIGINAL DEAL",https://www.zameen.com/Homes/Lahore-1-1.html,Lahore · Homes for sale,"* PROPERTY OVERVIEW*
Own a beautifu",success,https://media.zameen.com/thumbnails/306903460-400x300.jpeg,,https://www.zameen.com/Property/dha_phase_6_dha_phase_6_-_block_n_modern_1_kanal_used_house_for_sale_location_dha_phase_6_lahore_prime_location_100_original_deal-54672710-1622-1.html,dataset_zameen-property-scraper_2026-09-21_18-26-46-864.csv,dataset_zameen-property-scraper_2026-09-21_18-26-46-864_54672710
2026-09-21T18:26:45.893Z,search,Added: 17 minutes ago,,5 Marla,Marla,5.0,,6.0,3.0,homes,Lahore,1,PKR,sale,54717244.0,"Bankers Avenue Cooperative Housing Society, Lahore",7.0,18500000,1.85 Crore,5 Marla House For Sale In Banker Avenue Cooperative Housing Society Excellent Location & Reasonable Price,https://www.zameen.com/Homes/Lahore-1-1.html,Lahore · Homes for sale,5 Marla House Available For Sale In,success,https://media.zameen.com/thumbnails/307006277-400x300.jpeg,,https://www.zameen.com/Property/lahore_bankers_avenue_cooperative_housing_society_5_marla_house_for_sale_in_banker_avenue_cooperative_housing_society_excellent_location_reasonable_price-54717244-8325-1.html,dataset_zameen-property-scraper_2026-09-21_18-26-46-864.csv,dataset_zameen-property-scraper_2026-09-21_18-26-46-864_54717244
2026-09-21T18:26:45.949Z,search,Added: 23 minutes ago,,3 Marla,Marla,3.0,,4.0,4.0,homes,Lahore,1,PKR,sale,54774694.0,"Jubilee Town, Lahore",15.0,18000000,1.8 Crore,3 Marla Brand Beautiful House For Sale Jubilee Town C BLOCK  Prime Location  Onwer Needed,https://www.zameen.com/Homes/Lahore-1-1.html,Lahore · Homes for sale,3 Marla beautiful Brand New House F,success,https://media.zameen.com/thumbnails/307563715-400x300.jpeg,,https://www.zameen.com/Property/lahore_jubilee_town_3_marla_brand_beautiful_house_for_sale_jubilee_town_c_block_prime_location_onwer_needed-54774694-766-1.html,dataset_zameen-property-scraper_2026-09-21_18-26-46-864.csv,dataset_zameen-property-scraper_2026-09-21_18-26-46-864_54774694
2026-09-21T18:26:46.009Z,search,Added: 29 minutes ago,,5 Marla,Marla,5.0,Trusted,4.0,3.0,homes,Lahore,1,PKR,sale,50905463.0,"Paragon City, Lahore",15.0,27000000,2.7 Crore,5 Marla House For Sale In Paragon City Lahore,https://www.zameen.com/Homes/Lahore-1-1.html,Lahore · Homes for sale,Investing in a House in Paragon Cit,success,https://media.zameen.com/thumbnails/304409120-400x300.jpeg,(Updated: 29 minutes ago),https://www.zameen.com/Property/lahore_paragon_city_5_marla_house_for_sale_in_paragon_city_lahore-50905463-1014-1.html,dataset_zameen-property-scraper_2026-09-21_18-26-46-864.csv,dataset_zameen-property-scraper_2026-09-21_18-26-46-864_50905463
2026-09-21T18:26:46.061Z,search,Added: 37 minutes ago,,4.2 Marla,Marla,4.2,,3.0,2.0,homes,Lahore,1,PKR,sale,54738802.0,"Zameen Opal, Land Breeze Housing Society",4.0,26500000,2.65 Crore,2 Bedroom Apartment For Sale,https://www.zameen.com/Homes/Lahore-1-1.html,Lahore · Homes for sale,Premium Fully Furnished 2-Bed Apart,success,https://media.zameen.com/thumbnails/307254726-400x300.jpeg,,https://www.zameen.com/Property/land_breeze_housing_society_zameen_opal_2_bedroom_apartment_for_sale-54738802-12916-1.html,dataset_zameen-property-scraper_2026-09-21_18-26-46-864.csv,dataset_zameen-property-scraper_2026-09-21_18-26-46-864_54738802
2026-09-21T18:26:46.153Z,search,Added: 6 minutes ago,,5 Marla,Marla,5.0,Trusted,5.0,4.0,homes,Lahore,1,PKR,sale,54522393.0,"Park View City, Lahore",23.0,17000000,1.7 Crore,3 Years Installment Plan Luxury 5 Marla Brand New House In Park View City Lahore,https://www.zameen.com/Homes/Lahore-1-1.html,Lahore · Homes for sale,* Nova Builders Offers You Ready Ho,success,https://media.zameen.com/thumbnails/306945128-400x300.jpeg,,https://www.zameen.com/Property/lahore_park_view_city_3_years_installment_plan_luxury_5_marla_brand_new_house_in_park_view_city_lahore-54522393-1466-1.html,dataset_zameen-property-scraper_2026-09-21_18-26-46-864.csv,dataset_zameen-property-scraper_2026-09-21_18-26-46-864_54522393
2026-09-21T18:26:46.208Z,search,Added: 6 minutes ago,,5 Marla,Marla,5.0,Trusted,5.0,4.0,homes,Lahore,1,PKR,sale,54517138.0,"Park View City, Lahore",18.0,19000000,1.9 Crore,3 Years Installment Plan Luxury 5 Marla Brand New House In Park View City Lahore,https://www.zameen.com/Homes/Lahore-1-1.html,Lahore · Homes for sale,* Nova Builder Offers You Ready Hou,success,https://media.zameen.com/thumbnails/305105956-400x300.jpeg,(Updated: 6 minutes ago),https://www.zameen.com/Property/lahore_park_view_city_3_years_installment_plan_luxury_5_marla_brand_new_house_in_park_view_city_lahore-54517138-1466-1.html,dataset_zameen-property-scraper_2026-09-21_18-26-46-864.csv,dataset_zameen-property-scraper_2026-09-21_18-26-46-864_54517138
2026-09-21T18:26:46.363Z,search,Added: 7 minutes ago,,10 Marla,Marla,10.0,Trusted,6.0,5.0,homes,Lahore,1,PKR,sale,54521500.0,"Park View City, Lahore",16.0,32500000,3.25 Crore,3 Years Installment Plan Luxury 10 Marla Brand New House In Park View City Lahore,https://www.zameen.com/Homes/Lahore-1-1.html,Lahore · Homes for sale,* Nova Builders Offers You Ready Ho,success,https://media.zameen.com/thumbnails/306947548-400x300.jpeg,,https://www.zameen.com/Property/lahore_park_view_city_3_years_installment_plan_luxury_10_marla_brand_new_house_in_park_view_city_lahore-54521500-1466-1.html,dataset_zameen-property-scraper_2026-09-21_18-26-46-864.csv,dataset_zameen-property-scraper_2026-09-21_18-26-46-864_54521500
2026-09-21T18:26:46.549Z,search,Added: 7 minutes ago,,5 Marla,Marla,5.0,Trusted,5.0,4.0,homes,Lahore,1,PKR,sale,54521525.0,"Park View City, Lahore",16.0,18000000,1.8 Crore,3 Years Installment Plan Luxury 5 Marla Brand New House In Park View City Lahore,https://www.zameen.com/Homes/Lahore-1-1.html,Lahore · Homes for sale,* Nova Builders Offers You Ready Ho,success,https://media.zameen.com/thumbnails/306951198-400x300.jpeg,,https://www.zameen.com/Property/lahore_park_view_city_3_years_installment_plan_luxury_5_marla_brand_new_house_in_park_view_city_lahore-54521525-1466-1.html,dataset_zameen-property-scraper_2026-09-21_18-26-46-864.csv,dataset_zameen-property-scraper_2026-09-21_18-26-46-864_54521525
2026-09-21T18:26:46.635Z,search,Added: 7 minutes ago,,10 Marla,Marla,10.0,Trusted,6.0,5.0,homes,Lahore,1,PKR,sale,54522315.0,"Park View City, Lahore",20.0,32000000,3.2 Crore,3 Years Installment Plan Luxury 10 Marla Brand New House In Park View City Lahore,https://www.zameen.com/Homes/Lahore-1-1.html,Lahore · Homes for sale,* Nova Builder Offers You Ready Hou,success,https://media.zameen.com/thumbnails/307166496-400x300.jpeg,,https://www.zameen.com/Property/lahore_park_view_city_3_years_installment_plan_luxury_10_marla_brand_new_house_in_park_view_city_lahore-54522315-1466-1.html,dataset_zameen-property-scraper_2026-09-21_18-26-46-864.csv,dataset_zameen-property-scraper_2026-09-21_18-26-46-864_54522315
2026-09-21T18:26:46.692Z,search,Added: 7 minutes ago,,5 Marla,Marla,5.0,Trusted,5.0,4.0,homes,Lahore,1,PKR,sale,54522317.0,"Park View City, Lahore",18.0,21500000,2.15 Crore,3 Years Installment Plan Luxury 5 Marla Brand New House In Park View City Lahore,https://www.zameen.com/Homes/Lahore-1-1.html,Lahore · Homes for sale,* Nova Builders Offers You Ready Ho,success,https://media.zameen.com/thumbnails/305162700-400x300.jpeg,,https://www.zameen.com/Property/lahore_park_view_city_3_years_installment_plan_luxury_5_marla_brand_new_house_in_park_view_city_lahore-54522317-1466-1.html,dataset_zameen-property-scraper_2026-09-21_18-26-46-864.csv,dataset_zameen-property-scraper_2026-09-21_18-26-46-864_54522317
2026-09-21T18:26:46.762Z,search,Added: 8 minutes ago,Titanium,5 Marla,Marla,5.0,Trusted,4.0,4.0,homes,Lahore,1,PKR,sale,54691972.0,"Park View City - Jade Block, Park View City",5.0,23000000,2.3 Crore,Brand New 5 Marla House For sale In Park View City - Jade Block Lahore,https://www.zameen.com/Homes/Lahore-1-1.html,Lahore · Homes for sale,Envision Homes Pvt. Ltd. Your Visio,success,https://media.zameen.com/thumbnails/306763619-400x300.jpeg,,https://www.zameen.com/Property/park_view_city_park_view_city_-_jade_block_brand_new_5_marla_house_for_sale_in_park_view_city_-_jade_block_lahore-54691972-4135-1.html,dataset_zameen-property-scraper_2026-09-21_18-26-46-864.csv,dataset_zameen-property-scraper_2026-09-21_18-26-46-864_54691972
2026-09-21T18:26:46.831Z,search,Added: 8 minutes ago,Titanium,5 Marla,Marla,5.0,Trusted,4.0,4.0,homes,Lahore,1,PKR,sale,54691974.0,"Park View City - Overseas Block, Park View City",4.0,17000000,1.7 Crore,Well-constructed Brand New House Available For sale In Park View City - Overseas Block,https://www.zameen.com/Homes/Lahore-1-1.html,Lahore · Homes for sale,Envision Homes Pvt. Ltd. Your Visio,success,https://media.zameen.com/thumbnails/306763682-400x300.jpeg,,https://www.zameen.com/Property/park_view_city_park_view_city_-_overseas_block_well-constructed_brand_new_house_available_for_sale_in_park_view_city_-_overseas_block-54691974-17602-1.html,dataset_zameen-property-scraper_2026-09-21_18-26-46-864.csv,dataset_zameen-property-scraper_2026-09-21_18-26-46-864_54691974
2026-09-21T18:30:02.879Z,search,Added: 3 hours ago,Titanium,1 Kanal,Kanal,1.0,super hot,7.0,5.0,rentals,Lahore,1,PKR,rent,54745226.0,"DHA Phase 8 - Ex Air Avenue, DHA Phase 8",21.0,700000,7 Lakh,1 Kanal Brand New Fully Furnished,https://www.zameen.com/Rentals/Lahore-1-1.html,Lahore · Homes for rent,1 Kanal Brand New Fully Furnished L,success,https://media.zameen.com/thumbnails/307546138-400x300.jpeg,(Updated: 3 hours ago),https://www.zameen.com/Property/dha_phase_8_dha_phase_8_-_ex_air_avenue_1_kanal_brand_new_fully_furnished-54745226-407-4.html,dataset_zameen-property-scraper_2026-09-21_18-30-05-269.csv,dataset_zameen-property-scraper_2026-09-21_18-30-05-269_54745226
2026-09-21T18:30:02.994Z,search,Added: 4 hours ago,Titanium,1 Kanal,Kanal,1.0,super hot,6.0,7.0,rentals,Lahore,1,PKR,rent,54620744.0,"DHA Phase 6, DHA Defence",14.0,480000,4.8 Lakh,LIKE A BRAND NEW 1 KANAL HOUSE WITH BASEMENT FOR RENT DHA PHASE 6,https://www.zameen.com/Rentals/Lahore-1-1.html,Lahore · Homes for rent,"1 Kanal House For Rent 

1 Kanal Ho",success,https://media.zameen.com/thumbnails/306995380-400x300.jpeg,,https://www.zameen.com/Property/dha_defence_dha_phase_6_like_a_brand_new_1_kanal_house_with_basement_for_rent_dha_phase_6-54620744-1448-4.html,dataset_zameen-property-scraper_2026-09-21_18-30-05-269.csv,dataset_zameen-property-scraper_2026-09-21_18-30-05-269_54620744
2026-09-21T18:30:03.075Z,search,Added: 4 hours ago,Titanium,2 Kanal,Kanal,2.0,super hot,6.0,5.0,rentals,Lahore,1,PKR,rent,54686500.0,"DHA Phase 7, DHA Defence",19.0,550000,5.5 Lakh,2 KANAL HOUSE FOR RENT 1 KANAL HOUSE 1 KANAL LAWN (20 KV SOLAR),https://www.zameen.com/Rentals/Lahore-1-1.html,Lahore · Homes for rent,2 Kanal Semi-Furnished House for Re,success,https://media.zameen.com/thumbnails/306708613-400x300.jpeg,,https://www.zameen.com/Property/dha_defence_dha_phase_7_2_kanal_house_for_rent_1_kanal_house_1_kanal_lawn_20_kv_solar-54686500-1450-4.html,dataset_zameen-property-scraper_2026-09-21_18-30-05-269.csv,dataset_zameen-property-scraper_2026-09-21_18-30-05-269_54686500
2026-09-21T18:30:03.155Z,search,Added: 6 hours ago,Titanium,14 Marla,Marla,14.0,super hot,4.0,4.0,rentals,Lahore,1,PKR,rent,54774069.0,"Askari 10, Askari",42.0,165000,1.65 Lakh,Brand New Open View 14 Marla Apartment Low Price From Market,https://www.zameen.com/Rentals/Lahore-1-1.html,Lahore · Homes for rent,"It includes:
4 Bedrooms with attach",success,https://media.zameen.com/thumbnails/307557143-400x300.jpeg,,https://www.zameen.com/Property/askari_askari_10_brand_new_open_view_14_marla_apartment_low_price_from_market-54774069-1011-4.html,dataset_zameen-property-scraper_2026-09-21_18-30-05-269.csv,dataset_zameen-property-scraper_2026-09-21_18-30-05-269_54774069
2026-09-21T18:30:03.395Z,search,Added: 7 hours ago,Titanium,17 Marla,Marla,17.0,super hot,6.0,5.0,rentals,Lahore,1,PKR,rent,10.0,"Askari 10 - Sector S, Askari 10",31.0,315000,3.15 Lakh,House For Rent In Sector-S Askari-10,https://www.zameen.com/Rentals/Lahore-1-1.html,Lahore · Homes for rent,Askari Property Offers 17 Marla In,success,https://media.zameen.com/thumbnails/307209270-400x300.jpeg,(Updated: 7 hours ago),https://www.zameen.com/Property/askari_10_askari_10_-_sector_s_house_for_rent_in_sector-s_askari-10-54737775-21434-4.html,dataset_zameen-property-scraper_2026-09-21_18-30-05-269.csv,dataset_zameen-property-scraper_2026-09-21_18-30-05-269_10
2026-09-21T18:30:03.483Z,search,Added: 1 hour ago,,10 Marla,Marla,10.0,super hot,6.0,5.0,rentals,Lahore,1,PKR,rent,54716150.0,"Bahria Town - Jasmine Block, Bahria Town - Sector C",7.0,140000,1.4 Lakh,Luxury 10 Marla House For Rent,https://www.zameen.com/Rentals/Lahore-1-1.html,Lahore · Homes for rent,Hattar Marketing Offering Best Inve,success,https://media.zameen.com/thumbnails/306998909-400x300.jpeg,,https://www.zameen.com/Property/bahria_town_sector_c_bahria_town_-_jasmine_block_luxury_10_marla_house_for_rent-54716150-1786-4.html,dataset_zameen-property-scraper_2026-09-21_18-30-05-269.csv,dataset_zameen-property-scraper_2026-09-21_18-30-05-269_54716150
2026-09-21T18:30:03.567Z,search,Added: 2 hours ago,,5 Marla,Marla,5.0,super hot,4.0,3.0,rentals,Lahore,1,PKR,rent,54774948.0,"DHA 9 Town, DHA Defence",11.0,120000,1.2 Lakh,LUXURY 5 MARLA MODERN HOUSE FOR RENT,https://www.zameen.com/Rentals/Lahore-1-1.html,Lahore · Homes for rent,LUXURY 5 MARLA MODERN HOUSE FOR REN,success,https://media.zameen.com/thumbnails/307565157-400x300.jpeg,,https://www.zameen.com/Property/dha_defence_dha_9_town_luxury_5_marla_modern_house_for_rent-54774948-1452-4.html,dataset_zameen-property-scraper_2026-09-21_18-30-05-269.csv,dataset_zameen-property-scraper_2026-09-21_18-30-05-269_54774948
2026-09-21T18:30:03.641Z,search,Added: 3 hours ago,,13 Marla,Marla,13.0,super hot,5.0,4.0,rentals,Lahore,1,PKR,rent,26995627.0,"Askari 11, Askari",27.0,125000,1.25 Lakh,Brand New 13 Marla 4 Bed Flat For Rent In Askari Green Lahore,https://www.zameen.com/Rentals/Lahore-1-1.html,Lahore · Homes for rent,Brand New 13 Marla 4 Bed Flat For R,success,https://media.zameen.com/thumbnails/299750634-400x300.jpeg,(Updated: 3 hours ago),https://www.zameen.com/Property/askari_askari_11_brand_new_13_marla_4_bed_flat_for_rent_in_askari_green_lahore-26995627-1503-4.html,dataset_zameen-property-scraper_2026-09-21_18-30-05-269.csv,dataset_zameen-property-scraper_2026-09-21_18-30-05-269_26995627
2026-09-21T18:30:03.698Z,search,Added: 4 hours ago,,5 Marla,Marla,5.0,super hot,4.0,3.0,rentals,Lahore,1,PKR,rent,54383858.0,"DHA 9 Town, DHA Defence",25.0,98000,98 Thousand,5 MARLA BRAND NEW MODERN DESIGNER HOUSE FOR RENT,https://www.zameen.com/Rentals/Lahore-1-1.html,Lahore · Homes for rent,- 3 Bedrooms with attached washroom,success,https://media.zameen.com/thumbnails/307202481-400x300.jpeg,(Updated: 4 hours ago),https://www.zameen.com/Property/dha_defence_dha_9_town_5_marla_brand_new_modern_designer_house_for_rent-54383858-1452-4.html,dataset_zameen-property-scraper_2026-09-21_18-30-05-269.csv,dataset_zameen-property-scraper_2026-09-21_18-30-05-269_54383858
2026-09-21T18:30:03.749Z,search,Added: 6 hours ago,,1 Kanal,Kanal,1.0,super hot,6.0,5.0,rentals,Lahore,1,PKR,rent,54579352.0,"DHA Phase 6, DHA Defence",26.0,300000,3 Lakh,1 Kanal Beautifully Designed Modern House For Rent In DHA Phase 6,https://www.zameen.com/Rentals/Lahore-1-1.html,Lahore · Homes for rent,1 Kanal Beautifully Designed Modern,success,https://media.zameen.com/thumbnails/305696251-400x300.jpeg,(Updated: 6 hours ago),https://www.zameen.com/Property/dha_defence_dha_phase_6_1_kanal_beautifully_designed_modern_house_for_rent_in_dha_phase_6-54579352-1448-4.html,dataset_zameen-property-scraper_2026-09-21_18-30-05-269.csv,dataset_zameen-property-scraper_2026-09-21_18-30-05-269_54579352
2026-09-21T18:30:03.921Z,search,Added: 8 minutes ago,Titanium,1 Kanal,Kanal,1.0,Trusted,6.0,5.0,rentals,Lahore,1,PKR,rent,54723314.0,"DHA Phase 6, DHA Defence",15.0,415000,4.15 Lakh,1 Kanal Most Beautiful Design Bungalow For Rent At Prime Location Of Dha Phase 6 Reasonable Price,https://www.zameen.com/Rentals/Lahore-1-1.html,Lahore · Homes for rent,1 Kanal Luxury House for Sale in DH,success,https://media.zameen.com/thumbnails/307057688-400x300.jpeg,,https://www.zameen.com/Property/dha_defence_dha_phase_6_1_kanal_most_beautiful_design_bungalow_for_rent_at_prime_location_of_dha_phase_6_reasonable_price-54723314-1448-4.html,dataset_zameen-property-scraper_2026-09-21_18-30-05-269.csv,dataset_zameen-property-scraper_2026-09-21_18-30-05-269_54723314
2026-09-21T18:30:04.012Z,search,Added: 8 minutes ago,Titanium,1 Kanal,Kanal,1.0,Trusted,6.0,5.0,rentals,Lahore,1,PKR,rent,54723012.0,"DHA Phase 7, DHA Defence",17.0,380000,3.8 Lakh,1 Kanal Most Beautiful Design Bungalow For Rent At Prime Location Of Dha Phase 7 Reasonable Price,https://www.zameen.com/Rentals/Lahore-1-1.html,Lahore · Homes for rent,1 Kanal Luxury House for Rent in DH,success,https://media.zameen.com/thumbnails/307053835-400x300.jpeg,,https://www.zameen.com/Property/dha_defence_dha_phase_7_1_kanal_most_beautiful_design_bungalow_for_rent_at_prime_location_of_dha_phase_7_reasonable_price-54723012-1450-4.html,dataset_zameen-property-scraper_2026-09-21_18-30-05-269.csv,dataset_zameen-property-scraper_2026-09-21_18-30-05-269_54723012
2026-09-21T18:30:04.077Z,search,Added: 26 minutes ago,,10 Marla,Marla,10.0,,6.0,5.0,rentals,Lahore,1,PKR,rent,53230864.0,"Johar Town Phase 2, Johar Town",16.0,185000,1.85 Lakh,13 Marla Double Storey House In Johar Town Near UMT UNIVERSITY HAKIM CKOWK,https://www.zameen.com/Rentals/Lahore-1-1.html,Lahore · Homes for rent,13 marla Outstanding double storey,success,https://media.zameen.com/thumbnails/306109230-400x300.jpeg,(Updated: 26 minutes ago),https://www.zameen.com/Property/johar_town_johar_town_phase_2_13_marla_double_storey_house_in_johar_town_near_umt_university_hakim_ckowk-53230864-3961-4.html,dataset_zameen-property-scraper_2026-09-21_18-30-05-269.csv,dataset_zameen-property-scraper_2026-09-21_18-30-05-269_53230864
2026-09-21T18:30:04.148Z,search,Added: 1 hour ago,,2.4 Marla,Marla,2.4,Trusted,1.0,1.0,rentals,Lahore,1,PKR,rent,53919428.0,"Bahria Town - Jasmine Block, Bahria Town - Sector C",5.0,45000,45 Thousand,One Bed Furnished Apartment Available For Rent,https://www.zameen.com/Rentals/Lahore-1-1.html,Lahore · Homes for rent,Hattar Marketing Offering Best Inve,success,https://media.zameen.com/thumbnails/306506637-400x300.jpeg,,https://www.zameen.com/Property/bahria_town_sector_c_bahria_town_-_jasmine_block_one_bed_furnished_apartment_available_for_rent-53919428-1786-4.html,dataset_zameen-property-scraper_2026-09-21_18-30-05-269.csv,dataset_zameen-property-scraper_2026-09-21_18-30-05-269_53919428
2026-09-21T18:30:04.278Z,search,Added: 2 hours ago,,5 Marla,Marla,5.0,Trusted,4.0,3.0,rentals,Lahore,1,PKR,rent,54519245.0,"DHA Phase 5 - Block D, DHA Phase 5",9.0,90000,90 Thousand,"House Of 5 Marla Is Available For Rent In DHA Phase 5 - Block D, Lahore",https://www.zameen.com/Rentals/Lahore-1-1.html,Lahore · Homes for rent,This House is the ideal property at,success,https://media.zameen.com/thumbnails/305131217-400x300.jpeg,,https://www.zameen.com/Property/dha_phase_5_dha_phase_5_-_block_d_house_of_5_marla_is_available_for_rent_in_dha_phase_5_-_block_d_lahore-54519245-1601-4.html,dataset_zameen-property-scraper_2026-09-21_18-30-05-269.csv,dataset_zameen-property-scraper_2026-09-21_18-30-05-269_54519245
2026-09-21T18:30:04.330Z,search,Added: 2 hours ago,,1 Kanal,Kanal,1.0,Trusted,4.0,3.0,rentals,Lahore,1,PKR,rent,54519255.0,"DHA Phase 3 - Block Y, DHA Phase 3",9.0,95000,95 Thousand,Stunning 20 Marla Upper Portion In DHA Phase 3 - Block Y Available,https://www.zameen.com/Rentals/Lahore-1-1.html,Lahore · Homes for rent,rent this property and live comfort,success,https://media.zameen.com/thumbnails/305138255-400x300.jpeg,,https://www.zameen.com/Property/dha_phase_3_dha_phase_3_-_block_y_stunning_20_marla_upper_portion_in_dha_phase_3_-_block_y_available-54519255-1587-4.html,dataset_zameen-property-scraper_2026-09-21_18-30-05-269.csv,dataset_zameen-property-scraper_2026-09-21_18-30-05-269_54519255
2026-09-21T18:30:04.407Z,search,Added: 2 hours ago,,1 Kanal,Kanal,1.0,Trusted,4.0,3.0,rentals,Lahore,1,PKR,rent,54519251.0,"DHA Phase 6 - Block H, DHA Phase 6",11.0,105000,1.05 Lakh,This Is Your Chance To Buy Upper Portion In DHA Phase 6 - Block H Lahore,https://www.zameen.com/Rentals/Lahore-1-1.html,Lahore · Homes for rent,A Upper Portion In DHA Phase 6 - Bl,success,https://media.zameen.com/thumbnails/305139516-400x300.jpeg,(Updated: 2 hours ago),https://www.zameen.com/Property/dha_phase_6_dha_phase_6_-_block_h_this_is_your_chance_to_buy_upper_portion_in_dha_phase_6_-_block_h_lahore-54519251-1617-4.html,dataset_zameen-property-scraper_2026-09-21_18-30-05-269.csv,dataset_zameen-property-scraper_2026-09-21_18-30-05-269_54519251
2026-09-21T18:30:04.475Z,search,Added: 5 minutes ago,Titanium,5.1 Marla,Marla,5.1,Trusted,2.0,2.0,rentals,Lahore,1,PKR,rent,53742354.0,"Gulberg, Lahore",13.0,170000,1.7 Lakh,1150 Sqft Furnished Apartment For Rent In Gulberg,https://www.zameen.com/Rentals/Lahore-1-1.html,Lahore · Homes for rent,2 Bedroom Furnished Apartment For R,success,https://media.zameen.com/thumbnails/305611766-400x300.jpeg,(Updated: 5 minutes ago),https://www.zameen.com/Property/lahore_gulberg_1150_sqft_furnished_apartment_for_rent_in_gulberg-53742354-7-4.html,dataset_zameen-property-scraper_2026-09-21_18-30-05-269.csv,dataset_zameen-property-scraper_2026-09-21_18-30-05-269_53742354
2026-09-21T18:30:04.564Z,search,Added: 6 minutes ago,,5 Marla,Marla,5.0,Trusted,2.0,2.0,rentals,Lahore,1,PKR,rent,51110509.0,"Johar Town Phase 2, Johar Town",22.0,70000,70 Thousand,5 Marla VIP Full Furnished Lower Portion For Rent In Johar Town Phase 2 Block L,https://www.zameen.com/Rentals/Lahore-1-1.html,Lahore · Homes for rent,5 Marla VIP Full Furnished Lower Po,success,https://media.zameen.com/thumbnails/305476949-400x300.jpeg,,https://www.zameen.com/Property/johar_town_johar_town_phase_2_5_marla_vip_full_furnished_lower_portion_for_rent_in_johar_town_phase_2_block_l-51110509-3961-4.html,dataset_zameen-property-scraper_2026-09-21_18-30-05-269.csv,dataset_zameen-property-scraper_2026-09-21_18-30-05-269_51110509
2026-09-21T18:30:04.714Z,search,Added: 10 minutes ago,Titanium,8.4 Marla,Marla,8.4,Trusted,3.0,2.0,rentals,Lahore,1,PKR,rent,53670447.0,"Gulberg, Lahore",12.0,170000,1.7 Lakh,2 Bedroom Brand-New Apartment For Rent,https://www.zameen.com/Rentals/Lahore-1-1.html,Lahore · Homes for rent,Centre of MM Alam Road and Main bou,success,https://media.zameen.com/thumbnails/301309686-400x300.jpeg,,https://www.zameen.com/Property/lahore_gulberg_2_bedroom_brand-new_apartment_for_rent-53670447-7-4.html,dataset_zameen-property-scraper_2026-09-21_18-30-05-269.csv,dataset_zameen-property-scraper_2026-09-21_18-30-05-269_53670447
2026-09-21T18:30:04.813Z,search,Added: 10 minutes ago,Titanium,11.6 Marla,Marla,11.6,Trusted,4.0,3.0,rentals,Lahore,1,PKR,rent,52344989.0,"Main Boulevard Gulberg, Gulberg",25.0,300000,3 Lakh,"Modern Apartment, All Sleek And Stylish",https://www.zameen.com/Rentals/Lahore-1-1.html,Lahore · Homes for rent,"2600 sq ft

A Class Furnished Apart",success,https://media.zameen.com/thumbnails/307290863-400x300.jpeg,,https://www.zameen.com/Property/gulberg_main_boulevard_gulberg_modern_apartment_all_sleek_and_stylish-52344989-3852-4.html,dataset_zameen-property-scraper_2026-09-21_18-30-05-269.csv,dataset_zameen-property-scraper_2026-09-21_18-30-05-269_52344989
2026-09-21T18:30:04.897Z,search,Added: 11 minutes ago,Titanium,8 Marla,Marla,8.0,Trusted,3.0,2.0,rentals,Lahore,1,PKR,rent,48669507.0,"Gulberg, Lahore",11.0,200000,2 Lakh,Semi Furnished Flat For Rent,https://www.zameen.com/Rentals/Lahore-1-1.html,Lahore · Homes for rent,1600 sq ft Spacious best located sa,success,https://media.zameen.com/thumbnails/300511432-400x300.jpeg,,https://www.zameen.com/Property/lahore_gulberg_semi_furnished_flat_for_rent-48669507-7-4.html,dataset_zameen-property-scraper_2026-09-21_18-30-05-269.csv,dataset_zameen-property-scraper_2026-09-21_18-30-05-269_48669507
2026-09-21T18:30:05.001Z,search,Added: 13 minutes ago,Titanium,5 Marla,Marla,5.0,Trusted,2.0,2.0,rentals,Lahore,1,PKR,rent,54705812.0,"Canal Garden, Lahore",6.0,45000,45 Thousand,Lower Portion of 5 Marla House Available For Rent In Canal Gardens,https://www.zameen.com/Rentals/Lahore-1-1.html,Lahore · Homes for rent,### Property Available For Rent in,success,https://media.zameen.com/thumbnails/306914458-400x300.jpeg,,https://www.zameen.com/Property/lahore_canal_garden_lower_portion_of_5_marla_house_available_for_rent_in_canal_gardens-54705812-1287-4.html,dataset_zameen-property-scraper_2026-09-21_18-30-05-269.csv,dataset_zameen-property-scraper_2026-09-21_18-30-05-269_54705812
2026-09-21T18:30:05.067Z,search,Added: 13 minutes ago,Titanium,5.3 Marla,Marla,5.3,Trusted,2.0,2.0,rentals,Lahore,1,PKR,rent,54596455.0,"Gulberg, Lahore",18.0,160000,1.6 Lakh,2 Bedroom Apartment For Rent in Gulberg - Prime Location,https://www.zameen.com/Rentals/Lahore-1-1.html,Lahore · Homes for rent,A Well-maintained and spacious 2 Be,success,https://media.zameen.com/thumbnails/305855277-400x300.jpeg,,https://www.zameen.com/Property/lahore_gulberg_2_bedroom_apartment_for_rent_in_gulberg_-_prime_location-54596455-7-4.html,dataset_zameen-property-scraper_2026-09-21_18-30-05-269.csv,dataset_zameen-property-scraper_2026-09-21_18-30-05-269_54596455
2026-09-21T18:30:05.213Z,search,Added: 13 minutes ago,Titanium,10 Marla,Marla,10.0,Trusted,4.0,2.0,rentals,Lahore,1,PKR,rent,54645671.0,"Gulberg 3, Gulberg",15.0,230000,2.3 Lakh,Premium Furnished Living | Apartment For Rent,https://www.zameen.com/Rentals/Lahore-1-1.html,Lahore · Homes for rent,Premium 2-Bedroom Apartment for Ren,success,https://media.zameen.com/thumbnails/306329124-400x300.jpeg,,https://www.zameen.com/Property/gulberg_gulberg_3_premium_furnished_living_apartment_for_rent-54645671-3824-4.html,dataset_zameen-property-scraper_2026-09-21_18-30-05-269.csv,dataset_zameen-property-scraper_2026-09-21_18-30-05-269_54645671
2026-09-21T18:31:52.875Z,search,Added: 33 minutes ago,Titanium,172 Sq. Yd.,Sq Yd,172.0,super hot,3.0,3.0,homes,Karachi,2,PKR,sale,54467607.0,"Harmain Royal Residency, Gulshan-e-Iqbal - Block 1",19.0,23500000,2.35 Crore,1550 Square Feet Flat Is Available In Harmain Royal Residency,https://www.zameen.com/Homes/Karachi-2-1.html,Karachi · Homes for sale,Luxurious apartment for sale in Har,success,https://media.zameen.com/thumbnails/304612614-400x300.jpeg,,https://www.zameen.com/Property/gulshan_e_iqbal_block_1_harmain_royal_residency_1550_square_feet_flat_is_available_in_harmain_royal_residency-54467607-9675-1.html,dataset_zameen-property-scraper_2026-09-21_18-31-54-879.csv,dataset_zameen-property-scraper_2026-09-21_18-31-54-879_54467607
2026-09-21T18:31:52.986Z,search,Added: 35 minutes ago,Titanium,167 Sq. Yd.,Sq Yd,167.0,super hot,3.0,3.0,homes,Karachi,2,PKR,sale,52804982.0,"Burj-Ul-Harmain, University Road",32.0,17500000,1.75 Crore,Brand New Project Burj-Ul-Harmain At Main Safoora Chowrangi,https://www.zameen.com/Homes/Karachi-2-1.html,Karachi · Homes for sale,Exclusive Property Holdings By Bric,success,https://media.zameen.com/thumbnails/304580809-400x300.jpeg,(Updated: 35 minutes ago),https://www.zameen.com/Property/university_road_burj-ul-harmain_brand_new_project_burj-ul-harmain_at_main_safoora_chowrangi-52804982-9674-1.html,dataset_zameen-property-scraper_2026-09-21_18-31-54-879.csv,dataset_zameen-property-scraper_2026-09-21_18-31-54-879_52804982
2026-09-21T18:31:53.048Z,search,Added: 2 hours ago,Titanium,272 Sq. Yd.,Sq Yd,272.0,super hot,5.0,5.0,homes,Karachi,2,PKR,sale,54708973.0,"Bahria Town - Precinct 1, Bahria Town Karachi",19.0,39500000,3.95 Crore,"5 Bedroom Architecture-Designed Luxury Villa for Sale Precinct-1 Overseas Block, Bahria Town Karachi. Prime Location Near Main Entrance | Contemporary Elegant Design | Surrounded by Park, Mosque, Commercial Area & All Essential Amenities.",https://www.zameen.com/Homes/Karachi-2-1.html,Karachi · Homes for sale,Exclusively offered for sale by NUH,success,https://media.zameen.com/thumbnails/306933356-400x300.jpeg,,https://www.zameen.com/Property/bahria_town_karachi_bahria_town_-_precinct_1_5_bedroom_architecture-designed_luxury_villa_for_sale_precinct-1_overseas_block_bahria_town_karachi_prime_location_near_main_entrance_contemporary_elegant_design_surrounded_by_park_mosque_commercial_area_all_essential_amenities-54708973-10007-1.html,dataset_zameen-property-scraper_2026-09-21_18-31-54-879.csv,dataset_zameen-property-scraper_2026-09-21_18-31-54-879_54708973
2026-09-21T18:31:53.104Z,search,Added: 5 hours ago,Titanium,"1,000 Sq. Yd.",Sq Yd,1000.0,super hot,6.0,6.0,homes,Karachi,2,PKR,sale,54774250.0,"DHA Phase 8, DHA Defence",47.0,680000000,68 Crore,DESIGNER BUNGALOW 1000sqyd in DHA Phase 8. PRIME LOCATION -> Ready To Move,https://www.zameen.com/Homes/Karachi-2-1.html,Karachi · Homes for sale,"1000sqyd
- Nexus Build CO. 
- Groun",success,https://media.zameen.com/thumbnails/307558971-400x300.jpeg,,https://www.zameen.com/Property/dha_defence_dha_phase_8_designer_bungalow_1000sqyd_in_dha_phase_8_prime_location_-_ready_to_move-54774250-1485-1.html,dataset_zameen-property-scraper_2026-09-21_18-31-54-879.csv,dataset_zameen-property-scraper_2026-09-21_18-31-54-879_54774250
2026-09-21T18:31:53.178Z,search,Added: 5 hours ago,Titanium,122 Sq. Yd.,Sq Yd,122.0,super hot,3.0,3.0,homes,Karachi,2,PKR,sale,54408132.0,"PECHS, Jamshed Town",11.0,18500000,1.85 Crore,Booking 3 Bedrooms Lounge Brand New West Open Second Floor,https://www.zameen.com/Homes/Karachi-2-1.html,Karachi · Homes for sale,Prime Location Of P. E. C. H. S Blo,success,https://media.zameen.com/thumbnails/307412383-400x300.jpeg,,https://www.zameen.com/Property/jamshed_town_pechs_booking_3_bedrooms_lounge_brand_new_west_open_second_floor-54408132-403-1.html,dataset_zameen-property-scraper_2026-09-21_18-31-54-879.csv,dataset_zameen-property-scraper_2026-09-21_18-31-54-879_54408132
2026-09-21T18:31:53.265Z,search,Added: 1 minute ago,,125 Sq. Yd.,Sq Yd,125.0,super hot,4.0,4.0,homes,Karachi,2,PKR,sale,54735326.0,"Bahria Town - Ali Block, Bahria Town - Precinct 12",13.0,15500000,1.55 Crore,"4Bed DDL 125sq yd Villa FOR SALE Near Park & Masjid at ALI BLOCK All amenities nearby including MOSQUE, General Store & Parks",https://www.zameen.com/Homes/Karachi-2-1.html,Karachi · Homes for sale,"125 Sq. Yards, 4 Bedrooms Modern St",success,https://media.zameen.com/thumbnails/307184759-400x300.jpeg,(Updated: 1 minute ago),https://www.zameen.com/Property/bahria_town_precinct_12_bahria_town_-_ali_block_4bed_ddl_125sq_yd_villa_for_sale_near_park_masjid_at_ali_block_all_amenities_nearby_including_mosque_general_store_parks-54735326-10023-1.html,dataset_zameen-property-scraper_2026-09-21_18-31-54-879.csv,dataset_zameen-property-scraper_2026-09-21_18-31-54-879_54735326
2026-09-21T18:31:53.422Z,search,Added: 4 minutes ago,,350 Sq. Yd.,Sq Yd,350.0,super hot,4.0,4.0,homes,Karachi,2,PKR,sale,54731025.0,"Bahria Sports City, Bahria Town Karachi",26.0,16000000,1.6 Crore,350 Sq Yd 4Bed DDL Sports Villas With 100sq Yd BackYard LAWN At LOWEST RATE Of MARKET,https://www.zameen.com/Homes/Karachi-2-1.html,Karachi · Homes for sale,Ready To Move Luxury 4 Bedrooms Bah,success,https://media.zameen.com/thumbnails/307138605-400x300.jpeg,,https://www.zameen.com/Property/bahria_town_karachi_bahria_sports_city_350_sq_yd_4bed_ddl_sports_villas_with_100sq_yd_backyard_lawn_at_lowest_rate_of_market-54731025-10061-1.html,dataset_zameen-property-scraper_2026-09-21_18-31-54-879.csv,dataset_zameen-property-scraper_2026-09-21_18-31-54-879_54731025
2026-09-21T18:31:53.467Z,search,Added: 39 minutes ago,,240 Sq. Yd.,Sq Yd,240.0,super hot,6.0,7.0,homes,Karachi,2,PKR,sale,54697989.0,"Bagh-e-Korangi, Korangi",21.0,39700000,3.97 Crore,Gorgeous Prime Location 240 Square Yards House For sale Available In Bagh-e-Korangi,https://www.zameen.com/Homes/Karachi-2-1.html,Karachi · Homes for sale,**BUNGALOW FOR SALE | SAIMA LUXURY,success,https://media.zameen.com/thumbnails/306823400-400x300.jpeg,,https://www.zameen.com/Property/korangi_bagh-e-korangi_gorgeous_prime_location_240_square_yards_house_for_sale_available_in_bagh-e-korangi-54697989-8539-1.html,dataset_zameen-property-scraper_2026-09-21_18-31-54-879.csv,dataset_zameen-property-scraper_2026-09-21_18-31-54-879_54697989
2026-09-21T18:31:53.628Z,search,Added: 3 hours ago,,500 Sq. Yd.,Sq Yd,500.0,super hot,5.0,5.0,homes,Karachi,2,PKR,sale,54773468.0,"DHA Phase 7, DHA Defence",16.0,150000000,15 Crore,500 YARDS BANGLOW FOR SALE PHASE 7,https://www.zameen.com/Homes/Karachi-2-1.html,Karachi · Homes for sale,"500 yards
2+3 bedrooms 
Dha phase 7",success,https://media.zameen.com/thumbnails/307550930-400x300.jpeg,(Updated: 3 hours ago),https://www.zameen.com/Property/dha_defence_dha_phase_7_500_yards_banglow_for_sale_phase_7-54773468-1484-1.html,dataset_zameen-property-scraper_2026-09-21_18-31-54-879.csv,dataset_zameen-property-scraper_2026-09-21_18-31-54-879_54773468
2026-09-21T18:31:53.720Z,search,Added: 3 hours ago,,200 Sq. Yd.,Sq Yd,200.0,super hot,6.0,6.0,homes,Karachi,2,PKR,sale,54767631.0,"KESC Housing Society, Scheme 33",14.0,50000000,5 Crore,"200 Sq Yards Beautiful House for Sale in KESC Society, Scheme 33 - Prime Location",https://www.zameen.com/Homes/Karachi-2-1.html,Karachi · Homes for sale,"Location: KESC Society, Scheme 33,",success,https://media.zameen.com/thumbnails/307495557-400x300.jpeg,,https://www.zameen.com/Property/scheme_33_kesc_housing_society_200_sq_yards_beautiful_house_for_sale_in_kesc_society_scheme_33_-_prime_location-54767631-9075-1.html,dataset_zameen-property-scraper_2026-09-21_18-31-54-879.csv,dataset_zameen-property-scraper_2026-09-21_18-31-54-879_54767631
2026-09-21T18:31:53.773Z,search,Added: 33 minutes ago,Titanium,209 Sq. Yd.,Sq Yd,209.0,Trusted,4.0,4.0,homes,Karachi,2,PKR,sale,54467605.0,"Harmain Royal Residency, Gulshan-e-Iqbal - Block 1",20.0,28000000,2.8 Crore,This Is Your Chance To Buy Flat In Harmain Royal Residency Karachi,https://www.zameen.com/Homes/Karachi-2-1.html,Karachi · Homes for sale,Luxurious apartment for sale in Har,success,https://media.zameen.com/thumbnails/304612579-400x300.jpeg,(Updated: 33 minutes ago),https://www.zameen.com/Property/gulshan_e_iqbal_block_1_harmain_royal_residency_this_is_your_chance_to_buy_flat_in_harmain_royal_residency_karachi-54467605-9675-1.html,dataset_zameen-property-scraper_2026-09-21_18-31-54-879.csv,dataset_zameen-property-scraper_2026-09-21_18-31-54-879_54467605
2026-09-21T18:31:53.829Z,search,Added: 33 minutes ago,Titanium,168 Sq. Yd.,Sq Yd,168.0,Trusted,3.0,3.0,homes,Karachi,2,PKR,sale,52920278.0,"Harmain Royal Residency, Gulshan-e-Iqbal - Block 1",16.0,22000000,2.2 Crore,Exclusive Property Holdings By BRICKSWALL ENTERPRISES. . . !!!,https://www.zameen.com/Homes/Karachi-2-1.html,Karachi · Homes for sale,"Description
Harmain Royal Residency",success,https://media.zameen.com/thumbnails/304609700-400x300.jpeg,,https://www.zameen.com/Property/gulshan_e_iqbal_block_1_harmain_royal_residency_exclusive_property_holdings_by_brickswall_enterprises-52920278-9675-1.html,dataset_zameen-property-scraper_2026-09-21_18-31-54-879.csv,dataset_zameen-property-scraper_2026-09-21_18-31-54-879_52920278
2026-09-21T18:31:53.887Z,search,Added: 2 minutes ago,,200 Sq. Yd.,Sq Yd,200.0,Trusted,3.0,3.0,homes,Karachi,2,PKR,sale,54630757.0,"Bahria Town - Precinct 11-A, Bahria Town - Precinct 11",17.0,19500000,1.95 Crore,3Bed DDL 200sq yd Villa FOR SALE. Top Heighted Location near. Murree Point BTK (Hill View),https://www.zameen.com/Homes/Karachi-2-1.html,Karachi · Homes for sale,Ready To Move Luxury 3 Bedrooms Pre,success,https://media.zameen.com/thumbnails/306170561-400x300.jpeg,,https://www.zameen.com/Property/bahria_town_precinct_11_bahria_town_-_precinct_11-a_3bed_ddl_200sq_yd_villa_for_sale_top_heighted_location_near_murree_point_btk_hill_view-54630757-10020-1.html,dataset_zameen-property-scraper_2026-09-21_18-31-54-879.csv,dataset_zameen-property-scraper_2026-09-21_18-31-54-879_54630757
2026-09-21T18:31:53.950Z,search,Added: 4 minutes ago,,156 Sq. Yd.,Sq Yd,156.0,,3.0,3.0,homes,Karachi,2,PKR,sale,53729092.0,"Gulshan-e-Iqbal - Block 13/A, Gulshan-e-Iqbal",9.0,20000000,2 Crore,Flat For Sale In Gulshan E Iqbal Block 13A,https://www.zameen.com/Homes/Karachi-2-1.html,Karachi · Homes for sale,Flat For Sell In Gulshan e Iqbal Bl,success,https://media.zameen.com/thumbnails/300342146-400x300.jpeg,(Updated: 4 minutes ago),https://www.zameen.com/Property/gulshan_e_iqbal_gulshan-e-iqbal_-_block_13_a_flat_for_sale_in_gulshan_e_iqbal_block_13a-53729092-8468-1.html,dataset_zameen-property-scraper_2026-09-21_18-31-54-879.csv,dataset_zameen-property-scraper_2026-09-21_18-31-54-879_53729092
2026-09-21T18:31:54.053Z,search,Added: 25 minutes ago,,111 Sq. Yd.,Sq Yd,111.0,,2.0,2.0,homes,Karachi,2,PKR,sale,54775124.0,"Gulshan-e-Iqbal - Block 4, Gulshan-e-Iqbal",6.0,14500000,1.45 Crore,Apparment for sale (Available on bank loan),https://www.zameen.com/Homes/Karachi-2-1.html,Karachi · Homes for sale,Bhayani Heights (Near Maskan chowra,success,https://media.zameen.com/thumbnails/307566309-400x300.jpeg,,https://www.zameen.com/Property/gulshan_e_iqbal_gulshan-e-iqbal_-_block_4_apparment_for_sale_available_on_bank_loan-54775124-6864-1.html,dataset_zameen-property-scraper_2026-09-21_18-31-54-879.csv,dataset_zameen-property-scraper_2026-09-21_18-31-54-879_54775124
2026-09-21T18:31:54.113Z,search,Added: 1 hour ago,,160 Sq. Yd.,Sq Yd,160.0,,5.0,5.0,homes,Karachi,2,PKR,sale,50139370.0,"PECHS Block 6, PECHS",25.0,85000000,8.5 Crore,Fully Renovated Townhouse Is For Sale,https://www.zameen.com/Homes/Karachi-2-1.html,Karachi · Homes for sale,"160 Sqyds Townhouse
2021 Constructi",success,https://media.zameen.com/thumbnails/301354905-400x300.jpeg,,https://www.zameen.com/Property/pechs_pechs_block_6_fully_renovated_townhouse_is_for_sale-50139370-6935-1.html,dataset_zameen-property-scraper_2026-09-21_18-31-54-879.csv,dataset_zameen-property-scraper_2026-09-21_18-31-54-879_50139370
2026-09-21T18:31:54.246Z,search,Added: 1 hour ago,,120 Sq. Yd.,Sq Yd,120.0,,6.0,4.0,homes,Karachi,2,PKR,sale,54554627.0,"Saima Arabian Villas, Gadap Town",10.0,20000000,2 Crore,Double Storey House Available For Sale,https://www.zameen.com/Homes/Karachi-2-1.html,Karachi · Homes for sale,"Villa Available For Sale
Size : 120",success,https://media.zameen.com/thumbnails/305459810-400x300.jpeg,,https://www.zameen.com/Property/gadap_town_saima_arabian_villas_double_storey_house_available_for_sale-54554627-8856-1.html,dataset_zameen-property-scraper_2026-09-21_18-31-54-879.csv,dataset_zameen-property-scraper_2026-09-21_18-31-54-879_54554627
2026-09-21T18:31:54.346Z,search,Added: 1 minute ago,,60 Sq. Yd.,Sq Yd,60.0,Trusted,1.0,1.0,homes,Karachi,2,PKR,sale,54630879.0,"Paragon Tower, Bahria Town - Precinct 17",10.0,4000000,40 Lakh,540sq ft 1BHK Luxury Flat Available on CASH/ INSTALMENTS. Paragon Towers are available on SALE at minimum prices.,https://www.zameen.com/Homes/Karachi-2-1.html,Karachi · Homes for sale,"Welcome to Paragon Towers, an epito",success,https://media.zameen.com/thumbnails/306172046-400x300.jpeg,,https://www.zameen.com/Property/bahria_town_precinct_17_paragon_tower_540sq_ft_1bhk_luxury_flat_available_on_cash_instalments_paragon_towers_are_available_on_sale_at_minimum_prices-54630879-21833-1.html,dataset_zameen-property-scraper_2026-09-21_18-31-54-879.csv,dataset_zameen-property-scraper_2026-09-21_18-31-54-879_54630879
2026-09-21T18:31:54.406Z,search,Added: 2 minutes ago,Titanium,500 Sq. Yd.,Sq Yd,500.0,Trusted,5.0,5.0,homes,Karachi,2,PKR,sale,54646614.0,"Bahria Paradise, Bahria Town Karachi",40.0,45500000,4.55 Crore,"500 SQ YD Brand New 5-Bedroom Villa For Sale Precinct-51, Bahria Paradise, Bahria Town Karachi Close to Mosque | All Amenities Nearby | Developed & Ready-to-Move.",https://www.zameen.com/Homes/Karachi-2-1.html,Karachi · Homes for sale,Exclusively available for sale thro,success,https://media.zameen.com/thumbnails/306338046-400x300.jpeg,(Updated: 2 minutes ago),https://www.zameen.com/Property/bahria_town_karachi_bahria_paradise_500_sq_yd_brand_new_5-bedroom_villa_for_sale_precinct-51_bahria_paradise_bahria_town_karachi_close_to_mosque_all_amenities_nearby_developed_ready-to-move-54646614-11458-1.html,dataset_zameen-property-scraper_2026-09-21_18-31-54-879.csv,dataset_zameen-property-scraper_2026-09-21_18-31-54-879_54646614
2026-09-21T18:31:54.511Z,search,Added: 4 minutes ago,,167 Sq. Yd.,Sq Yd,167.0,Verified,2.0,3.0,homes,Karachi,2,PKR,sale,52884929.0,"Gulshan-e-Iqbal - Block 13/B, Gulshan-e-Iqbal",8.0,22000000,2.2 Crore,Flat For Sale In Gulshan e Iqbal Blk 13B,https://www.zameen.com/Homes/Karachi-2-1.html,Karachi · Homes for sale,"3 Bed dd 2 Washrooms
 2nd Floor 150",success,https://media.zameen.com/thumbnails/300342177-400x300.jpeg,,https://www.zameen.com/Property/gulshan_e_iqbal_gulshan-e-iqbal_-_block_13_b_flat_for_sale_in_gulshan_e_iqbal_blk_13b-52884929-8844-1.html,dataset_zameen-property-scraper_2026-09-21_18-31-54-879.csv,dataset_zameen-property-scraper_2026-09-21_18-31-54-879_52884929
2026-09-21T18:31:54.605Z,search,Added: 5 minutes ago,,156 Sq. Yd.,Sq Yd,156.0,,2.0,3.0,homes,Karachi,2,PKR,sale,54596766.0,"Gulshan-e-Iqbal - Block 16, Gulshan-e-Iqbal",7.0,24000000,2.4 Crore,Flat For Sell In Gulshan e Iqbal Block 16,https://www.zameen.com/Homes/Karachi-2-1.html,Karachi · Homes for sale,Flat For Sell In Gulshan e Iqbal Bl,success,https://media.zameen.com/thumbnails/305858806-400x300.jpeg,,https://www.zameen.com/Property/gulshan_e_iqbal_gulshan-e-iqbal_-_block_16_flat_for_sell_in_gulshan_e_iqbal_block_16-54596766-6878-1.html,dataset_zameen-property-scraper_2026-09-21_18-31-54-879.csv,dataset_zameen-property-scraper_2026-09-21_18-31-54-879_54596766
2026-09-21T18:31:54.653Z,search,Added: 5 minutes ago,,183 Sq. Yd.,Sq Yd,183.0,,3.0,3.0,homes,Karachi,2,PKR,sale,54775167.0,"PECHS Block 2, PECHS",6.0,38000000,3.8 Crore,"*Apartment for Sale at PECHS Block 2 Near Khalid Bin Waleed, Allama Iqbal Road*",https://www.zameen.com/Homes/Karachi-2-1.html,Karachi · Homes for sale,"3 Bed Drawing & Dining
 3 Attached",success,https://media.zameen.com/thumbnails/307566578-400x300.jpeg,(Updated: 5 minutes ago),https://www.zameen.com/Property/pechs_pechs_block_2_apartment_for_sale_at_pechs_block_2_near_khalid_bin_waleed_allama_iqbal_road-54775167-6933-1.html,dataset_zameen-property-scraper_2026-09-21_18-31-54-879.csv,dataset_zameen-property-scraper_2026-09-21_18-31-54-879_54775167
2026-09-21T18:31:54.693Z,search,Added: 5 minutes ago,,328 Sq. Yd.,Sq Yd,328.0,Trusted,4.0,4.0,homes,Karachi,2,PKR,sale,54684461.0,"Bahria Apartments, Bahria Town Karachi",33.0,27000000,2.7 Crore,READY TO MOVE 2950sq Ft 4Bed Luxury Apartment At Tower-8 Near Entrance Of Bahria Town Karachi FOR SALE,https://www.zameen.com/Homes/Karachi-2-1.html,Karachi · Homes for sale,Brings You An Opportunity To Buy 29,success,https://media.zameen.com/thumbnails/306688386-400x300.jpeg,,https://www.zameen.com/Property/bahria_town_karachi_bahria_apartments_ready_to_move_2950sq_ft_4bed_luxury_apartment_at_tower-8_near_entrance_of_bahria_town_karachi_for_sale-54684461-9030-1.html,dataset_zameen-property-scraper_2026-09-21_18-31-54-879.csv,dataset_zameen-property-scraper_2026-09-21_18-31-54-879_54684461
2026-09-21T18:31:54.793Z,search,Added: 5 minutes ago,,183 Sq. Yd.,Sq Yd,183.0,,3.0,3.0,homes,Karachi,2,PKR,sale,54390599.0,"Gulshan-e-Iqbal - Block 13/A, Gulshan-e-Iqbal",5.0,26000000,2.6 Crore,Flat For Sale In Gulshan e iqbal Block 13-A,https://www.zameen.com/Homes/Karachi-2-1.html,Karachi · Homes for sale,Flat For Sale In Gulshan e iqbal Bl,success,https://media.zameen.com/thumbnails/303842361-400x300.jpeg,,https://www.zameen.com/Property/gulshan_e_iqbal_gulshan-e-iqbal_-_block_13_a_flat_for_sale_in_gulshan_e_iqbal_block_13-a-54390599-8468-1.html,dataset_zameen-property-scraper_2026-09-21_18-31-54-879.csv,dataset_zameen-property-scraper_2026-09-21_18-31-54-879_54390599
2026-09-21T18:31:54.834Z,search,Added: 5 minutes ago,,400 Sq. Yd.,Sq Yd,400.0,,6.0,6.0,homes,Karachi,2,PKR,sale,54088166.0,"Gulshan-e-Iqbal - Block 5, Gulshan-e-Iqbal",9.0,105000000,10.5 Crore,House For Sale In Gulshane e Iqbal Block 5,https://www.zameen.com/Homes/Karachi-2-1.html,Karachi · Homes for sale,House For Sale In Gulshane e Iqbal,success,https://media.zameen.com/thumbnails/300342317-400x300.jpeg,,https://www.zameen.com/Property/gulshan_e_iqbal_gulshan-e-iqbal_-_block_5_house_for_sale_in_gulshane_e_iqbal_block_5-54088166-6866-1.html,dataset_zameen-property-scraper_2026-09-21_18-31-54-879.csv,dataset_zameen-property-scraper_2026-09-21_18-31-54-879_54088166
2026-09-21T18:33:47.173Z,search,Added: 22 hours ago,Titanium,500 Sq. Yd.,Sq Yd,500.0,super hot,3.0,3.0,rentals,Karachi,2,PKR,rent,54744820.0,"DHA Phase 6, DHA Defence",9.0,300000,3 Lakh,500 Yards Upper Portion For Rent  DHA Phase 6,https://www.zameen.com/Rentals/Karachi-2-1.html,Karachi · Homes for rent,"500yard
Upper floor 
3 bed dd
tv Lo",success,https://media.zameen.com/thumbnails/307275906-400x300.jpeg,(Updated: 13 hours ago),https://www.zameen.com/Property/dha_defence_dha_phase_6_500_yards_upper_portion_for_rent_dha_phase_6-54744820-1483-4.html,dataset_zameen-property-scraper_2026-09-21_18-33-48-930.csv,dataset_zameen-property-scraper_2026-09-21_18-33-48-930_54744820
2026-09-21T18:33:47.274Z,search,Added: 1 day ago,Titanium,500 Sq. Yd.,Sq Yd,500.0,super hot,3.0,3.0,rentals,Karachi,2,PKR,rent,54650432.0,"DHA Phase 4, DHA Defence",6.0,245000,2.45 Lakh,"FOR RENT: BRAND NEW 3-BEDROOM PORTION WITH CAR PARKING DHA PHASE 4, KARACHI",https://www.zameen.com/Rentals/Karachi-2-1.html,Karachi · Homes for rent,FOR RENT: BRAND NEW 3-BEDROOM PORTI,success,https://media.zameen.com/thumbnails/306373089-400x300.jpeg,(Updated: 13 hours ago),https://www.zameen.com/Property/dha_defence_dha_phase_4_for_rent_brand_new_3-bedroom_portion_with_car_parking_dha_phase_4_karachi-54650432-1481-4.html,dataset_zameen-property-scraper_2026-09-21_18-33-48-930.csv,dataset_zameen-property-scraper_2026-09-21_18-33-48-930_54650432
2026-09-21T18:33:47.330Z,search,Added: 2 days ago,Titanium,428 Sq. Yd.,Sq Yd,428.0,super hot,5.0,4.0,rentals,Karachi,2,PKR,rent,54314860.0,"Creek Vista, DHA Phase 8",21.0,425000,4.25 Lakh,Luxurious 4 Bedrooms Apartment For Rent In CREEK VISTA,https://www.zameen.com/Rentals/Karachi-2-1.html,Karachi · Homes for rent,LUXURY APARTMENT FOR RENT IN DHA PH,success,https://media.zameen.com/thumbnails/301349953-400x300.jpeg,(Updated: 2 days ago),https://www.zameen.com/Property/dha_phase_8_creek_vista_luxurious_4_bedrooms_apartment_for_rent_in_creek_vista-54314860-9058-4.html,dataset_zameen-property-scraper_2026-09-21_18-33-48-930.csv,dataset_zameen-property-scraper_2026-09-21_18-33-48-930_54314860
2026-09-21T18:33:47.387Z,search,Added: 2 days ago,Titanium,111 Sq. Yd.,Sq Yd,111.0,super hot,2.0,2.0,rentals,Karachi,2,PKR,rent,54734894.0,"DHA Phase 6, DHA Defence",9.0,120000,1.2 Lakh,Flat For Rent,https://www.zameen.com/Rentals/Karachi-2-1.html,Karachi · Homes for rent,2Nd Floor For Rent In Itthad Commer,success,https://media.zameen.com/thumbnails/307180972-400x300.jpeg,,https://www.zameen.com/Property/dha_defence_dha_phase_6_flat_for_rent-54734894-1483-4.html,dataset_zameen-property-scraper_2026-09-21_18-33-48-930.csv,dataset_zameen-property-scraper_2026-09-21_18-33-48-930_54734894
2026-09-21T18:33:47.464Z,search,Added: 2 days ago,Titanium,206 Sq. Yd.,Sq Yd,206.0,super hot,3.0,2.0,rentals,Karachi,2,PKR,rent,54511581.0,"Emaar The Views, DHA Phase 8",36.0,250000,2.5 Lakh,CHANCE DEAL BRAND NEW 2 BED CITY FACING APARTMENT AVAILABLE FOR RENT | The Views,https://www.zameen.com/Rentals/Karachi-2-1.html,Karachi · Homes for rent,The Views 2 Bedroom Apartment For R,success,https://media.zameen.com/thumbnails/306343804-400x300.jpeg,(Updated: 2 days ago),https://www.zameen.com/Property/dha_phase_8_emaar_the_views_chance_deal_brand_new_2_bed_city_facing_apartment_available_for_rent_the_views-54511581-17808-4.html,dataset_zameen-property-scraper_2026-09-21_18-33-48-930.csv,dataset_zameen-property-scraper_2026-09-21_18-33-48-930_54511581
2026-09-21T18:33:47.560Z,search,Added: 5 hours ago,,600 Sq. Yd.,Sq Yd,600.0,super hot,4.0,3.0,rentals,Karachi,2,PKR,rent,54774405.0,"DHA Phase 6, DHA Defence",9.0,300000,3 Lakh,EVERYTHING SEPARATE PORTION FOR RANT DHA PHASE 6,https://www.zameen.com/Rentals/Karachi-2-1.html,Karachi · Homes for rent,500 Yards Portion Available for Ren,success,https://media.zameen.com/thumbnails/307560420-400x300.jpeg,,https://www.zameen.com/Property/dha_defence_dha_phase_6_everything_separate_portion_for_rant_dha_phase_6-54774405-1483-4.html,dataset_zameen-property-scraper_2026-09-21_18-33-48-930.csv,dataset_zameen-property-scraper_2026-09-21_18-33-48-930_54774405
2026-09-21T18:33:47.624Z,search,Added: 7 hours ago,,278 Sq. Yd.,Sq Yd,278.0,super hot,5.0,4.0,rentals,Karachi,2,PKR,rent,54670250.0,"Shaheed Millat Road, Karachi",18.0,300000,3 Lakh,LUXURY APARTMENT FOR RENT,https://www.zameen.com/Rentals/Karachi-2-1.html,Karachi · Homes for rent,"4 Bed Dd Available On Rent
 (Main S",success,https://media.zameen.com/thumbnails/306550817-400x300.jpeg,(Updated: 7 hours ago),https://www.zameen.com/Property/karachi_shaheed_millat_road_luxury_apartment_for_rent-54670250-413-4.html,dataset_zameen-property-scraper_2026-09-21_18-33-48-930.csv,dataset_zameen-property-scraper_2026-09-21_18-33-48-930_54670250
2026-09-21T18:33:47.694Z,search,Added: 7 hours ago,,500 Sq. Yd.,Sq Yd,500.0,super hot,6.0,5.0,rentals,Karachi,2,PKR,rent,52111736.0,"DHA Phase 6, DHA Defence",16.0,400000,4 Lakh,2 Unit 500 Square Yards Bungalow Available For Rent,https://www.zameen.com/Rentals/Karachi-2-1.html,Karachi · Homes for rent,"500 square yards bungalow 
2 unit
2",success,https://media.zameen.com/thumbnails/307473246-400x300.jpeg,,https://www.zameen.com/Property/dha_defence_dha_phase_6_2_unit_500_square_yards_bungalow_available_for_rent-52111736-1483-4.html,dataset_zameen-property-scraper_2026-09-21_18-33-48-930.csv,dataset_zameen-property-scraper_2026-09-21_18-33-48-930_52111736
2026-09-21T18:33:47.766Z,search,Added: 9 hours ago,,267 Sq. Yd.,Sq Yd,267.0,super hot,3.0,3.0,rentals,Karachi,2,PKR,rent,54685442.0,"Bath Island, Karachi",8.0,350000,3.5 Lakh,Prime Location 2400 Square Feet Flat In Bath Island Is Available For Rent,https://www.zameen.com/Rentals/Karachi-2-1.html,Karachi · Homes for rent,"TRICON TOWER BATH ISLAND, CLIFTON",success,https://media.zameen.com/thumbnails/306783959-400x300.jpeg,,https://www.zameen.com/Property/karachi_bath_island_prime_location_2400_square_feet_flat_in_bath_island_is_available_for_rent-54685442-198-4.html,dataset_zameen-property-scraper_2026-09-21_18-33-48-930.csv,dataset_zameen-property-scraper_2026-09-21_18-33-48-930_54685442
2026-09-21T18:33:47.811Z,search,Added: 11 hours ago,,120 Sq. Yd.,Sq Yd,120.0,super hot,4.0,4.0,rentals,Karachi,2,PKR,rent,54757440.0,"Naya Nazimabad, Karachi",10.0,80000,80 Thousand,Idyllic Prime Location House Available In Naya Nazimabad For rent,https://www.zameen.com/Rentals/Karachi-2-1.html,Karachi · Homes for rent,"Single story independent 
Villa For",success,https://media.zameen.com/thumbnails/307392714-400x300.jpeg,(Updated: 11 hours ago),https://www.zameen.com/Property/karachi_naya_nazimabad_idyllic_prime_location_house_available_in_naya_nazimabad_for_rent-54757440-10079-4.html,dataset_zameen-property-scraper_2026-09-21_18-33-48-930.csv,dataset_zameen-property-scraper_2026-09-21_18-33-48-930_54757440
2026-09-21T18:33:47.895Z,search,Added: 2 hours ago,Titanium,375 Sq. Yd.,Sq Yd,375.0,Trusted,5.0,5.0,rentals,Karachi,2,PKR,rent,45078993.0,"Askari 6, Malir Cantonment",41.0,145000,1.45 Lakh,Brand New Houses For Rent At Good Location In Askari 6,https://www.zameen.com/Rentals/Karachi-2-1.html,Karachi · Homes for rent,House Available For Rant in Askari,success,https://media.zameen.com/thumbnails/302538668-400x300.jpeg,,https://www.zameen.com/Property/malir_cantonment_askari_6_brand_new_houses_for_rent_at_good_location_in_askari_6-45078993-21109-4.html,dataset_zameen-property-scraper_2026-09-21_18-33-48-930.csv,dataset_zameen-property-scraper_2026-09-21_18-33-48-930_45078993
2026-09-21T18:33:47.959Z,search,Added: 2 hours ago,Titanium,375 Sq. Yd.,Sq Yd,375.0,Trusted,6.0,5.0,rentals,Karachi,2,PKR,rent,45840894.0,"Askari 6, Malir Cantonment",18.0,150000,1.5 Lakh,Brand New Houses For Rent Purpose,https://www.zameen.com/Rentals/Karachi-2-1.html,Karachi · Homes for rent,House Available For Rent in Askari,success,https://media.zameen.com/thumbnails/301200710-400x300.jpeg,,https://www.zameen.com/Property/malir_cantonment_askari_6_brand_new_houses_for_rent_purpose-45840894-21109-4.html,dataset_zameen-property-scraper_2026-09-21_18-33-48-930.csv,dataset_zameen-property-scraper_2026-09-21_18-33-48-930_45840894
2026-09-21T18:33:48.026Z,search,Added: 4 minutes ago,,418 Sq. Yd.,Sq Yd,418.0,Trusted,5.0,4.0,rentals,Karachi,2,PKR,rent,53980601.0,"Creek Vista, DHA Phase 8",11.0,370000,3.7 Lakh,Creek Vista 4 Bedrooms Two Apartments For Rent West Open Well Maintained Ready To Move 360 With Maintenance,https://www.zameen.com/Rentals/Karachi-2-1.html,Karachi · Homes for rent,*CREEK VISTA 4 BED APPT FOR RENT 2,success,https://media.zameen.com/thumbnails/307279398-400x300.jpeg,,https://www.zameen.com/Property/dha_phase_8_creek_vista_creek_vista_4_bedrooms_two_apartments_for_rent_west_open_well_maintained_ready_to_move_360_with_maintenance-53980601-9058-4.html,dataset_zameen-property-scraper_2026-09-21_18-33-48-930.csv,dataset_zameen-property-scraper_2026-09-21_18-33-48-930_53980601
2026-09-21T18:33:48.100Z,search,Added: 7 minutes ago,,100 Sq. Yd.,Sq Yd,100.0,,3.0,2.0,rentals,Karachi,2,PKR,rent,54716528.0,"Gulshan-e-Iqbal - Block 13/A, Gulshan-e-Iqbal",5.0,53000,53 Thousand,Flat For Rent In Gulshan E Iqbal Block 13-A,https://www.zameen.com/Rentals/Karachi-2-1.html,Karachi · Homes for rent,Flat For Rent In Gulshan e iqbal Bl,success,https://media.zameen.com/thumbnails/307002430-400x300.jpeg,,https://www.zameen.com/Property/gulshan_e_iqbal_gulshan-e-iqbal_-_block_13_a_flat_for_rent_in_gulshan_e_iqbal_block_13-a-54716528-8468-4.html,dataset_zameen-property-scraper_2026-09-21_18-33-48-930.csv,dataset_zameen-property-scraper_2026-09-21_18-33-48-930_54716528
2026-09-21T18:33:48.139Z,search,Added: 10 minutes ago,,125 Sq. Yd.,Sq Yd,125.0,Verified,3.0,3.0,rentals,Karachi,2,PKR,rent,54178243.0,"Bahria Town - Precinct 12, Bahria Town Karachi",8.0,90000,90 Thousand,Fully Furnished Villa On Rent Near Sports Complex And Chirpy Park,https://www.zameen.com/Rentals/Karachi-2-1.html,Karachi · Homes for rent,Ready To Move Fully Furnished Villa,success,https://media.zameen.com/thumbnails/305804856-400x300.jpeg,,https://www.zameen.com/Property/bahria_town_karachi_bahria_town_-_precinct_12_fully_furnished_villa_on_rent_near_sports_complex_and_chirpy_park-54178243-10022-4.html,dataset_zameen-property-scraper_2026-09-21_18-33-48-930.csv,dataset_zameen-property-scraper_2026-09-21_18-33-48-930_54178243
2026-09-21T18:33:48.196Z,search,Added: 2 hours ago,,375 Sq. Yd.,Sq Yd,375.0,,6.0,5.0,rentals,Karachi,2,PKR,rent,53214597.0,"Askari 6, Malir Cantonment",31.0,150000,1.5 Lakh,Brand New House Available For Rent In Asakari 6,https://www.zameen.com/Rentals/Karachi-2-1.html,Karachi · Homes for rent,Asaki 6 is the best Housing Society,success,https://media.zameen.com/thumbnails/301535128-400x300.jpeg,(Updated: 2 hours ago),https://www.zameen.com/Property/malir_cantonment_askari_6_brand_new_house_available_for_rent_in_asakari_6-53214597-21109-4.html,dataset_zameen-property-scraper_2026-09-21_18-33-48-930.csv,dataset_zameen-property-scraper_2026-09-21_18-33-48-930_53214597
2026-09-21T18:33:48.258Z,search,Added: 2 hours ago,,500 Sq. Yd.,Sq Yd,500.0,,4.0,3.0,rentals,Karachi,2,PKR,rent,54639532.0,"DHA Phase 8, DHA Defence",10.0,295000,2.95 Lakh,Defence Phase 8 Ground Portion Available For Rent,https://www.zameen.com/Rentals/Karachi-2-1.html,Karachi · Homes for rent,Defence phase 8 Ground Portion For,success,https://media.zameen.com/thumbnails/306266057-400x300.jpeg,,https://www.zameen.com/Property/dha_defence_dha_phase_8_defence_phase_8_ground_portion_available_for_rent-54639532-1485-4.html,dataset_zameen-property-scraper_2026-09-21_18-33-48-930.csv,dataset_zameen-property-scraper_2026-09-21_18-33-48-930_54639532
2026-09-21T18:33:48.331Z,search,Added: 3 minutes ago,,106 Sq. Yd.,Sq Yd,106.0,Trusted,2.0,2.0,rentals,Karachi,2,PKR,rent,54735319.0,"Bahria Town - Jinnah Avenue, Bahria Town Karachi",10.0,30000,30 Thousand,READY TO MOVE 955 Square Feet 2 Bed Lounge Flat FOR RENT Outer Corner Apartment With AMAZING VIEW 2 KM From MAIN GATE Of BTK,https://www.zameen.com/Rentals/Karachi-2-1.html,Karachi · Homes for rent,950 Square Ft 2 Bedrooms Luxury Apa,success,https://media.zameen.com/thumbnails/307184574-400x300.jpeg,(Updated: 3 minutes ago),https://www.zameen.com/Property/bahria_town_karachi_bahria_town_-_jinnah_avenue_ready_to_move_955_square_feet_2_bed_lounge_flat_for_rent_outer_corner_apartment_with_amazing_view_2_km_from_main_gate_of_btk-54735319-13847-4.html,dataset_zameen-property-scraper_2026-09-21_18-33-48-930.csv,dataset_zameen-property-scraper_2026-09-21_18-33-48-930_54735319
2026-09-21T18:33:48.432Z,search,Added: 4 minutes ago,,272 Sq. Yd.,Sq Yd,272.0,Trusted,4.0,3.0,rentals,Karachi,2,PKR,rent,53903533.0,"Emaar Pearl Towers, Emaar Crescent Bay",9.0,400000,4 Lakh,Proper Full Sea Facing 3-Bedrooms Pearl Tower 2 Like New Apartment,https://www.zameen.com/Rentals/Karachi-2-1.html,Karachi · Homes for rent,"Emaar PT-2 
 Full Proper Sea Facing",success,https://media.zameen.com/thumbnails/300806793-400x300.jpeg,,https://www.zameen.com/Property/emaar_crescent_bay_emaar_pearl_towers_proper_full_sea_facing_3-bedrooms_pearl_tower_2_like_new_apartment-53903533-10719-4.html,dataset_zameen-property-scraper_2026-09-21_18-33-48-930.csv,dataset_zameen-property-scraper_2026-09-21_18-33-48-930_53903533
2026-09-21T18:33:48.491Z,search,Added: 4 minutes ago,,233 Sq. Yd.,Sq Yd,233.0,Trusted,3.0,3.0,rentals,Karachi,2,PKR,rent,53783790.0,"Emaar Crescent Bay, DHA Phase 8",10.0,320000,3.2 Lakh,Emaar 3-Bedrooms Apartment For Rent Coral Tower 2 Higher Floor Partial Sea Facing,https://www.zameen.com/Rentals/Karachi-2-1.html,Karachi · Homes for rent,*بِسْمِ اللّٰهِِ الرَّحْمَنِ الرَّح,success,https://media.zameen.com/thumbnails/300806750-400x300.jpeg,,https://www.zameen.com/Property/dha_phase_8_emaar_crescent_bay_emaar_3-bedrooms_apartment_for_rent_coral_tower_2_higher_floor_partial_sea_facing-53783790-8503-4.html,dataset_zameen-property-scraper_2026-09-21_18-33-48-930.csv,dataset_zameen-property-scraper_2026-09-21_18-33-48-930_53783790
2026-09-21T18:33:48.555Z,search,Added: 4 minutes ago,,200 Sq. Yd.,Sq Yd,200.0,Trusted,3.0,2.0,rentals,Karachi,2,PKR,rent,53284969.0,"Emaar Pearl Towers, Emaar Crescent Bay",1.0,350000,3.5 Lakh,Emaar 2 Bedrooms Apartment For Rent Dolmen Facing Full Sea Facing Outclass Apartment Lile New,https://www.zameen.com/Rentals/Karachi-2-1.html,Karachi · Homes for rent,"Emaar Pearl Tower 2 
 20th Floor",success,https://media.zameen.com/thumbnails/300806981-400x300.jpeg,,https://www.zameen.com/Property/emaar_crescent_bay_emaar_pearl_towers_emaar_2_bedrooms_apartment_for_rent_dolmen_facing_full_sea_facing_outclass_apartment_lile_new-53284969-10719-4.html,dataset_zameen-property-scraper_2026-09-21_18-33-48-930.csv,dataset_zameen-property-scraper_2026-09-21_18-33-48-930_53284969
2026-09-21T18:33:48.638Z,search,Added: 5 minutes ago,,418 Sq. Yd.,Sq Yd,418.0,Trusted,4.0,4.0,rentals,Karachi,2,PKR,rent,52325251.0,"Creek Vista, DHA Phase 8",10.0,350000,3.5 Lakh,Alhamdulillah I Am Specialist Of Creek Vista Since Last 15 Years Creek Vista 4-Bedroom Well Maintained Apartment Stadium Facing For Rent,https://www.zameen.com/Rentals/Karachi-2-1.html,Karachi · Homes for rent,*CREEK VISTA 4 BED APARTMENT FOR RE,success,https://media.zameen.com/thumbnails/305521518-400x300.jpeg,,https://www.zameen.com/Property/dha_phase_8_creek_vista_alhamdulillah_i_am_specialist_of_creek_vista_since_last_15_years_creek_vista_4-bedroom_well_maintained_apartment_stadium_facing_for_rent-52325251-9058-4.html,dataset_zameen-property-scraper_2026-09-21_18-33-48-930.csv,dataset_zameen-property-scraper_2026-09-21_18-33-48-930_52325251
2026-09-21T18:33:48.736Z,search,Added: 5 minutes ago,Titanium,600 Sq. Yd.,Sq Yd,600.0,Trusted,6.0,6.0,rentals,Karachi,2,PKR,rent,54614510.0,"DHA Phase 2, DHA Defence",27.0,600000,6 Lakh,Bangalore For Rent Defense Phase 2,https://www.zameen.com/Rentals/Karachi-2-1.html,Karachi · Homes for rent,Defense Phase 2 Bangalore For Rent,success,https://media.zameen.com/thumbnails/306025825-400x300.jpeg,,https://www.zameen.com/Property/dha_defence_dha_phase_2_bangalore_for_rent_defense_phase_2-54614510-1479-4.html,dataset_zameen-property-scraper_2026-09-21_18-33-48-930.csv,dataset_zameen-property-scraper_2026-09-21_18-33-48-930_54614510
2026-09-21T18:33:48.809Z,search,Added: 6 minutes ago,,117 Sq. Yd.,Sq Yd,117.0,Trusted,3.0,3.0,rentals,Karachi,2,PKR,rent,54638290.0,"DHA Phase 2 Extension, DHA Defence",20.0,110000,1.1 Lakh,Brand New 3 Bed Lounge Apartment For Rent With Lift 4th Floor 6 Months Maintenance Free,https://www.zameen.com/Rentals/Karachi-2-1.html,Karachi · Homes for rent,Brand New Building Brand New Apartm,success,https://media.zameen.com/thumbnails/306253177-400x300.jpeg,,https://www.zameen.com/Property/dha_defence_dha_phase_2_extension_brand_new_3_bed_lounge_apartment_for_rent_with_lift_4th_floor_6_months_maintenance_free-54638290-1672-4.html,dataset_zameen-property-scraper_2026-09-21_18-33-48-930.csv,dataset_zameen-property-scraper_2026-09-21_18-33-48-930_54638290
2026-09-21T18:33:48.897Z,search,Added: 6 minutes ago,,600 Sq. Yd.,Sq Yd,600.0,,2.0,2.0,rentals,Karachi,2,PKR,rent,54549503.0,"Gulshan-e-Iqbal - Block 9, Gulshan-e-Iqbal",9.0,125000,1.25 Lakh,Portion For Rent In Gulshan E Iqbal Block - 09,https://www.zameen.com/Rentals/Karachi-2-1.html,Karachi · Homes for rent,Portion For Rent In Gulshan e iqbal,success,https://media.zameen.com/thumbnails/305407266-400x300.jpeg,(Updated: 6 minutes ago),https://www.zameen.com/Property/gulshan_e_iqbal_gulshan-e-iqbal_-_block_9_portion_for_rent_in_gulshan_e_iqbal_block_-_09-54549503-6870-4.html,dataset_zameen-property-scraper_2026-09-21_18-33-48-930.csv,dataset_zameen-property-scraper_2026-09-21_18-33-48-930_54549503
2026-09-21T18:35:25.106Z,search,Added: 1 hour ago,Titanium,10 Marla,Marla,10.0,super hot,6.0,7.0,homes,Islamabad,3,PKR,sale,54748879.0,"DHA Phase 2 - Sector C, DHA Defence Phase 2",46.0,69000000,6.9 Crore,"Excellent 10 Marla House , Corner , 3 Sides Open With Solar System For Sale . This Is A Triple Storey House With Top Class Open Basement.",https://www.zameen.com/Homes/Islamabad-3-1.html,Islamabad · Homes for sale,Excellent owner built 10 Marla hous,success,https://media.zameen.com/thumbnails/307313591-400x300.jpeg,,https://www.zameen.com/Property/dha_defence_phase_2_dha_phase_2_-_sector_c_excellent_10_marla_house_corner_3_sides_open_with_solar_system_for_sale_this_is_a_triple_storey_house_with_top_class_open_basement-54748879-3198-1.html,dataset_zameen-property-scraper_2026-09-21_18-35-26-850.csv,dataset_zameen-property-scraper_2026-09-21_18-35-26-850_54748879
2026-09-21T18:35:25.191Z,search,Added: 2 hours ago,Titanium,10 Marla,Marla,10.0,super hot,6.0,5.0,homes,Islamabad,3,PKR,sale,54069877.0,"DHA Phase 2 - Sector E, DHA Defence Phase 2",50.0,82500000,8.25 Crore,Stunning And Affordable House Available For Sale In DHA Phase 2 - Sector E,https://www.zameen.com/Homes/Islamabad-3-1.html,Islamabad · Homes for sale,"Designers 10 Marla House , 5 Beds 6",success,https://media.zameen.com/thumbnails/307246880-400x300.jpeg,,https://www.zameen.com/Property/dha_defence_phase_2_dha_phase_2_-_sector_e_stunning_and_affordable_house_available_for_sale_in_dha_phase_2_-_sector_e-54069877-3200-1.html,dataset_zameen-property-scraper_2026-09-21_18-35-26-850.csv,dataset_zameen-property-scraper_2026-09-21_18-35-26-850_54069877
2026-09-21T18:35:25.257Z,search,Added: 3 hours ago,Titanium,10 Marla,Marla,10.0,super hot,6.0,5.0,homes,Islamabad,3,PKR,sale,54774770.0,"Top City 1 - Block A, Top City 1",33.0,51000000,5.1 Crore,Fully furnished A Block 10 Marla House for Sale,https://www.zameen.com/Homes/Islamabad-3-1.html,Islamabad · Homes for sale,fully furnished house A Block Prime,success,https://media.zameen.com/thumbnails/307563827-400x300.jpeg,,https://www.zameen.com/Property/top_city_1_top_city_1_-_block_a_fully_furnished_a_block_10_marla_house_for_sale-54774770-9231-1.html,dataset_zameen-property-scraper_2026-09-21_18-35-26-850.csv,dataset_zameen-property-scraper_2026-09-21_18-35-26-850_54774770
2026-09-21T18:35:25.307Z,search,Added: 4 hours ago,Titanium,6.9 Marla,Marla,6.9,super hot,3.0,2.0,homes,Islamabad,3,PKR,sale,53323941.0,"Cube Apartments, Bahria Enclave",27.0,20500000,2.05 Crore,Bahria Enclave 2 Bed Cube Apartment 1558 Sq Feet Possession Utility Circulation Charges Paid On Murree Facing Available For Sale,https://www.zameen.com/Homes/Islamabad-3-1.html,Islamabad · Homes for sale,Bahria Enclave 2 Bed Cube Apartment,success,https://media.zameen.com/thumbnails/302116017-400x300.jpeg,(Updated: 4 hours ago),https://www.zameen.com/Property/bahria_enclave_cube_apartments_bahria_enclave_2_bed_cube_apartment_1558_sq_feet_possession_utility_circulation_charges_paid_on_murree_facing_available_for_sale-53323941-21520-1.html,dataset_zameen-property-scraper_2026-09-21_18-35-26-850.csv,dataset_zameen-property-scraper_2026-09-21_18-35-26-850_53323941
2026-09-21T18:35:25.375Z,search,Added: 5 hours ago,Titanium,1 Kanal,Kanal,1.0,super hot,6.0,5.0,homes,Islamabad,3,PKR,sale,54480942.0,"DHA Defence Phase 2, DHA Defence",23.0,150000000,15 Crore,Fully Furnished 1 Kanal Spanish Style House For Sale In DHA Phase 2,https://www.zameen.com/Homes/Islamabad-3-1.html,Islamabad · Homes for sale,1 Kanal Brand New Designer House Fo,success,https://media.zameen.com/thumbnails/305857276-400x300.jpeg,,https://www.zameen.com/Property/dha_defence_dha_defence_phase_2_fully_furnished_1_kanal_spanish_style_house_for_sale_in_dha_phase_2-54480942-339-1.html,dataset_zameen-property-scraper_2026-09-21_18-35-26-850.csv,dataset_zameen-property-scraper_2026-09-21_18-35-26-850_54480942
2026-09-21T18:35:25.426Z,search,Added: 2 hours ago,,10 Marla,Marla,10.0,super hot,5.0,4.0,homes,Islamabad,3,PKR,sale,54760578.0,"Top City 1, Islamabad",18.0,57500000,5.75 Crore,Buying A Prime Location House In Top City 1?,https://www.zameen.com/Homes/Islamabad-3-1.html,Islamabad · Homes for sale,TOPCITY-1 | 10 MARLA CORNER DESIGNE,success,https://media.zameen.com/thumbnails/307424036-400x300.jpeg,,https://www.zameen.com/Property/islamabad_top_city_1_buying_a_prime_location_house_in_top_city_1-54760578-1383-1.html,dataset_zameen-property-scraper_2026-09-21_18-35-26-850.csv,dataset_zameen-property-scraper_2026-09-21_18-35-26-850_54760578
2026-09-21T18:35:25.511Z,search,Added: 2 hours ago,,10 Marla,Marla,10.0,super hot,5.0,4.0,homes,Islamabad,3,PKR,sale,54760974.0,"Top City 1, Islamabad",26.0,55000000,5.5 Crore,Prime Location Top City 1 House Sized 10 Marla,https://www.zameen.com/Homes/Islamabad-3-1.html,Islamabad · Homes for sale,TOPCITY-1 | 10 MARLA CORNER DESIGNE,success,https://media.zameen.com/thumbnails/307426377-400x300.jpeg,,https://www.zameen.com/Property/islamabad_top_city_1_prime_location_top_city_1_house_sized_10_marla-54760974-1383-1.html,dataset_zameen-property-scraper_2026-09-21_18-35-26-850.csv,dataset_zameen-property-scraper_2026-09-21_18-35-26-850_54760974
2026-09-21T18:35:25.576Z,search,Added: 2 hours ago,,10 Marla,Marla,10.0,super hot,6.0,5.0,homes,Islamabad,3,PKR,sale,54768431.0,"Top City 1, Islamabad",11.0,51500000,5.15 Crore,Topcity 10 Marla House for sale,https://www.zameen.com/Homes/Islamabad-3-1.html,Islamabad · Homes for sale,Top City-1 Islamabad is a modern re,success,https://media.zameen.com/thumbnails/307504215-400x300.jpeg,,https://www.zameen.com/Property/islamabad_top_city_1_topcity_10_marla_house_for_sale-54768431-1383-1.html,dataset_zameen-property-scraper_2026-09-21_18-35-26-850.csv,dataset_zameen-property-scraper_2026-09-21_18-35-26-850_54768431
2026-09-21T18:35:25.641Z,search,Added: 4 hours ago,,10 Marla,Marla,10.0,super hot,6.0,9.0,homes,Islamabad,3,PKR,sale,54703306.0,"Faisal Town - F-18, Islamabad",23.0,67500000,6.75 Crore,Luxury Furnished 10 Marla House All Amenities Available,https://www.zameen.com/Homes/Islamabad-3-1.html,Islamabad · Homes for sale,"Property Details:
*Size: 10 Marla",success,https://media.zameen.com/thumbnails/306876797-400x300.jpeg,,https://www.zameen.com/Property/islamabad_faisal_town_-_f-18_luxury_furnished_10_marla_house_all_amenities_available-54703306-8260-1.html,dataset_zameen-property-scraper_2026-09-21_18-35-26-850.csv,dataset_zameen-property-scraper_2026-09-21_18-35-26-850_54703306
2026-09-21T18:35:25.702Z,search,Added: 4 hours ago,,1 Kanal,Kanal,1.0,super hot,6.0,9.0,homes,Islamabad,3,PKR,sale,11.0,"E-11/3, E-11",13.0,135000000,13.5 Crore,INVESTOR PRICE HOUSE FOR SALE IN E-11,https://www.zameen.com/Homes/Islamabad-3-1.html,Islamabad · Homes for sale,Luxury Triple Storey House for Sale,success,https://media.zameen.com/thumbnails/302136941-400x300.jpeg,(Updated: 4 hours ago),https://www.zameen.com/Property/e_11_e-11_3_investor_price_house_for_sale_in_e-11-53974534-3238-1.html,dataset_zameen-property-scraper_2026-09-21_18-35-26-850.csv,dataset_zameen-property-scraper_2026-09-21_18-35-26-850_11
2026-09-21T18:35:25.773Z,search,Added: 2 minutes ago,Titanium,1 Kanal,Kanal,1.0,Trusted,6.0,7.0,homes,Islamabad,3,PKR,sale,54121234.0,"DHA Defence Phase 2, DHA Defence",13.0,107500000,10.75 Crore,1 Kanal Ultra Luxury Designer House for Sale in DHA Phase 2 Islamabad | 7 Master Bedrooms | Prime Location Near Central Park DHA Phase 2 & Islamabad Expressway | Elegant Living | Double Kitchens | Servant Accommodation | Parking for 3,https://www.zameen.com/Homes/Islamabad-3-1.html,Islamabad · Homes for sale,Luxury Living Redefined | 1 Kanal D,success,https://media.zameen.com/thumbnails/300351931-400x300.jpeg,,https://www.zameen.com/Property/dha_defence_dha_defence_phase_2_1_kanal_ultra_luxury_designer_house_for_sale_in_dha_phase_2_islamabad_7_master_bedrooms_prime_location_near_central_park_dha_phase_2_islamabad_expressway_elegant_living_double_kitchens_servant_accommodation_parking_for_3-54121234-339-1.html,dataset_zameen-property-scraper_2026-09-21_18-35-26-850.csv,dataset_zameen-property-scraper_2026-09-21_18-35-26-850_54121234
2026-09-21T18:35:25.844Z,search,Added: 25 minutes ago,Titanium,1 Kanal,Kanal,1.0,Trusted,5.0,5.0,homes,Islamabad,3,PKR,sale,53601131.0,"DHA Defence Phase 2, DHA Defence",16.0,158000000,15.8 Crore,1 Kanal Elegant Designed House For Sale In DHA Islamabad,https://www.zameen.com/Homes/Islamabad-3-1.html,Islamabad · Homes for sale,Presenting This Exceptional 1 Kanal,success,https://media.zameen.com/thumbnails/301097786-400x300.jpeg,,https://www.zameen.com/Property/dha_defence_dha_defence_phase_2_1_kanal_elegant_designed_house_for_sale_in_dha_islamabad-53601131-339-1.html,dataset_zameen-property-scraper_2026-09-21_18-35-26-850.csv,dataset_zameen-property-scraper_2026-09-21_18-35-26-850_53601131
2026-09-21T18:35:25.895Z,search,Added: 45 minutes ago,,1 Kanal,Kanal,1.0,Trusted,7.0,5.0,homes,Islamabad,3,PKR,sale,54238693.0,"DHA Defence Phase 2, DHA Defence",21.0,117500000,11.75 Crore,1 Kanal House With Premium Drawing Room With Imported Furniture,https://www.zameen.com/Homes/Islamabad-3-1.html,Islamabad · Homes for sale,"Don&#x27;T Wait, Choose And Buy This Stu",success,https://media.zameen.com/thumbnails/299754462-400x300.jpeg,(Updated: 45 minutes ago),https://www.zameen.com/Property/dha_defence_dha_defence_phase_2_1_kanal_house_with_premium_drawing_room_with_imported_furniture-54238693-339-1.html,dataset_zameen-property-scraper_2026-09-21_18-35-26-850.csv,dataset_zameen-property-scraper_2026-09-21_18-35-26-850_54238693
2026-09-21T18:35:25.956Z,search,Added: 2 hours ago,,10 Marla,Marla,10.0,Trusted,5.0,4.0,homes,Islamabad,3,PKR,sale,54725621.0,"Top City 1, Islamabad",32.0,68900000,6.89 Crore,TOPCITY-1 | LUXURIOUS 10 MARLA CORNER DESIGNER HOUSE FOR SALE,https://www.zameen.com/Homes/Islamabad-3-1.html,Islamabad · Homes for sale,TOPCITY-1 | 10 MARLA CORNER DESIGNE,success,https://media.zameen.com/thumbnails/307081713-400x300.jpeg,,https://www.zameen.com/Property/islamabad_top_city_1_topcity-1_luxurious_10_marla_corner_designer_house_for_sale-54725621-1383-1.html,dataset_zameen-property-scraper_2026-09-21_18-35-26-850.csv,dataset_zameen-property-scraper_2026-09-21_18-35-26-850_54725621
2026-09-21T18:35:26.022Z,search,Added: 2 hours ago,,8 Marla,Marla,8.0,Verified,6.0,5.0,homes,Islamabad,3,PKR,sale,54627663.0,"MPCHS - Block E, MPCHS - Multi Gardens",20.0,44000000,4.4 Crore,Buying A Corner House In MPCHS - Block E Islamabad?,https://www.zameen.com/Homes/Islamabad-3-1.html,Islamabad · Homes for sale,Corner House Available for Sale E B,success,https://media.zameen.com/thumbnails/306143299-400x300.jpeg,,https://www.zameen.com/Property/mpchs_multi_gardens_mpchs_-_block_e_buying_a_corner_house_in_mpchs_-_block_e_islamabad-54627663-3120-1.html,dataset_zameen-property-scraper_2026-09-21_18-35-26-850.csv,dataset_zameen-property-scraper_2026-09-21_18-35-26-850_54627663
2026-09-21T18:35:26.129Z,search,Added: 2 hours ago,,10 Marla,Marla,10.0,Trusted,6.0,5.0,homes,Islamabad,3,PKR,sale,54734488.0,"DHA Defence Phase 2, DHA Defence",15.0,72500000,7.25 Crore,10 Marla Brand New Designer Luxury House Available For Sale In DHA Phase 2 Islamabad,https://www.zameen.com/Homes/Islamabad-3-1.html,Islamabad · Homes for sale,5 Bedroom Bathroom Kitchen TV Loung,success,https://media.zameen.com/thumbnails/307177081-400x300.jpeg,(Updated: 2 hours ago),https://www.zameen.com/Property/dha_defence_dha_defence_phase_2_10_marla_brand_new_designer_luxury_house_available_for_sale_in_dha_phase_2_islamabad-54734488-339-1.html,dataset_zameen-property-scraper_2026-09-21_18-35-26-850.csv,dataset_zameen-property-scraper_2026-09-21_18-35-26-850_54734488
2026-09-21T18:35:26.243Z,search,Added: 3 hours ago,,10.9 Marla,Marla,10.9,,5.0,3.0,homes,Islamabad,3,PKR,sale,54771626.0,"Bahria Enclave, Bahria Town",11.0,19800000,1.98 Crore,3 Bedroom Apartment for Sale Bahria Enclave Islamabad,https://www.zameen.com/Homes/Islamabad-3-1.html,Islamabad · Homes for sale,3 Bedroom Apartment for Sale Bahria,success,https://media.zameen.com/thumbnails/307534223-400x300.jpeg,(Updated: 2 hours ago),https://www.zameen.com/Property/bahria_town_bahria_enclave_3_bedroom_apartment_for_sale_bahria_enclave_islamabad-54771626-1705-1.html,dataset_zameen-property-scraper_2026-09-21_18-35-26-850.csv,dataset_zameen-property-scraper_2026-09-21_18-35-26-850_54771626
2026-09-21T18:35:26.301Z,search,Added: 2 minutes ago,,6.2 Marla,Marla,6.2,Trusted,3.0,3.0,homes,Islamabad,3,PKR,sale,54775179.0,"El Cielo, GT Road",24.0,17000000,1.7 Crore,Brand New 3-Bedroom Corner Apartment for Sale El Silo B Block,https://www.zameen.com/Homes/Islamabad-3-1.html,Islamabad · Homes for sale,"A brand-new, spacious 3-bedroom cor",success,https://media.zameen.com/thumbnails/307566674-400x300.jpeg,(Updated: 1 minute ago),https://www.zameen.com/Property/gt_road_el_cielo_brand_new_3-bedroom_corner_apartment_for_sale_el_silo_b_block-54775179-10358-1.html,dataset_zameen-property-scraper_2026-09-21_18-35-26-850.csv,dataset_zameen-property-scraper_2026-09-21_18-35-26-850_54775179
2026-09-21T18:35:26.369Z,search,Added: 2 minutes ago,Titanium,1 Kanal,Kanal,1.0,Trusted,6.0,6.0,homes,Islamabad,3,PKR,sale,54088978.0,"DHA Defence Phase 2, DHA Defence",26.0,90000000,9 Crore,1 Kanal Corner House Available For Sale In DHA Phase 2 Islamabad In Very Reasonable Price,https://www.zameen.com/Homes/Islamabad-3-1.html,Islamabad · Homes for sale,1 Kanal Corner House for Sale in DH,success,https://media.zameen.com/thumbnails/299663542-400x300.jpeg,,https://www.zameen.com/Property/dha_defence_dha_defence_phase_2_1_kanal_corner_house_available_for_sale_in_dha_phase_2_islamabad_in_very_reasonable_price-54088978-339-1.html,dataset_zameen-property-scraper_2026-09-21_18-35-26-850.csv,dataset_zameen-property-scraper_2026-09-21_18-35-26-850_54088978
2026-09-21T18:35:26.446Z,search,Added: 5 minutes ago,,4 Marla,Marla,4.0,,5.0,4.0,homes,Islamabad,3,PKR,sale,54775175.0,"G-14/4, G-14",13.0,36000000,3.6 Crore,"Beautiful 4 Marla House for Sale in G-14/4 Islamabad Equipped with Solar System, Premium Tiles Flooring & All Basic Amenities in a Prime Residential Location",https://www.zameen.com/Homes/Islamabad-3-1.html,Islamabad · Homes for sale,4 Marla House for Sale in G-14/4 Is,success,https://media.zameen.com/thumbnails/307566613-400x300.jpeg,(Updated: 5 minutes ago),https://www.zameen.com/Property/g_14_g-14_4_beautiful_4_marla_house_for_sale_in_g-14_4_islamabad_equipped_with_solar_system_premium_tiles_flooring_all_basic_amenities_in_a_prime_residential_location-54775175-3346-1.html,dataset_zameen-property-scraper_2026-09-21_18-35-26-850.csv,dataset_zameen-property-scraper_2026-09-21_18-35-26-850_54775175
2026-09-21T18:35:26.496Z,search,Added: 25 minutes ago,Titanium,1 Kanal,Kanal,1.0,Trusted,6.0,6.0,homes,Islamabad,3,PKR,sale,52372119.0,"DHA Defence Phase 2, DHA Defence",13.0,147500000,14.75 Crore,1 Kanal Double Heighted Lobby Design House For Sale In DHA I_R,https://www.zameen.com/Homes/Islamabad-3-1.html,Islamabad · Homes for sale,Presenting This Exceptional 1 Kanal,success,https://media.zameen.com/thumbnails/300347588-400x300.jpeg,,https://www.zameen.com/Property/dha_defence_dha_defence_phase_2_1_kanal_double_heighted_lobby_design_house_for_sale_in_dha_i_r-52372119-339-1.html,dataset_zameen-property-scraper_2026-09-21_18-35-26-850.csv,dataset_zameen-property-scraper_2026-09-21_18-35-26-850_52372119
2026-09-21T18:35:26.616Z,search,Added: 30 minutes ago,,2 Kanal,Kanal,2.0,Verified,6.0,6.0,homes,Islamabad,3,PKR,sale,54391547.0,"F-8/1, F-8",9.0,450000000,45 Crore,A House Of 1022 Square Yards In Rs. 450000000,https://www.zameen.com/Homes/Islamabad-3-1.html,Islamabad · Homes for sale,House For sale 1022 sqyds liveable,success,https://media.zameen.com/thumbnails/303854800-400x300.jpeg,(Updated: 30 minutes ago),https://www.zameen.com/Property/f_8_f-8_1_a_house_of_1022_square_yards_in_rs_450000000-54391547-3314-1.html,dataset_zameen-property-scraper_2026-09-21_18-35-26-850.csv,dataset_zameen-property-scraper_2026-09-21_18-35-26-850_54391547
2026-09-21T18:35:26.672Z,search,Added: 32 minutes ago,,2.4 Kanal,Kanal,2.4,,5.0,5.0,homes,Islamabad,3,PKR,sale,54436991.0,"F-8/4, F-8",6.0,450000000,45 Crore,Corner Demolished House Size 1200 Sqyds 80*135 Each Plot 600 Sqyds Top Loction,https://www.zameen.com/Homes/Islamabad-3-1.html,Islamabad · Homes for sale,old house corner Main Nazam Deen ro,success,https://media.zameen.com/thumbnails/304307125-400x300.jpeg,(Updated: 32 minutes ago),https://www.zameen.com/Property/f_8_f-8_4_corner_demolished_house_size_1200_sqyds_80_135_each_plot_600_sqyds_top_loction-54436991-3317-1.html,dataset_zameen-property-scraper_2026-09-21_18-35-26-850.csv,dataset_zameen-property-scraper_2026-09-21_18-35-26-850_54436991
2026-09-21T18:35:26.764Z,search,Added: 45 minutes ago,,1 Kanal,Kanal,1.0,Trusted,7.0,5.0,homes,Islamabad,3,PKR,sale,54405821.0,"DHA Defence Phase 2, DHA Defence",19.0,115000000,11.5 Crore,Deal Directly With The OWNER For A Smooth And Cost-Effective Purchase House For Sale,https://www.zameen.com/Homes/Islamabad-3-1.html,Islamabad · Homes for sale,"Don&#x27;T Wait, Choose And Buy This Stu",success,https://media.zameen.com/thumbnails/305973320-400x300.jpeg,,https://www.zameen.com/Property/dha_defence_dha_defence_phase_2_deal_directly_with_the_owner_for_a_smooth_and_cost-effective_purchase_house_for_sale-54405821-339-1.html,dataset_zameen-property-scraper_2026-09-21_18-35-26-850.csv,dataset_zameen-property-scraper_2026-09-21_18-35-26-850_54405821
2026-09-21T18:35:26.817Z,search,Added: 45 minutes ago,,1 Kanal,Kanal,1.0,Trusted,6.0,5.0,homes,Islamabad,3,PKR,sale,54405823.0,"DHA Defence Phase 2, DHA Defence",20.0,116000000,11.6 Crore,Latest Design Ultra Luxurious House For Sale At DHA Islamabad,https://www.zameen.com/Homes/Islamabad-3-1.html,Islamabad · Homes for sale,"Don&#x27;T Wait, Choose And Buy This Stu",success,https://media.zameen.com/thumbnails/303994090-400x300.jpeg,,https://www.zameen.com/Property/dha_defence_dha_defence_phase_2_latest_design_ultra_luxurious_house_for_sale_at_dha_islamabad-54405823-339-1.html,dataset_zameen-property-scraper_2026-09-21_18-35-26-850.csv,dataset_zameen-property-scraper_2026-09-21_18-35-26-850_54405823
2026-09-21T18:37:24.066Z,search,Added: 3 hours ago,Titanium,10 Marla,Marla,10.0,super hot,6.0,5.0,rentals,Islamabad,3,PKR,rent,54774171.0,"Top City 1, Islamabad",48.0,140000,1.4 Lakh,10 Marla Double Storey House For Rent,https://www.zameen.com/Rentals/Islamabad-3-1.html,Islamabad · Homes for rent,A Well-Maintained 10 Marla House Is,success,https://media.zameen.com/thumbnails/307562676-400x300.jpeg,(Updated: 3 hours ago),https://www.zameen.com/Property/islamabad_top_city_1_10_marla_double_storey_house_for_rent-54774171-1383-4.html,dataset_zameen-property-scraper_2026-09-21_18-37-26-375.csv,dataset_zameen-property-scraper_2026-09-21_18-37-26-375_54774171
2026-09-21T18:37:24.147Z,search,Added: 8 hours ago,Titanium,2.1 Kanal,Kanal,2.1,super hot,4.0,3.0,rentals,Islamabad,3,PKR,rent,54643868.0,"F-7, Islamabad",14.0,925000,9.25 Lakh,F-7 Beautiful Lower Ground For Rent,https://www.zameen.com/Rentals/Islamabad-3-1.html,Islamabad · Homes for rent,Luexgrid Construction & Marketing O,success,https://media.zameen.com/thumbnails/306309902-400x300.jpeg,(Updated: 8 hours ago),https://www.zameen.com/Property/islamabad_f-7_f-7_beautiful_lower_ground_for_rent-54643868-165-4.html,dataset_zameen-property-scraper_2026-09-21_18-37-26-375.csv,dataset_zameen-property-scraper_2026-09-21_18-37-26-375_54643868
2026-09-21T18:37:24.204Z,search,Added: 8 hours ago,Titanium,17.8 Marla,Marla,17.8,super hot,2.0,2.0,rentals,Islamabad,3,PKR,rent,54249943.0,"F-6, Islamabad",19.0,616000,6.16 Lakh,"Fully Furnished Apartments for Rent in F-6, Islamabad",https://www.zameen.com/Rentals/Islamabad-3-1.html,Islamabad · Homes for rent,Beautiful fully furnished ground an,success,https://media.zameen.com/thumbnails/301479529-400x300.jpeg,,https://www.zameen.com/Property/islamabad_f-6_fully_furnished_apartments_for_rent_in_f-6_islamabad-54249943-164-4.html,dataset_zameen-property-scraper_2026-09-21_18-37-26-375.csv,dataset_zameen-property-scraper_2026-09-21_18-37-26-375_54249943
2026-09-21T18:37:24.262Z,search,Added: 13 hours ago,Titanium,6 Marla,Marla,6.0,super hot,2.0,2.0,rentals,Islamabad,3,PKR,rent,10.0,"I-10/4, I-10",5.0,100000,1 Lakh,LOWER PORTION AVAILABLE FOR RENT IN I-10,https://www.zameen.com/Rentals/Islamabad-3-1.html,Islamabad · Homes for rent,"LOWER PORTION IN I-10/4
2 BED ATTAC",success,https://media.zameen.com/thumbnails/306333185-400x300.jpeg,,https://www.zameen.com/Property/i_10_i-10_4_lower_portion_available_for_rent_in_i-10-54620493-3423-4.html,dataset_zameen-property-scraper_2026-09-21_18-37-26-375.csv,dataset_zameen-property-scraper_2026-09-21_18-37-26-375_10
2026-09-21T18:37:24.346Z,search,Added: 13 hours ago,Titanium,6 Marla,Marla,6.0,super hot,2.0,2.0,rentals,Islamabad,3,PKR,rent,11.0,"I-11/2, I-11",5.0,100000,1 Lakh,UPPER PORTION AVAILABLE FOR RENT IN I-11,https://www.zameen.com/Rentals/Islamabad-3-1.html,Islamabad · Homes for rent,"UPPER PORTION IN I-11/2
2 BED ATTAC",success,https://media.zameen.com/thumbnails/306076641-400x300.jpeg,,https://www.zameen.com/Property/i_11_i-11_2_upper_portion_available_for_rent_in_i-11-54620576-9879-4.html,dataset_zameen-property-scraper_2026-09-21_18-37-26-375.csv,dataset_zameen-property-scraper_2026-09-21_18-37-26-375_11
2026-09-21T18:37:24.390Z,search,Added: 5 hours ago,,1.1 Kanal,Kanal,1.1,super hot,6.0,6.0,rentals,Islamabad,3,PKR,rent,54773288.0,"F-7, Islamabad",45.0,1500000,15 Lakh,F-7 Brand New Luxury House Available For Rent.,https://www.zameen.com/Rentals/Islamabad-3-1.html,Islamabad · Homes for rent,Capital zone Offer a Ideal House ha,success,https://media.zameen.com/thumbnails/307549412-400x300.jpeg,,https://www.zameen.com/Property/islamabad_f-7_f-7_brand_new_luxury_house_available_for_rent-54773288-165-4.html,dataset_zameen-property-scraper_2026-09-21_18-37-26-375.csv,dataset_zameen-property-scraper_2026-09-21_18-37-26-375_54773288
2026-09-21T18:37:24.441Z,search,Added: 6 hours ago,,14 Marla,Marla,14.0,super hot,4.0,3.0,rentals,Islamabad,3,PKR,rent,54769196.0,"I-8/4, I-8",7.0,170000,1.7 Lakh,"I-8 GROUND PORTION 3 BED 4 BATH 170,000 FINAL NO BARGAINING",https://www.zameen.com/Rentals/Islamabad-3-1.html,Islamabad · Homes for rent,I-8 VERY TOP NOTCH LOCATED NEAT AND,success,https://media.zameen.com/thumbnails/307513386-400x300.jpeg,,https://www.zameen.com/Property/i_8_i-8_4_i-8_ground_portion_3_bed_4_bath_170_000_final_no_bargaining-54769196-3444-4.html,dataset_zameen-property-scraper_2026-09-21_18-37-26-375.csv,dataset_zameen-property-scraper_2026-09-21_18-37-26-375_54769196
2026-09-21T18:37:24.491Z,search,Added: 10 hours ago,,8.7 Marla,Marla,8.7,super hot,3.0,3.0,rentals,Islamabad,3,PKR,rent,54657149.0,"Sukh Chayn Residence, F-10",11.0,400000,4 Lakh,"One Of The Prestigious And Well Managed Family Building, A 3-Bedroom Apartment Available For Rent.",https://www.zameen.com/Rentals/Islamabad-3-1.html,Islamabad · Homes for rent,"*Overview*
This stunning apartment",success,https://media.zameen.com/thumbnails/306430861-400x300.jpeg,,https://www.zameen.com/Property/f_10_sukh_chayn_residence_one_of_the_prestigious_and_well_managed_family_building_a_3-bedroom_apartment_available_for_rent-54657149-13589-4.html,dataset_zameen-property-scraper_2026-09-21_18-37-26-375.csv,dataset_zameen-property-scraper_2026-09-21_18-37-26-375_54657149
2026-09-21T18:37:24.555Z,search,Added: 10 hours ago,,8.7 Marla,Marla,8.7,super hot,4.0,3.0,rentals,Islamabad,3,PKR,rent,52060784.0,"Sukh Chayn Residence, F-10",12.0,450000,4.5 Lakh,This Beautiful Apartment With Modern Amenities Available For Rent In Sukh Chayn Residence F10 Islamabad,https://www.zameen.com/Rentals/Islamabad-3-1.html,Islamabad · Homes for rent,"The Sukh Chayn Residence
 Modern In",success,https://media.zameen.com/thumbnails/305494648-400x300.jpeg,,https://www.zameen.com/Property/f_10_sukh_chayn_residence_this_beautiful_apartment_with_modern_amenities_available_for_rent_in_sukh_chayn_residence_f10_islamabad-52060784-13589-4.html,dataset_zameen-property-scraper_2026-09-21_18-37-26-375.csv,dataset_zameen-property-scraper_2026-09-21_18-37-26-375_52060784
2026-09-21T18:37:24.623Z,search,Added: 1 hour ago,Titanium,3 Marla,Marla,3.0,Trusted,1.0,,rentals,Islamabad,3,PKR,rent,54398577.0,"F-10/3, F-10",7.0,70000,70 Thousand,1 Furnished Studio Apartment On Rent Available In Al Mustafa Tower F10,https://www.zameen.com/Rentals/Islamabad-3-1.html,Islamabad · Homes for rent,1 Furnished Studio Apartment On Ren,success,https://media.zameen.com/thumbnails/303922982-400x300.jpeg,(Updated: 1 hour ago),https://www.zameen.com/Property/f_10_f-10_3_1_furnished_studio_apartment_on_rent_available_in_al_mustafa_tower_f10-54398577-3278-4.html,dataset_zameen-property-scraper_2026-09-21_18-37-26-375.csv,dataset_zameen-property-scraper_2026-09-21_18-37-26-375_54398577
2026-09-21T18:37:24.698Z,search,Added: 6 hours ago,Titanium,6.9 Marla,Marla,6.9,Trusted,2.0,2.0,rentals,Islamabad,3,PKR,rent,54714039.0,"Karakoram Greens, Gulberg Greens",10.0,145000,1.45 Lakh,"Luxury 2-Bed Corner Apartment 1562 Sq. Ft. | ACs, Fans, Microwave & Geyser Installed | Lake & Margalla Views | Gulberg Greens",https://www.zameen.com/Rentals/Islamabad-3-1.html,Islamabad · Homes for rent,"Apartment Features & Amenities

1,5",success,https://media.zameen.com/thumbnails/306981040-400x300.jpeg,,https://www.zameen.com/Property/gulberg_greens_karakoram_greens_luxury_2-bed_corner_apartment_1562_sq_ft_acs_fans_microwave_geyser_installed_lake_margalla_views_gulberg_greens-54714039-11832-4.html,dataset_zameen-property-scraper_2026-09-21_18-37-26-375.csv,dataset_zameen-property-scraper_2026-09-21_18-37-26-375_54714039
2026-09-21T18:37:24.774Z,search,Added: 53 minutes ago,,2.9 Marla,Marla,2.9,,1.0,1.0,rentals,Islamabad,3,PKR,rent,54764385.0,"E-11, Islamabad",20.0,60000,60 Thousand,Luxury 1-Bed Furnished Apartment For Rent In E-11/4 Islamabad | Elevator & Parking,https://www.zameen.com/Rentals/Islamabad-3-1.html,Islamabad · Homes for rent,Luxury 1-Bed Apartment for Rent E-1,success,https://media.zameen.com/thumbnails/307461932-400x300.jpeg,,https://www.zameen.com/Property/islamabad_e-11_luxury_1-bed_furnished_apartment_for_rent_in_e-11_4_islamabad_elevator_parking-54764385-329-4.html,dataset_zameen-property-scraper_2026-09-21_18-37-26-375.csv,dataset_zameen-property-scraper_2026-09-21_18-37-26-375_54764385
2026-09-21T18:37:24.820Z,search,Added: 2 hours ago,,4.2 Marla,Marla,4.2,,2.0,2.0,rentals,Islamabad,3,PKR,rent,51311957.0,"Pakistan Town - Phase 2, Pakistan Town",26.0,62000,62 Thousand,Fully Furnished Apartment Is Available For Rent,https://www.zameen.com/Rentals/Islamabad-3-1.html,Islamabad · Homes for rent,Fully Furnished Apartments Availabl,success,https://media.zameen.com/thumbnails/303222042-400x300.jpeg,,https://www.zameen.com/Property/pakistan_town_pakistan_town_-_phase_2_fully_furnished_apartment_is_available_for_rent-51311957-16525-4.html,dataset_zameen-property-scraper_2026-09-21_18-37-26-375.csv,dataset_zameen-property-scraper_2026-09-21_18-37-26-375_51311957
2026-09-21T18:37:24.896Z,search,Added: 2 hours ago,,4.2 Marla,Marla,4.2,,2.0,2.0,rentals,Islamabad,3,PKR,rent,51919896.0,"Pakistan Town - Phase 2, Pakistan Town",17.0,60000,60 Thousand,Fully Furnished Apartment,https://www.zameen.com/Rentals/Islamabad-3-1.html,Islamabad · Homes for rent,Fully furnished apartment available,success,https://media.zameen.com/thumbnails/303222068-400x300.jpeg,,https://www.zameen.com/Property/pakistan_town_pakistan_town_-_phase_2_fully_furnished_apartment-51919896-16525-4.html,dataset_zameen-property-scraper_2026-09-21_18-37-26-375.csv,dataset_zameen-property-scraper_2026-09-21_18-37-26-375_51919896
2026-09-21T18:37:24.996Z,search,Added: 2 hours ago,,4.2 Marla,Marla,4.2,,2.0,2.0,rentals,Islamabad,3,PKR,rent,52172409.0,"PWD Housing Scheme, Islamabad",16.0,60000,60 Thousand,Fully Furnished Apartment For Rent,https://www.zameen.com/Rentals/Islamabad-3-1.html,Islamabad · Homes for rent,Fully Furnished Apartment Available,success,https://media.zameen.com/thumbnails/303221937-400x300.jpeg,(Updated: 2 hours ago),https://www.zameen.com/Property/islamabad_pwd_housing_scheme_fully_furnished_apartment_for_rent-52172409-424-4.html,dataset_zameen-property-scraper_2026-09-21_18-37-26-375.csv,dataset_zameen-property-scraper_2026-09-21_18-37-26-375_52172409
2026-09-21T18:37:25.044Z,search,Added: 3 hours ago,,1.3 Kanal,Kanal,1.3,,3.0,3.0,rentals,Islamabad,3,PKR,rent,53652415.0,"F-11, Islamabad",14.0,200000,2 Lakh,F-11 Beautiful Lower Portion For Rent,https://www.zameen.com/Rentals/Islamabad-3-1.html,Islamabad · Homes for rent,F-11 Lower Portion for Rent Prime L,success,https://media.zameen.com/thumbnails/301815830-400x300.jpeg,,https://www.zameen.com/Property/islamabad_f-11_f-11_beautiful_lower_portion_for_rent-53652415-163-4.html,dataset_zameen-property-scraper_2026-09-21_18-37-26-375.csv,dataset_zameen-property-scraper_2026-09-21_18-37-26-375_53652415
2026-09-21T18:37:25.132Z,search,Added: 11 minutes ago,,1.1 Kanal,Kanal,1.1,,5.0,4.0,rentals,Islamabad,3,PKR,rent,54434552.0,"F-7, Islamabad",31.0,850000,8.5 Lakh,Brand New House Available For Rent On Prime Location,https://www.zameen.com/Rentals/Islamabad-3-1.html,Islamabad · Homes for rent,Best Property Advisors and Builders,success,https://media.zameen.com/thumbnails/304285210-400x300.jpeg,,https://www.zameen.com/Property/islamabad_f-7_brand_new_house_available_for_rent_on_prime_location-54434552-165-4.html,dataset_zameen-property-scraper_2026-09-21_18-37-26-375.csv,dataset_zameen-property-scraper_2026-09-21_18-37-26-375_54434552
2026-09-21T18:37:25.173Z,search,Added: 19 minutes ago,,10 Marla,Marla,10.0,Verified,3.0,3.0,rentals,Islamabad,3,PKR,rent,54702379.0,"G-13, Islamabad",6.0,120000,1.2 Lakh,10 Marla Like That Brand New Upper Floor Available For Rent With All Basic Needs At Reasonable Demand In G-13 Islamabad,https://www.zameen.com/Rentals/Islamabad-3-1.html,Islamabad · Homes for rent,Brand New 10 Marla Upper Floor Avai,success,https://media.zameen.com/thumbnails/306867606-400x300.jpeg,,https://www.zameen.com/Property/islamabad_g-13_10_marla_like_that_brand_new_upper_floor_available_for_rent_with_all_basic_needs_at_reasonable_demand_in_g-13_islamabad-54702379-330-4.html,dataset_zameen-property-scraper_2026-09-21_18-37-26-375.csv,dataset_zameen-property-scraper_2026-09-21_18-37-26-375_54702379
2026-09-21T18:37:25.232Z,search,Added: 34 minutes ago,,4.2 Kanal,Kanal,4.2,,6.0,8.0,rentals,Islamabad,3,PKR,rent,54633722.0,"G-6, Islamabad",35.0,4000000,40 Lakh,Most Luxurious House For Rent With 03 Karnal Extra Land On Most Prime Location In G6/3,https://www.zameen.com/Rentals/Islamabad-3-1.html,Islamabad · Homes for rent,"| MARRIOTT ESTATE & BUILDERS |

1.",success,https://media.zameen.com/thumbnails/306204739-400x300.jpeg,,https://www.zameen.com/Property/islamabad_g-6_most_luxurious_house_for_rent_with_03_karnal_extra_land_on_most_prime_location_in_g6_3-54633722-169-4.html,dataset_zameen-property-scraper_2026-09-21_18-37-26-375.csv,dataset_zameen-property-scraper_2026-09-21_18-37-26-375_54633722
2026-09-21T18:37:25.285Z,search,Added: 34 minutes ago,,1 Kanal,Kanal,1.0,,6.0,6.0,rentals,Islamabad,3,PKR,rent,54659934.0,"F-6, Islamabad",32.0,1900000,19 Lakh,Luxury Fully Furnished Newly House For Rent In F6 On Prime Location,https://www.zameen.com/Rentals/Islamabad-3-1.html,Islamabad · Homes for rent,"| MARRIOTT ESTATE & BUILDERS |

1.",success,https://media.zameen.com/thumbnails/306454704-400x300.jpeg,(Updated: 34 minutes ago),https://www.zameen.com/Property/islamabad_f-6_luxury_fully_furnished_newly_house_for_rent_in_f6_on_prime_location-54659934-164-4.html,dataset_zameen-property-scraper_2026-09-21_18-37-26-375.csv,dataset_zameen-property-scraper_2026-09-21_18-37-26-375_54659934
2026-09-21T18:37:25.367Z,search,Added: 34 minutes ago,,5.4 Kanal,Kanal,5.4,,6.0,10.0,rentals,Islamabad,3,PKR,rent,54724429.0,"F-6, Islamabad",16.0,8400000,84 Lakh,Brand New Luxury House For Rent Having 10 Bedrooms In F6 On Prime Location For Foreigner Or Multinational Companies,https://www.zameen.com/Rentals/Islamabad-3-1.html,Islamabad · Homes for rent,"| MARRIOTT ESTATE & BUILDERS |

1.",success,https://media.zameen.com/thumbnails/307067461-400x300.jpeg,,https://www.zameen.com/Property/islamabad_f-6_brand_new_luxury_house_for_rent_having_10_bedrooms_in_f6_on_prime_location_for_foreigner_or_multinational_companies-54724429-164-4.html,dataset_zameen-property-scraper_2026-09-21_18-37-26-375.csv,dataset_zameen-property-scraper_2026-09-21_18-37-26-375_54724429
2026-09-21T18:37:25.439Z,search,Added: 34 minutes ago,,1.8 Kanal,Kanal,1.8,,6.0,8.0,rentals,Islamabad,3,PKR,rent,54733343.0,"F-7, Islamabad",32.0,2550000,25.5 Lakh,Brand New House For Rent In F7 On Prime Location Only For Foreigner  Having 08 Bedrooms,https://www.zameen.com/Rentals/Islamabad-3-1.html,Islamabad · Homes for rent,"| MARRIOTT ESTATE & BUILDERS |

1.",success,https://media.zameen.com/thumbnails/307162919-400x300.jpeg,,https://www.zameen.com/Property/islamabad_f-7_brand_new_house_for_rent_in_f7_on_prime_location_only_for_foreigner_having_08_bedrooms-54733343-165-4.html,dataset_zameen-property-scraper_2026-09-21_18-37-26-375.csv,dataset_zameen-property-scraper_2026-09-21_18-37-26-375_54733343
2026-09-21T18:37:25.485Z,search,Added: 34 minutes ago,,2.1 Kanal,Kanal,2.1,,6.0,7.0,rentals,Islamabad,3,PKR,rent,54768575.0,"F-7, Islamabad",25.0,2000000,20 Lakh,Fully Furnished Newly House Available For Rent In F7 On Prime Location Having 07 bedrooms,https://www.zameen.com/Rentals/Islamabad-3-1.html,Islamabad · Homes for rent,"| MARRIOTT ESTATE & BUILDERS |

1.",success,https://media.zameen.com/thumbnails/307506089-400x300.jpeg,,https://www.zameen.com/Property/islamabad_f-7_fully_furnished_newly_house_available_for_rent_in_f7_on_prime_location_having_07_bedrooms-54768575-165-4.html,dataset_zameen-property-scraper_2026-09-21_18-37-26-375.csv,dataset_zameen-property-scraper_2026-09-21_18-37-26-375_54768575
2026-09-21T18:37:25.701Z,search,Added: 1 hour ago,,6.2 Marla,Marla,6.2,,2.0,2.0,rentals,Islamabad,3,PKR,rent,51392421.0,"Soan Garden - Block G, Soan Garden",30.0,65000,65 Thousand,"Furnished Home Portion / GUEST HOUSE For Paying Guest In 1bed, 2beds, 3beds Furnished APARTMENT With TV Lounge For Your Wedding Guests, Foreigners, Small Family, WORKING Couple Or Male / Female Executives - Furnished ROOMS On Daily, Weekly, Monthly",https://www.zameen.com/Rentals/Islamabad-3-1.html,Islamabad · Homes for rent,A beautifully furnished home with 7,success,https://media.zameen.com/thumbnails/303139199-400x300.jpeg,(Updated: 57 minutes ago),https://www.zameen.com/Property/soan_garden_soan_garden_-_block_g_furnished_home_portion_guest_house_for_paying_guest_in_1bed_2beds_3beds_furnished_apartment_with_tv_lounge_for_your_wedding_guests_foreigners_small_family_working_couple_or_male_female_executives_-_furnished_rooms_on_daily_weekly_monthly-51392421-3497-4.html,dataset_zameen-property-scraper_2026-09-21_18-37-26-375.csv,dataset_zameen-property-scraper_2026-09-21_18-37-26-375_51392421
2026-09-21T18:37:26.268Z,search,Added: 2 days ago,Titanium,2.4 Kanal,Kanal,2.4,super hot,6.0,9.0,rentals,Islamabad,3,PKR,rent,54765675.0,"F-7, Islamabad",33.0,3350000,33.5 Lakh,Beautiful Luxury House For Rent In F-7 Islamabad,https://www.zameen.com/Rentals/Islamabad-3-2.html,Islamabad · Homes for rent,Luexgrid construction & marketing O,success,https://media.zameen.com/thumbnails/307476040-400x300.jpeg,,https://www.zameen.com/Property/islamabad_f-7_beautiful_luxury_house_for_rent_in_f-7_islamabad-54765675-165-4.html,dataset_zameen-property-scraper_2026-09-21_18-37-26-375.csv,dataset_zameen-property-scraper_2026-09-21_18-37-26-375_54765675
2026-09-21T18:38:59.506Z,search,Added: 22 hours ago,Titanium,1 Kanal,Kanal,1.0,super hot,6.0,6.0,homes,Faisalabad,16,PKR,sale,54760082.0,"Abdullah Gardens, East Canal Road",12.0,119500000,11.95 Crore,Brand New Very Beautiful House 1+ Construction Available In Lowest Demand In Abdullah Gardens Faisalabad Demand From Owner Side Is 125000000 But It&#x27;S Almost Very Low Price So Please Don&#x27;T Offer Chori Wala Rate,https://www.zameen.com/Homes/Faisalabad-16-1.html,Faisalabad · Homes for sale,"Elite Society
Price Is Fix Just Onl",success,https://media.zameen.com/thumbnails/307417103-400x300.jpeg,(Updated: 22 hours ago),https://www.zameen.com/Property/east_canal_road_abdullah_gardens_brand_new_very_beautiful_house_1_construction_available_in_lowest_demand_in_abdullah_gardens_faisalabad_demand_from_owner_side_is_125000000_but_it_s_almost_very_low_price_so_please_don_t_offer_chori_wala_rate-54760082-4890-1.html,dataset_zameen-property-scraper_2026-09-21_18-39-00-938.csv,dataset_zameen-property-scraper_2026-09-21_18-39-00-938_54760082
2026-09-21T18:38:59.598Z,search,Added: 2 days ago,Titanium,5 Marla,Marla,5.0,super hot,4.0,3.0,homes,Faisalabad,16,PKR,sale,54614817.0,"Eden Executive, Eden Gardens",25.0,23000000,2.3 Crore,5 Marla House Eden Executive,https://www.zameen.com/Homes/Faisalabad-16-1.html,Faisalabad · Homes for sale,5 Marla Eden,success,https://media.zameen.com/thumbnails/306028864-400x300.jpeg,,https://www.zameen.com/Property/eden_gardens_eden_executive_5_marla_house_eden_executive-54614817-10765-1.html,dataset_zameen-property-scraper_2026-09-21_18-39-00-938.csv,dataset_zameen-property-scraper_2026-09-21_18-39-00-938_54614817
2026-09-21T18:38:59.637Z,search,Added: 2 days ago,Titanium,12 Marla,Marla,12.0,super hot,6.0,5.0,homes,Faisalabad,16,PKR,sale,54767385.0,"Canal Road, Faisalabad",17.0,85000000,8.5 Crore,12 Marla House Brand New Canal Road,https://www.zameen.com/Homes/Faisalabad-16-1.html,Faisalabad · Homes for sale,Practicality as well as design have,success,https://media.zameen.com/thumbnails/307493824-400x300.jpeg,(Updated: 6 hours ago),https://www.zameen.com/Property/faisalabad_canal_road_12_marla_house_brand_new_canal_road-54767385-1140-1.html,dataset_zameen-property-scraper_2026-09-21_18-39-00-938.csv,dataset_zameen-property-scraper_2026-09-21_18-39-00-938_54767385
2026-09-21T18:38:59.706Z,search,Added: 2 days ago,Titanium,12 Marla,Marla,12.0,super hot,6.0,5.0,homes,Faisalabad,16,PKR,sale,54767379.0,"Canal Road, Faisalabad",22.0,80000000,8 Crore,12 Marla House Brand New Canal Road Society,https://www.zameen.com/Homes/Faisalabad-16-1.html,Faisalabad · Homes for sale,"12 Marla Canal Road Society 
Visit",success,https://media.zameen.com/thumbnails/307493761-400x300.jpeg,(Updated: 6 hours ago),https://www.zameen.com/Property/faisalabad_canal_road_12_marla_house_brand_new_canal_road_society-54767379-1140-1.html,dataset_zameen-property-scraper_2026-09-21_18-39-00-938.csv,dataset_zameen-property-scraper_2026-09-21_18-39-00-938_54767379
2026-09-21T18:38:59.758Z,search,Added: 2 days ago,Titanium,9 Marla,Marla,9.0,super hot,5.0,4.0,homes,Faisalabad,16,PKR,sale,54767371.0,"Canal Road, Faisalabad",29.0,65000000,6.5 Crore,9 Marla House canal Road society,https://www.zameen.com/Homes/Faisalabad-16-1.html,Faisalabad · Homes for sale,"9 Marla House Canal Road Society 
4",success,https://media.zameen.com/thumbnails/307493660-400x300.jpeg,(Updated: 6 hours ago),https://www.zameen.com/Property/faisalabad_canal_road_9_marla_house_canal_road_society-54767371-1140-1.html,dataset_zameen-property-scraper_2026-09-21_18-39-00-938.csv,dataset_zameen-property-scraper_2026-09-21_18-39-00-938_54767371
2026-09-21T18:38:59.836Z,search,Added: 48 minutes ago,,5 Marla,Marla,5.0,super hot,5.0,4.0,homes,Faisalabad,16,PKR,sale,53902263.0,"Wapda City, Faisalabad",25.0,26000000,2.6 Crore,Ideal House For Sale In Wapda City Nearer To Park,https://www.zameen.com/Homes/Faisalabad-16-1.html,Faisalabad · Homes for sale,Built With New Generation Concept,success,https://media.zameen.com/thumbnails/306827120-400x300.jpeg,(Updated: 48 minutes ago),https://www.zameen.com/Property/faisalabad_wapda_city_ideal_house_for_sale_in_wapda_city_nearer_to_park-53902263-501-1.html,dataset_zameen-property-scraper_2026-09-21_18-39-00-938.csv,dataset_zameen-property-scraper_2026-09-21_18-39-00-938_53902263
2026-09-21T18:38:59.899Z,search,Added: 2 days ago,,10 Marla,Marla,10.0,super hot,6.0,5.0,homes,Faisalabad,16,PKR,sale,54765178.0,"Citi Housing Samundri Road, Citi Housing",4.0,21000000,2.1 Crore,10 Marla Gry Home Home Beautiful Location,https://www.zameen.com/Homes/Faisalabad-16-1.html,Faisalabad · Homes for sale,10 Marla Home In Citi Housing Samun,success,https://media.zameen.com/thumbnails/307470923-400x300.jpeg,(Updated: 12 hours ago),https://www.zameen.com/Property/citi_housing_citi_housing_samundri_road_10_marla_gry_home_home_beautiful_location-54765178-11230-1.html,dataset_zameen-property-scraper_2026-09-21_18-39-00-938.csv,dataset_zameen-property-scraper_2026-09-21_18-39-00-938_54765178
2026-09-21T18:38:59.940Z,search,Added: 2 days ago,,13 Marla,Marla,13.0,super hot,6.0,5.0,homes,Faisalabad,16,PKR,sale,54764884.0,"Divine Enclave, Canal Road",8.0,72500000,7.25 Crore,Divine Enclave House For Sale,https://www.zameen.com/Homes/Faisalabad-16-1.html,Faisalabad · Homes for sale,Canal Road Link Hot Location Divine,success,https://media.zameen.com/thumbnails/307468249-400x300.jpeg,(Updated: 2 days ago),https://www.zameen.com/Property/canal_road_divine_enclave_divine_enclave_house_for_sale-54764884-21698-1.html,dataset_zameen-property-scraper_2026-09-21_18-39-00-938.csv,dataset_zameen-property-scraper_2026-09-21_18-39-00-938_54764884
2026-09-21T18:39:00.011Z,search,Added: 4 hours ago,,11 Marla,Marla,11.0,super hot,3.0,3.0,homes,Faisalabad,16,PKR,sale,54640441.0,"Al Najaf Colony, Faisalabad",4.0,35000000,3.5 Crore,Al Najaf Colony House Sized 11 Marla Is Available Single Storey Lanter,https://www.zameen.com/Homes/Faisalabad-16-1.html,Faisalabad · Homes for sale,Buy your House with desired facilit,success,https://media.zameen.com/thumbnails/306520864-400x300.jpeg,,https://www.zameen.com/Property/faisalabad_al_najaf_colony_al_najaf_colony_house_sized_11_marla_is_available_single_storey_lanter-54640441-4902-1.html,dataset_zameen-property-scraper_2026-09-21_18-39-00-938.csv,dataset_zameen-property-scraper_2026-09-21_18-39-00-938_54640441
2026-09-21T18:39:00.075Z,search,Added: 4 days ago,,5 Marla,Marla,5.0,super hot,5.0,4.0,homes,Faisalabad,16,PKR,sale,54758168.0,"Citi Housing Samundri Road, Citi Housing",15.0,20000000,2 Crore,5 Marla Brand New Luxury House Citi Housing,https://www.zameen.com/Homes/Faisalabad-16-1.html,Faisalabad · Homes for sale,You can be the owner of your dream,success,https://media.zameen.com/thumbnails/307399869-400x300.jpeg,(Updated: 2 days ago),https://www.zameen.com/Property/citi_housing_citi_housing_samundri_road_5_marla_brand_new_luxury_house_citi_housing-54758168-11230-1.html,dataset_zameen-property-scraper_2026-09-21_18-39-00-938.csv,dataset_zameen-property-scraper_2026-09-21_18-39-00-938_54758168
2026-09-21T18:39:00.145Z,search,Added: 7 hours ago,Titanium,1 Kanal,Kanal,1.0,Trusted,6.0,5.0,homes,Faisalabad,16,PKR,sale,54773860.0,"Wapda City, Faisalabad",8.0,135000000,13.5 Crore,House for sale designer house 5 bedroom beautifully located,https://www.zameen.com/Homes/Faisalabad-16-1.html,Faisalabad · Homes for sale,"Property Features:
 5 Spacious Bedr",success,https://media.zameen.com/thumbnails/307554902-400x300.jpeg,(Updated: 7 hours ago),https://www.zameen.com/Property/faisalabad_wapda_city_house_for_sale_designer_house_5_bedroom_beautifully_located-54773860-501-1.html,dataset_zameen-property-scraper_2026-09-21_18-39-00-938.csv,dataset_zameen-property-scraper_2026-09-21_18-39-00-938_54773860
2026-09-21T18:39:00.191Z,search,Added: 1 day ago,Titanium,5 Marla,Marla,5.0,Trusted,4.0,3.0,homes,Faisalabad,16,PKR,sale,54749563.0,"Eden Executive, Eden Gardens",18.0,23000000,2.3 Crore,5 Marla Braind New House,https://www.zameen.com/Homes/Faisalabad-16-1.html,Faisalabad · Homes for sale,5 Marla House for Sale Eden Executi,success,https://media.zameen.com/thumbnails/307319761-400x300.jpeg,(Updated: 1 day ago),https://www.zameen.com/Property/eden_gardens_eden_executive_5_marla_braind_new_house-54749563-10765-1.html,dataset_zameen-property-scraper_2026-09-21_18-39-00-938.csv,dataset_zameen-property-scraper_2026-09-21_18-39-00-938_54749563
2026-09-21T18:39:00.270Z,search,Added: 48 minutes ago,,15 Marla,Marla,15.0,Verified,6.0,5.0,homes,Faisalabad,16,PKR,sale,54563138.0,"Wapda City - Block C, Wapda City",35.0,79500000,7.95 Crore,This Is Your Chance To Buy House In Faisalabad,https://www.zameen.com/Homes/Faisalabad-16-1.html,Faisalabad · Homes for sale,"With An Area Spanning 15 Marla, Thi",success,https://media.zameen.com/thumbnails/305541663-400x300.jpeg,,https://www.zameen.com/Property/wapda_city_wapda_city_-_block_c_this_is_your_chance_to_buy_house_in_faisalabad-54563138-5068-1.html,dataset_zameen-property-scraper_2026-09-21_18-39-00-938.csv,dataset_zameen-property-scraper_2026-09-21_18-39-00-938_54563138
2026-09-21T18:39:00.334Z,search,Added: 59 minutes ago,,10 Marla,Marla,10.0,Trusted,6.0,5.0,homes,Faisalabad,16,PKR,sale,54720877.0,"Citi Housing Sargodha Road, Citi Housing",9.0,33000000,3.3 Crore,Brand New 10 Marla House For Sale In Citi Housing Faisalabad Prime Location | Modern Design | Ready To Move,https://www.zameen.com/Homes/Faisalabad-16-1.html,Faisalabad · Homes for sale,Discover your dream home in the pre,success,https://media.zameen.com/thumbnails/307037578-400x300.jpeg,,https://www.zameen.com/Property/citi_housing_citi_housing_sargodha_road_brand_new_10_marla_house_for_sale_in_citi_housing_faisalabad_prime_location_modern_design_ready_to_move-54720877-11229-1.html,dataset_zameen-property-scraper_2026-09-21_18-39-00-938.csv,dataset_zameen-property-scraper_2026-09-21_18-39-00-938_54720877
2026-09-21T18:39:00.383Z,search,Added: 10 hours ago,,10 Marla,Marla,10.0,,6.0,5.0,homes,Faisalabad,16,PKR,sale,54756842.0,"Abdullah Garden, Faisalabad",16.0,61800000,6.18 Crore,10 Marla Beautiful & Lavish House for Sale,https://www.zameen.com/Homes/Faisalabad-16-1.html,Faisalabad · Homes for sale,"9 Marla Luxury House For Sale
 Loca",success,https://media.zameen.com/thumbnails/307386551-400x300.jpeg,,https://www.zameen.com/Property/faisalabad_abdullah_garden_10_marla_beautiful_lavish_house_for_sale-54756842-15268-1.html,dataset_zameen-property-scraper_2026-09-21_18-39-00-938.csv,dataset_zameen-property-scraper_2026-09-21_18-39-00-938_54756842
2026-09-21T18:39:00.428Z,search,Added: 2 days ago,,5 Marla,Marla,5.0,,4.0,3.0,homes,Faisalabad,16,PKR,sale,54144300.0,"Wapda City - Block L, Wapda City",24.0,25500000,2.55 Crore,5 MARLA BRAND NEW HOUSE AVAILABLE FOR SALE,https://www.zameen.com/Homes/Faisalabad-16-1.html,Faisalabad · Homes for sale,"A Prestigious Place To Live in,
 Pr",success,https://media.zameen.com/thumbnails/300538195-400x300.jpeg,(Updated: 2 days ago),https://www.zameen.com/Property/wapda_city_wapda_city_-_block_l_5_marla_brand_new_house_available_for_sale-54144300-5076-1.html,dataset_zameen-property-scraper_2026-09-21_18-39-00-938.csv,dataset_zameen-property-scraper_2026-09-21_18-39-00-938_54144300
2026-09-21T18:39:00.482Z,search,Added: 2 days ago,,10 Marla,Marla,10.0,,5.0,4.0,homes,Faisalabad,16,PKR,sale,54470253.0,"Wapda City, Faisalabad",33.0,47500000,4.75 Crore,"10 MARLA ULTRA MODERN, NEW HOUSE AVAILABLE FOR SALE",https://www.zameen.com/Homes/Faisalabad-16-1.html,Faisalabad · Homes for sale,"A Prestigious Place To Live in,
Pri",success,https://media.zameen.com/thumbnails/304643224-400x300.jpeg,(Updated: 2 days ago),https://www.zameen.com/Property/faisalabad_wapda_city_10_marla_ultra_modern_new_house_available_for_sale-54470253-501-1.html,dataset_zameen-property-scraper_2026-09-21_18-39-00-938.csv,dataset_zameen-property-scraper_2026-09-21_18-39-00-938_54470253
2026-09-21T18:39:00.526Z,search,Added: 4 hours ago,,5 Marla,Marla,5.0,,3.0,5.0,homes,Faisalabad,16,PKR,sale,54619090.0,"Jaranwala Road, Faisalabad",7.0,14000000,1.4 Crore,Double Storey House Is Available For Sale,https://www.zameen.com/Homes/Faisalabad-16-1.html,Faisalabad · Homes for sale,Investment in 5 Marla property shou,success,https://media.zameen.com/thumbnails/306684572-400x300.jpeg,(Updated: 4 hours ago),https://www.zameen.com/Property/faisalabad_jaranwala_road_double_storey_house_is_available_for_sale-54619090-9229-1.html,dataset_zameen-property-scraper_2026-09-21_18-39-00-938.csv,dataset_zameen-property-scraper_2026-09-21_18-39-00-938_54619090
2026-09-21T18:39:00.565Z,search,Added: 4 hours ago,,5 Marla,Marla,5.0,,3.0,3.0,homes,Faisalabad,16,PKR,sale,54640437.0,"TECH Town (TNT Colony), Satiana Road",9.0,11000000,1.1 Crore,Prime Location House For Sale In TECH Town (TNT Colony),https://www.zameen.com/Homes/Faisalabad-16-1.html,Faisalabad · Homes for sale,Hurry up before this 5 Marla House,success,https://media.zameen.com/thumbnails/306684649-400x300.jpeg,,https://www.zameen.com/Property/satiana_road_tech_town_tnt_colony_prime_location_house_for_sale_in_tech_town_tnt_colony-54640437-419-1.html,dataset_zameen-property-scraper_2026-09-21_18-39-00-938.csv,dataset_zameen-property-scraper_2026-09-21_18-39-00-938_54640437
2026-09-21T18:39:00.633Z,search,Added: 4 hours ago,,4 Marla,Marla,4.0,,3.0,4.0,homes,Faisalabad,16,PKR,sale,54699944.0,"Al Najaf Colony, Faisalabad",11.0,14000000,1.4 Crore,Centrally Located Prime Location House In Al Najaf Colony Is Available For sale,https://www.zameen.com/Homes/Faisalabad-16-1.html,Faisalabad · Homes for sale,Recent real estate projects have in,success,https://media.zameen.com/thumbnails/306858919-400x300.jpeg,,https://www.zameen.com/Property/faisalabad_al_najaf_colony_centrally_located_prime_location_house_in_al_najaf_colony_is_available_for_sale-54699944-4902-1.html,dataset_zameen-property-scraper_2026-09-21_18-39-00-938.csv,dataset_zameen-property-scraper_2026-09-21_18-39-00-938_54699944
2026-09-21T18:39:00.688Z,search,Added: 6 hours ago,,4 Marla,Marla,4.0,,4.0,3.0,homes,Faisalabad,16,PKR,sale,54774241.0,"Canal Garden, Faisalabad",22.0,21500000,2.15 Crore,4 Marla Beautiful & Lavish House For Sale,https://www.zameen.com/Homes/Faisalabad-16-1.html,Faisalabad · Homes for sale,"3.7 Marla Luxury House For Sale
 Lo",success,https://media.zameen.com/thumbnails/307558879-400x300.jpeg,(Updated: 6 hours ago),https://www.zameen.com/Property/faisalabad_canal_garden_4_marla_beautiful_lavish_house_for_sale-54774241-8588-1.html,dataset_zameen-property-scraper_2026-09-21_18-39-00-938.csv,dataset_zameen-property-scraper_2026-09-21_18-39-00-938_54774241
2026-09-21T18:39:00.761Z,search,Added: 10 hours ago,,5 Marla,Marla,5.0,,4.0,3.0,homes,Faisalabad,16,PKR,sale,53875933.0,"Eden Valley, Faisalabad",14.0,27000000,2.7 Crore,5 Marla Beautiful & Lavish House For Sale,https://www.zameen.com/Homes/Faisalabad-16-1.html,Faisalabad · Homes for sale,5 Marla Brand New Luxury House For,success,https://media.zameen.com/thumbnails/303125409-400x300.jpeg,(Updated: 10 hours ago),https://www.zameen.com/Property/faisalabad_eden_valley_5_marla_beautiful_lavish_house_for_sale-53875933-8917-1.html,dataset_zameen-property-scraper_2026-09-21_18-39-00-938.csv,dataset_zameen-property-scraper_2026-09-21_18-39-00-938_53875933
2026-09-21T18:39:00.812Z,search,Added: 10 hours ago,,7 Marla,Marla,7.0,,4.0,3.0,homes,Faisalabad,16,PKR,sale,53876022.0,"Canal Road, Faisalabad",19.0,25000000,2.5 Crore,7 Marla Conner Beautiful & Lavish House For Sale,https://www.zameen.com/Homes/Faisalabad-16-1.html,Faisalabad · Homes for sale,"7 Marla Corner house 
 3 Master bed",success,https://media.zameen.com/thumbnails/299843199-400x300.jpeg,,https://www.zameen.com/Property/faisalabad_canal_road_7_marla_conner_beautiful_lavish_house_for_sale-53876022-1140-1.html,dataset_zameen-property-scraper_2026-09-21_18-39-00-938.csv,dataset_zameen-property-scraper_2026-09-21_18-39-00-938_53876022
2026-09-21T18:39:00.873Z,search,Added: 10 hours ago,,5 Marla,Marla,5.0,,5.0,3.0,homes,Faisalabad,16,PKR,sale,53876177.0,"Eden Executive, Eden Gardens",30.0,25000000,2.5 Crore,5 Marla Beautiful & Lavish House For Sale,https://www.zameen.com/Homes/Faisalabad-16-1.html,Faisalabad · Homes for sale,5 marla brand new solid built house,success,https://media.zameen.com/thumbnails/299842998-400x300.jpeg,(Updated: 10 hours ago),https://www.zameen.com/Property/eden_gardens_eden_executive_5_marla_beautiful_lavish_house_for_sale-53876177-10765-1.html,dataset_zameen-property-scraper_2026-09-21_18-39-00-938.csv,dataset_zameen-property-scraper_2026-09-21_18-39-00-938_53876177
2026-09-21T18:39:00.923Z,search,Added: 10 hours ago,,1 Kanal,Kanal,1.0,,7.0,5.0,homes,Faisalabad,16,PKR,sale,54496692.0,"Abdullah Gardens, East Canal Road",27.0,140000000,14 Crore,20 Marla Beautiful Furnished & Lavish House For Sale,https://www.zameen.com/Homes/Faisalabad-16-1.html,Faisalabad · Homes for sale,20 Marla Beautiful Furnished & Lavi,success,https://media.zameen.com/thumbnails/304906232-400x300.jpeg,(Updated: 10 hours ago),https://www.zameen.com/Property/east_canal_road_abdullah_gardens_20_marla_beautiful_furnished_lavish_house_for_sale-54496692-4890-1.html,dataset_zameen-property-scraper_2026-09-21_18-39-00-938.csv,dataset_zameen-property-scraper_2026-09-21_18-39-00-938_54496692
2026-09-21T18:40:05.251Z,search,Added: 10 hours ago,Titanium,2 Marla,Marla,2.0,super hot,,,rentals,Faisalabad,16,PKR,rent,54646940.0,"Wapda City, Faisalabad",9.0,40000,40 Thousand,New Furnished Room For Rent Umer Heights Wapda City Faisalabad,https://www.zameen.com/Rentals/Faisalabad-16-1.html,Faisalabad · Homes for rent,Beautiful Newly Furnished Room Avai,success,https://media.zameen.com/thumbnails/306341907-400x300.jpeg,(Updated: 10 hours ago),https://www.zameen.com/Property/faisalabad_wapda_city_new_furnished_room_for_rent_umer_heights_wapda_city_faisalabad-54646940-501-4.html,dataset_zameen-property-scraper_2026-09-21_18-40-06-934.csv,dataset_zameen-property-scraper_2026-09-21_18-40-06-934_54646940
2026-09-21T18:40:05.399Z,search,Added: 3 days ago,Titanium,1 Kanal,Kanal,1.0,super hot,4.0,4.0,rentals,Faisalabad,16,PKR,rent,54695420.0,"Abdullah Gardens, East Canal Road",4.0,160000,1.6 Lakh,1 Kanal House Upper Portion For Rent In Abdullah Garden Canal Road Faisalabad,https://www.zameen.com/Rentals/Faisalabad-16-1.html,Faisalabad · Homes for rent,"1 Kanal House
Abdullah Garden 
Uppe",success,https://media.zameen.com/thumbnails/306798919-400x300.jpeg,,https://www.zameen.com/Property/east_canal_road_abdullah_gardens_1_kanal_house_upper_portion_for_rent_in_abdullah_garden_canal_road_faisalabad-54695420-4890-4.html,dataset_zameen-property-scraper_2026-09-21_18-40-06-934.csv,dataset_zameen-property-scraper_2026-09-21_18-40-06-934_54695420
2026-09-21T18:40:05.459Z,search,Added: 2 weeks ago,Titanium,3.3 Marla,Marla,3.3,super hot,2.0,2.0,rentals,Faisalabad,16,PKR,rent,54646939.0,"Wapda City, Faisalabad",15.0,70000,70 Thousand,Luxury Furnished Room Flat For Rent In Umer Heights Wapda City Faisalabad,https://www.zameen.com/Rentals/Faisalabad-16-1.html,Faisalabad · Homes for rent,A beautifully designed newly furnis,success,https://media.zameen.com/thumbnails/306341877-400x300.jpeg,(Updated: 2 days ago),https://www.zameen.com/Property/faisalabad_wapda_city_luxury_furnished_room_flat_for_rent_in_umer_heights_wapda_city_faisalabad-54646939-501-4.html,dataset_zameen-property-scraper_2026-09-21_18-40-06-934.csv,dataset_zameen-property-scraper_2026-09-21_18-40-06-934_54646939
2026-09-21T18:40:05.518Z,search,Added: 1 day ago,,15 Marla,Marla,15.0,super hot,4.0,4.0,rentals,Faisalabad,16,PKR,rent,54768811.0,"Khayaban Colony, Faisalabad",7.0,160000,1.6 Lakh,15 Marla Spacious House Available In Khayaban Colony For Rent,https://www.zameen.com/Rentals/Faisalabad-16-1.html,Faisalabad · Homes for rent,This House Has Good Value For Money,success,https://media.zameen.com/thumbnails/307509216-400x300.jpeg,(Updated: 1 day ago),https://www.zameen.com/Property/faisalabad_khayaban_colony_15_marla_spacious_house_available_in_khayaban_colony_for_rent-54768811-4980-4.html,dataset_zameen-property-scraper_2026-09-21_18-40-06-934.csv,dataset_zameen-property-scraper_2026-09-21_18-40-06-934_54768811
2026-09-21T18:40:05.604Z,search,Added: 2 days ago,,5 Marla,Marla,5.0,super hot,4.0,3.0,rentals,Faisalabad,16,PKR,rent,54711466.0,"Model City 1, Canal Road",10.0,90000,90 Thousand,5-Marla Beautiful House Available For Rent,https://www.zameen.com/Rentals/Faisalabad-16-1.html,Faisalabad · Homes for rent,5 Marla house available for rent,success,https://media.zameen.com/thumbnails/306957056-400x300.jpeg,,https://www.zameen.com/Property/canal_road_model_city_1_5-marla_beautiful_house_available_for_rent-54711466-8590-4.html,dataset_zameen-property-scraper_2026-09-21_18-40-06-934.csv,dataset_zameen-property-scraper_2026-09-21_18-40-06-934_54711466
2026-09-21T18:40:05.664Z,search,Added: 4 days ago,,5 Marla,Marla,5.0,super hot,4.0,3.0,rentals,Faisalabad,16,PKR,rent,54698838.0,"Eden Orchard, Faisalabad",23.0,80000,80 Thousand,5 Marla Double Storey House Available For Rent,https://www.zameen.com/Rentals/Faisalabad-16-1.html,Faisalabad · Homes for rent,5 Marla Double Story House Availabl,success,https://media.zameen.com/thumbnails/306831693-400x300.jpeg,(Updated: 2 days ago),https://www.zameen.com/Property/faisalabad_eden_orchard_5_marla_double_storey_house_available_for_rent-54698838-11162-4.html,dataset_zameen-property-scraper_2026-09-21_18-40-06-934.csv,dataset_zameen-property-scraper_2026-09-21_18-40-06-934_54698838
2026-09-21T18:40:05.706Z,search,Added: 6 days ago,,5 Marla,Marla,5.0,super hot,4.0,3.0,rentals,Faisalabad,16,PKR,rent,54727706.0,"Eden Orchard, Faisalabad",8.0,90000,90 Thousand,Beautiful Neat Clean House,https://www.zameen.com/Rentals/Faisalabad-16-1.html,Faisalabad · Homes for rent,Drowning Store Big Car Gerage 2 Kit,success,https://media.zameen.com/thumbnails/307103694-400x300.jpeg,(Updated: 23 hours ago),https://www.zameen.com/Property/faisalabad_eden_orchard_beautiful_neat_clean_house-54727706-11162-4.html,dataset_zameen-property-scraper_2026-09-21_18-40-06-934.csv,dataset_zameen-property-scraper_2026-09-21_18-40-06-934_54727706
2026-09-21T18:40:05.829Z,search,Added: 3 weeks ago,,5 Marla,Marla,5.0,super hot,5.0,4.0,rentals,Faisalabad,16,PKR,rent,53698769.0,"Eden Orchard, Faisalabad",23.0,80000,80 Thousand,5 Marla Like Brand New Double Storey House Available For Rent,https://www.zameen.com/Rentals/Faisalabad-16-1.html,Faisalabad · Homes for rent,5 Marla Like Brand New Double Story,success,https://media.zameen.com/thumbnails/305030696-400x300.jpeg,(Updated: 4 days ago),https://www.zameen.com/Property/faisalabad_eden_orchard_5_marla_like_brand_new_double_storey_house_available_for_rent-53698769-11162-4.html,dataset_zameen-property-scraper_2026-09-21_18-40-06-934.csv,dataset_zameen-property-scraper_2026-09-21_18-40-06-934_53698769
2026-09-21T18:40:05.888Z,search,Added: 3 weeks ago,,3 Marla,Marla,3.0,super hot,2.0,4.0,rentals,Faisalabad,16,PKR,rent,52819197.0,"Millat Chowk, Faisalabad",,25000,25 Thousand,Best Options For House Is Available For Rent In Millat Chowk,https://www.zameen.com/Rentals/Faisalabad-16-1.html,Faisalabad · Homes for rent,A House Like This Doesn&#x27;T Come Arou,success,https://images.zameen.com/smap/400/300/31.447442/73.096751/image.jpeg?quality=80&imageformat=jpeg,(Updated: 4 days ago),https://www.zameen.com/Property/faisalabad_millat_chowk_best_options_for_house_is_available_for_rent_in_millat_chowk-52819197-11865-4.html,dataset_zameen-property-scraper_2026-09-21_18-40-06-934.csv,dataset_zameen-property-scraper_2026-09-21_18-40-06-934_52819197
2026-09-21T18:40:05.929Z,search,Added: 3 weeks ago,,3 Marla,Marla,3.0,super hot,2.0,2.0,rentals,Faisalabad,16,PKR,rent,53320510.0,"Gulistan Colony No 1, Faisalabad",,25000,25 Thousand,Ideal Lower Portion For Rent In Gulistan Colony No 1,https://www.zameen.com/Rentals/Faisalabad-16-1.html,Faisalabad · Homes for rent,Now you can enjoy some of the most,success,https://images.zameen.com/smap/400/300/31.441735/73.100789/image.jpeg?quality=80&imageformat=jpeg,(Updated: 4 days ago),https://www.zameen.com/Property/faisalabad_gulistan_colony_no_1_ideal_lower_portion_for_rent_in_gulistan_colony_no_1-53320510-1073-4.html,dataset_zameen-property-scraper_2026-09-21_18-40-06-934.csv,dataset_zameen-property-scraper_2026-09-21_18-40-06-934_53320510
2026-09-21T18:40:05.994Z,search,Added: 2 days ago,Titanium,7 Marla,Marla,7.0,Trusted,5.0,4.0,rentals,Faisalabad,16,PKR,rent,54566173.0,"Eden Valley, Faisalabad",4.0,200000,2 Lakh,7 Marla House For Rent Eden Valley,https://www.zameen.com/Rentals/Faisalabad-16-1.html,Faisalabad · Homes for rent,You can find many property options,success,https://media.zameen.com/thumbnails/307461928-400x300.jpeg,(Updated: 2 days ago),https://www.zameen.com/Property/faisalabad_eden_valley_7_marla_house_for_rent_eden_valley-54566173-8917-4.html,dataset_zameen-property-scraper_2026-09-21_18-40-06-934.csv,dataset_zameen-property-scraper_2026-09-21_18-40-06-934_54566173
2026-09-21T18:40:06.061Z,search,Added: 1 day ago,Titanium,10 Marla,Marla,10.0,Trusted,6.0,5.0,rentals,Faisalabad,16,PKR,rent,54768875.0,"Eden Executive, Eden Gardens",1.0,160000,1.6 Lakh,10 Marla Eden Executive 5 bed House,https://www.zameen.com/Rentals/Faisalabad-16-1.html,Faisalabad · Homes for rent,"5 Bed House Eden valley 
Rent",success,https://media.zameen.com/thumbnails/307509896-400x300.jpeg,,https://www.zameen.com/Property/eden_gardens_eden_executive_10_marla_eden_executive_5_bed_house-54768875-10765-4.html,dataset_zameen-property-scraper_2026-09-21_18-40-06-934.csv,dataset_zameen-property-scraper_2026-09-21_18-40-06-934_54768875
2026-09-21T18:40:06.122Z,search,Added: 2 days ago,,1 Kanal,Kanal,1.0,Verified,3.0,4.0,rentals,Faisalabad,16,PKR,rent,54485044.0,"Wapda City - Block K, Wapda City",20.0,90000,90 Thousand,1 Kanal Upper Portion Available For Rent,https://www.zameen.com/Rentals/Faisalabad-16-1.html,Faisalabad · Homes for rent,1 Kanal Uper Portion Available For,success,https://media.zameen.com/thumbnails/304792912-400x300.jpeg,,https://www.zameen.com/Property/wapda_city_wapda_city_-_block_k_1_kanal_upper_portion_available_for_rent-54485044-5075-4.html,dataset_zameen-property-scraper_2026-09-21_18-40-06-934.csv,dataset_zameen-property-scraper_2026-09-21_18-40-06-934_54485044
2026-09-21T18:40:06.165Z,search,Added: 3 days ago,,10 Marla,Marla,10.0,,5.0,4.0,rentals,Faisalabad,16,PKR,rent,54615570.0,"Canal Road, Faisalabad",29.0,225000,2.25 Lakh,"Model City 5 Marla 3 Bed, Drawing, Fully Furnish House With Everything Installed. Rent 2.25 Lac Per Month Negotiable.",https://www.zameen.com/Rentals/Faisalabad-16-1.html,Faisalabad · Homes for rent,Fully furnish houses with electroni,success,https://media.zameen.com/thumbnails/306037170-400x300.jpeg,(Updated: 3 days ago),https://www.zameen.com/Property/faisalabad_canal_road_model_city_5_marla_3_bed_drawing_fully_furnish_house_with_everything_installed_rent_2_25_lac_per_month_negotiable-54615570-1140-4.html,dataset_zameen-property-scraper_2026-09-21_18-40-06-934.csv,dataset_zameen-property-scraper_2026-09-21_18-40-06-934_54615570
2026-09-21T18:40:06.217Z,search,Added: 3 days ago,,8 Marla,Marla,8.0,,5.0,4.0,rentals,Faisalabad,16,PKR,rent,52897444.0,"Canal Road, Faisalabad",12.0,125000,1.25 Lakh,8 Marla Fully Furnished House Available For Rent,https://www.zameen.com/Rentals/Faisalabad-16-1.html,Faisalabad · Homes for rent,"""8 Marla ka fully finished double s",success,https://media.zameen.com/thumbnails/303331168-400x300.jpeg,,https://www.zameen.com/Property/faisalabad_canal_road_8_marla_fully_furnished_house_available_for_rent-52897444-1140-4.html,dataset_zameen-property-scraper_2026-09-21_18-40-06-934.csv,dataset_zameen-property-scraper_2026-09-21_18-40-06-934_52897444
2026-09-21T18:40:06.289Z,search,Added: 3 days ago,,6 Marla,Marla,6.0,,5.0,5.0,rentals,Faisalabad,16,PKR,rent,53475864.0,"Canal Road, Faisalabad",22.0,120000,1.2 Lakh,6 Marla Brand New Double Storey House Available For Rent,https://www.zameen.com/Rentals/Faisalabad-16-1.html,Faisalabad · Homes for rent,This property at Rs. 120000 comes w,success,https://media.zameen.com/thumbnails/302473956-400x300.jpeg,(Updated: 3 days ago),https://www.zameen.com/Property/faisalabad_canal_road_6_marla_brand_new_double_storey_house_available_for_rent-53475864-1140-4.html,dataset_zameen-property-scraper_2026-09-21_18-40-06-934.csv,dataset_zameen-property-scraper_2026-09-21_18-40-06-934_53475864
2026-09-21T18:40:06.369Z,search,Added: 3 days ago,,1 Kanal,Kanal,1.0,,5.0,5.0,rentals,Faisalabad,16,PKR,rent,53704356.0,"Canal Road, Faisalabad",37.0,300000,3 Lakh,1 Kanal Fully Furnished House (Move-In Ready),https://www.zameen.com/Rentals/Faisalabad-16-1.html,Faisalabad · Homes for rent,Our listing is the best choice for,success,https://media.zameen.com/thumbnails/303344028-400x300.jpeg,(Updated: 3 days ago),https://www.zameen.com/Property/faisalabad_canal_road_1_kanal_fully_furnished_house_move-in_ready-53704356-1140-4.html,dataset_zameen-property-scraper_2026-09-21_18-40-06-934.csv,dataset_zameen-property-scraper_2026-09-21_18-40-06-934_53704356
2026-09-21T18:40:06.418Z,search,Added: 12 hours ago,,3 Marla,Marla,3.0,Verified,,,rentals,Faisalabad,16,PKR,rent,54736598.0,"Faisal Town, Faisalabad",6.0,35000,35 Thousand,Faisal Town House For Rent Sized 3 Marla,https://www.zameen.com/Rentals/Faisalabad-16-1.html,Faisalabad · Homes for rent,Your property search ends right her,success,https://media.zameen.com/thumbnails/307196852-400x300.jpeg,,https://www.zameen.com/Property/faisalabad_faisal_town_faisal_town_house_for_rent_sized_3_marla-54736598-1361-4.html,dataset_zameen-property-scraper_2026-09-21_18-40-06-934.csv,dataset_zameen-property-scraper_2026-09-21_18-40-06-934_54736598
2026-09-21T18:40:06.599Z,search,Added: 12 hours ago,,3 Marla,Marla,3.0,Verified,,,rentals,Faisalabad,16,PKR,rent,54736599.0,"Faisal Town, Faisalabad",6.0,35000,35 Thousand,Faisal Town House For Rent Sized 3 Marla,https://www.zameen.com/Rentals/Faisalabad-16-1.html,Faisalabad · Homes for rent,"Faisal Town is best for living, so",success,https://media.zameen.com/thumbnails/307196856-400x300.jpeg,,https://www.zameen.com/Property/faisalabad_faisal_town_faisal_town_house_for_rent_sized_3_marla-54736599-1361-4.html,dataset_zameen-property-scraper_2026-09-21_18-40-06-934.csv,dataset_zameen-property-scraper_2026-09-21_18-40-06-934_54736599
2026-09-21T18:40:06.679Z,search,Added: 12 hours ago,,5 Marla,Marla,5.0,Verified,,,rentals,Faisalabad,16,PKR,rent,54736601.0,"Madina Town, Faisalabad",5.0,28000,28 Thousand,Prime Location 5 Marla Lower Portion Is Available In Affordable Price In Madina Town,https://www.zameen.com/Rentals/Faisalabad-16-1.html,Faisalabad · Homes for rent,A price of PKR Rs. 28000 for this p,success,https://media.zameen.com/thumbnails/307196864-400x300.jpeg,,https://www.zameen.com/Property/faisalabad_madina_town_prime_location_5_marla_lower_portion_is_available_in_affordable_price_in_madina_town-54736601-533-4.html,dataset_zameen-property-scraper_2026-09-21_18-40-06-934.csv,dataset_zameen-property-scraper_2026-09-21_18-40-06-934_54736601
2026-09-21T18:40:06.735Z,search,Added: 12 hours ago,,5 Marla,Marla,5.0,Verified,,,rentals,Faisalabad,16,PKR,rent,54736602.0,"Madina Town, Faisalabad",5.0,28000,28 Thousand,Prime Location 5 Marla Lower Portion Is Available In Affordable Price In Madina Town,https://www.zameen.com/Rentals/Faisalabad-16-1.html,Faisalabad · Homes for rent,When you have a property of 5 Marla,success,https://media.zameen.com/thumbnails/307196869-400x300.jpeg,,https://www.zameen.com/Property/faisalabad_madina_town_prime_location_5_marla_lower_portion_is_available_in_affordable_price_in_madina_town-54736602-533-4.html,dataset_zameen-property-scraper_2026-09-21_18-40-06-934.csv,dataset_zameen-property-scraper_2026-09-21_18-40-06-934_54736602
2026-09-21T18:40:06.789Z,search,Added: 12 hours ago,,5 Marla,Marla,5.0,Verified,,,rentals,Faisalabad,16,PKR,rent,54736607.0,"Saeed Colony - New Garden Block, Saeed Colony",6.0,65000,65 Thousand,Spacious 5 Marla House Available For Rent In Saeed Colony - New Garden Block,https://www.zameen.com/Rentals/Faisalabad-16-1.html,Faisalabad · Homes for rent,A price of PKR Rs. 65000 is quite r,success,https://media.zameen.com/thumbnails/307196900-400x300.jpeg,,https://www.zameen.com/Property/saeed_colony_saeed_colony_-_new_garden_block_spacious_5_marla_house_available_for_rent_in_saeed_colony_-_new_garden_block-54736607-11202-4.html,dataset_zameen-property-scraper_2026-09-21_18-40-06-934.csv,dataset_zameen-property-scraper_2026-09-21_18-40-06-934_54736607
2026-09-21T18:40:06.828Z,search,Added: 12 hours ago,,3 Marla,Marla,3.0,Verified,,,rentals,Faisalabad,16,PKR,rent,54736610.0,"Faisal Town, Faisalabad",6.0,35000,35 Thousand,Faisal Town House For Rent Sized 3 Marla,https://www.zameen.com/Rentals/Faisalabad-16-1.html,Faisalabad · Homes for rent,You can find abundant options for s,success,https://media.zameen.com/thumbnails/307196965-400x300.jpeg,,https://www.zameen.com/Property/faisalabad_faisal_town_faisal_town_house_for_rent_sized_3_marla-54736610-1361-4.html,dataset_zameen-property-scraper_2026-09-21_18-40-06-934.csv,dataset_zameen-property-scraper_2026-09-21_18-40-06-934_54736610
2026-09-21T18:40:06.861Z,search,Added: 12 hours ago,,5 Marla,Marla,5.0,Verified,,,rentals,Faisalabad,16,PKR,rent,54736611.0,"Amin Town, Faisalabad",5.0,60000,60 Thousand,Ideal 5 Marla House Has Landed On Market In Amin Town,https://www.zameen.com/Rentals/Faisalabad-16-1.html,Faisalabad · Homes for rent,Based on our experience with numero,success,https://media.zameen.com/thumbnails/307196918-400x300.jpeg,,https://www.zameen.com/Property/faisalabad_amin_town_ideal_5_marla_house_has_landed_on_market_in_amin_town-54736611-1362-4.html,dataset_zameen-property-scraper_2026-09-21_18-40-06-934.csv,dataset_zameen-property-scraper_2026-09-21_18-40-06-934_54736611
2026-09-21T18:40:06.902Z,search,Added: 12 hours ago,,5 Marla,Marla,5.0,Verified,,,rentals,Faisalabad,16,PKR,rent,54736612.0,"Zia Town, Chak 208 Road",5.0,58000,58 Thousand,Spacious House Is Available In Zia Town For Rent,https://www.zameen.com/Rentals/Faisalabad-16-1.html,Faisalabad · Homes for rent,The House is great for families who,success,https://media.zameen.com/thumbnails/307196976-400x300.jpeg,,https://www.zameen.com/Property/chak_208_road_zia_town_spacious_house_is_available_in_zia_town_for_rent-54736612-13747-4.html,dataset_zameen-property-scraper_2026-09-21_18-40-06-934.csv,dataset_zameen-property-scraper_2026-09-21_18-40-06-934_54736612
2026-09-21T19:24:20.963Z,search,Added: 3 days ago,Titanium,504 sqft,sqft,504.0,Trusted,2.0,2.0,flats,Faisalabad,16,PKR,sale,54428649.0,"Lyallpur Galleria, East Canal Road",,15000000,1.5 Crore,Apartment 504 Sqft Layelpur Galleria,https://www.zameen.com/Flats_Apartments/Faisalabad-16-1.html,Faisalabad · Flats & apartments for sale,"504 sft
2 bed Apartment 
5th floor",success,https://images.zameen.com/smap/400/300/31.438102/73.131828/image.jpeg?quality=80&imageformat=jpeg,(Updated: 1 day ago),https://www.zameen.com/Property/east_canal_road_lyallpur_galleria_apartment_504_sqft_layelpur_galleria-54428649-10499-1.html,dataset_zameen-property-scraper_2026-09-21_19-24-22-552.csv,dataset_zameen-property-scraper_2026-09-21_19-24-22-552_54428649
2026-09-21T19:24:21.039Z,search,Added: 2 weeks ago,Titanium,506 sqft,sqft,506.0,Trusted,2.0,2.0,flats,Faisalabad,16,PKR,sale,54706167.0,"Lyallpur Galleria, East Canal Road",7.0,13000000,1.3 Crore,2 Bed Apartment For Sale In Layalpur Galleria East Canal Road Best Location Hot Location Near Commercial Near Food Court Best Rental Income Best For Investment,https://www.zameen.com/Flats_Apartments/Faisalabad-16-1.html,Faisalabad · Flats & apartments for sale,Let us help you narrow down popular,success,https://media.zameen.com/thumbnails/306905018-400x300.jpeg,(Updated: 1 day ago),https://www.zameen.com/Property/east_canal_road_lyallpur_galleria_2_bed_apartment_for_sale_in_layalpur_galleria_east_canal_road_best_location_hot_location_near_commercial_near_food_court_best_rental_income_best_for_investment-54706167-10499-1.html,dataset_zameen-property-scraper_2026-09-21_19-24-22-552.csv,dataset_zameen-property-scraper_2026-09-21_19-24-22-552_54706167
2026-09-21T19:24:21.087Z,search,Added: 5 hours ago,,552 sqft,sqft,552.0,,1.0,1.0,flats,Faisalabad,16,PKR,sale,54640438.0,"West Canal Residences, Canal Expressway",8.0,13200000,1.32 Crore,Beautiful Furnished Apartment Available On Prime Location,https://www.zameen.com/Flats_Apartments/Faisalabad-16-1.html,Faisalabad · Flats & apartments for sale,A Flat in West Canal Residences is,success,https://media.zameen.com/thumbnails/306684586-400x300.jpeg,(Updated: 5 hours ago),https://www.zameen.com/Property/canal_expressway_west_canal_residences_beautiful_furnished_apartment_available_on_prime_location-54640438-20236-1.html,dataset_zameen-property-scraper_2026-09-21_19-24-22-552.csv,dataset_zameen-property-scraper_2026-09-21_19-24-22-552_54640438
2026-09-21T19:24:21.218Z,search,Added: 15 hours ago,,784 sqft,sqft,784.0,Verified,2.0,2.0,flats,Faisalabad,16,PKR,sale,54771081.0,"Green Orchard - Block B, Green Orchard",6.0,10500000,1.05 Crore,Fully Furnished Apartment Available For Sale At Lower Canal Road On Easy Installment,https://www.zameen.com/Flats_Apartments/Faisalabad-16-1.html,Faisalabad · Flats & apartments for sale,With the current boom in Faisalabad,success,https://media.zameen.com/thumbnails/307530596-400x300.jpeg,(Updated: 15 hours ago),https://www.zameen.com/Property/green_orchard_green_orchard_-_block_b_fully_furnished_apartment_available_for_sale_at_lower_canal_road_on_easy_installment-54771081-19743-1.html,dataset_zameen-property-scraper_2026-09-21_19-24-22-552.csv,dataset_zameen-property-scraper_2026-09-21_19-24-22-552_54771081
2026-09-21T19:24:21.260Z,search,Added: 15 hours ago,,325 sqft,sqft,325.0,Verified,1.0,1.0,flats,Faisalabad,16,PKR,sale,54771075.0,"Kohinoor One, Jaranwala Road",5.0,3500000,35 Lakh,Flat Available For Sale At Jaranwala Road Faisalabad,https://www.zameen.com/Flats_Apartments/Faisalabad-16-1.html,Faisalabad · Flats & apartments for sale,A Flat you have been looking to buy,success,https://media.zameen.com/thumbnails/307530541-400x300.jpeg,(Updated: 15 hours ago),https://www.zameen.com/Property/jaranwala_road_kohinoor_one_flat_available_for_sale_at_jaranwala_road_faisalabad-54771075-12286-1.html,dataset_zameen-property-scraper_2026-09-21_19-24-22-552.csv,dataset_zameen-property-scraper_2026-09-21_19-24-22-552_54771075
2026-09-21T19:24:21.315Z,search,Added: 15 hours ago,,325 sqft,sqft,325.0,Verified,1.0,1.0,flats,Faisalabad,16,PKR,sale,54771072.0,"Kohinoor One, Jaranwala Road",5.0,3500000,35 Lakh,Flat Available For Sale At Jaranwala Road Faisalabad,https://www.zameen.com/Flats_Apartments/Faisalabad-16-1.html,Faisalabad · Flats & apartments for sale,The spacious property for sale come,success,https://media.zameen.com/thumbnails/307530530-400x300.jpeg,(Updated: 15 hours ago),https://www.zameen.com/Property/jaranwala_road_kohinoor_one_flat_available_for_sale_at_jaranwala_road_faisalabad-54771072-12286-1.html,dataset_zameen-property-scraper_2026-09-21_19-24-22-552.csv,dataset_zameen-property-scraper_2026-09-21_19-24-22-552_54771072
2026-09-21T19:24:21.369Z,search,Added: 3 days ago,,504 sqft,sqft,504.0,,2.0,2.0,flats,Faisalabad,16,PKR,sale,54764292.0,"Lyallpur Galleria, East Canal Road",,11500000,1.15 Crore,504 Sq Feet Appartment For Sale Lyallpur Galleria 1,https://www.zameen.com/Flats_Apartments/Faisalabad-16-1.html,Faisalabad · Flats & apartments for sale,"5 th Floor
Lyallpur Galleria 1
Best",success,https://images.zameen.com/smap/400/300/31.438102/73.131828/image.jpeg?quality=80&imageformat=jpeg,(Updated: 14 hours ago),https://www.zameen.com/Property/east_canal_road_lyallpur_galleria_504_sq_feet_appartment_for_sale_lyallpur_galleria_1-54764292-10499-1.html,dataset_zameen-property-scraper_2026-09-21_19-24-22-552.csv,dataset_zameen-property-scraper_2026-09-21_19-24-22-552_54764292
2026-09-21T19:24:21.420Z,search,Added: 3 days ago,Titanium,675 sqft,sqft,675.0,Trusted,2.0,2.0,flats,Faisalabad,16,PKR,sale,54296126.0,"Green Orchard Apartments, Lower Canal Road",21.0,13000000,1.3 Crore,3 Marla Fully Furnished Apartment For Sale,https://www.zameen.com/Flats_Apartments/Faisalabad-16-1.html,Faisalabad · Flats & apartments for sale,Green Orchard Apartments 3 Marla Fu,success,https://media.zameen.com/thumbnails/302453911-400x300.jpeg,(Updated: 1 day ago),https://www.zameen.com/Property/lower_canal_road_green_orchard_apartments_3_marla_fully_furnished_apartment_for_sale-54296126-19726-1.html,dataset_zameen-property-scraper_2026-09-21_19-24-22-552.csv,dataset_zameen-property-scraper_2026-09-21_19-24-22-552_54296126
2026-09-21T19:24:21.486Z,search,Added: 3 days ago,,504 sqft,sqft,504.0,,2.0,2.0,flats,Faisalabad,16,PKR,sale,54736261.0,"Lyallpur Galleria, East Canal Road",,15000000,1.5 Crore,5th Floor Apartment Available For Sale.,https://www.zameen.com/Flats_Apartments/Faisalabad-16-1.html,Faisalabad · Flats & apartments for sale,All the properties located in the m,success,https://images.zameen.com/smap/400/300/31.438102/73.131828/image.jpeg?quality=80&imageformat=jpeg,(Updated: 1 day ago),https://www.zameen.com/Property/east_canal_road_lyallpur_galleria_5th_floor_apartment_available_for_sale-54736261-10499-1.html,dataset_zameen-property-scraper_2026-09-21_19-24-22-552.csv,dataset_zameen-property-scraper_2026-09-21_19-24-22-552_54736261
2026-09-21T19:24:21.551Z,search,Added: 6 days ago,,450 sqft,sqft,450.0,,1.0,2.0,flats,Faisalabad,16,PKR,sale,54489741.0,"Madina Town, Faisalabad",16.0,4500000,45 Lakh,Apartment For Sale Madina Town Near Susan Road FDA Flat,https://www.zameen.com/Flats_Apartments/Faisalabad-16-1.html,Faisalabad · Flats & apartments for sale,Apartment For Sale Madina Town Near,success,https://media.zameen.com/thumbnails/304837178-400x300.jpeg,(Updated: 1 day ago),https://www.zameen.com/Property/faisalabad_madina_town_apartment_for_sale_madina_town_near_susan_road_fda_flat-54489741-533-1.html,dataset_zameen-property-scraper_2026-09-21_19-24-22-552.csv,dataset_zameen-property-scraper_2026-09-21_19-24-22-552_54489741
2026-09-21T19:24:21.614Z,search,Added: 1 week ago,Titanium,614 sqft,sqft,614.0,Trusted,1.0,1.0,flats,Faisalabad,16,PKR,sale,54744040.0,"Naturals Club & Resort, Faisalabad",,19000000,1.9 Crore,"Luxury Apartments For Sale In Naturals Club & Resort, Faisalabad",https://www.zameen.com/Flats_Apartments/Faisalabad-16-1.html,Faisalabad · Flats & apartments for sale,Luxury Apartments for Sale in Natur,success,https://images.zameen.com/smap/400/300/31.588398674777/73.266809030767/image.jpeg?quality=80&imageformat=jpeg,(Updated: 1 day ago),https://www.zameen.com/Property/faisalabad_naturals_club_resort_luxury_apartments_for_sale_in_naturals_club_resort_faisalabad-54744040-21754-1.html,dataset_zameen-property-scraper_2026-09-21_19-24-22-552.csv,dataset_zameen-property-scraper_2026-09-21_19-24-22-552_54744040
2026-09-21T19:24:21.656Z,search,Added: 2 weeks ago,,325 sqft,sqft,325.0,Verified,1.0,1.0,flats,Faisalabad,16,PKR,sale,54654581.0,"Kohinoor One, Jaranwala Road",5.0,3500000,35 Lakh,Flat Available For Sale At Jaranwala Road Faisalabad,https://www.zameen.com/Flats_Apartments/Faisalabad-16-1.html,Faisalabad · Flats & apartments for sale,Living in Flat in Faisalabad is an,success,https://media.zameen.com/thumbnails/306410257-400x300.jpeg,(Updated: 1 day ago),https://www.zameen.com/Property/jaranwala_road_kohinoor_one_flat_available_for_sale_at_jaranwala_road_faisalabad-54654581-12286-1.html,dataset_zameen-property-scraper_2026-09-21_19-24-22-552.csv,dataset_zameen-property-scraper_2026-09-21_19-24-22-552_54654581
2026-09-21T19:24:21.712Z,search,Added: 2 weeks ago,,675 sqft,sqft,675.0,Verified,,,flats,Faisalabad,16,PKR,sale,54640069.0,"Green Orchard Apartments, Lower Canal Road",6.0,9500000,95 Lakh,Buy 675 Square Feet Flat At Highly Affordable Price,https://www.zameen.com/Flats_Apartments/Faisalabad-16-1.html,Faisalabad · Flats & apartments for sale,"At a price like this, the Flat is t",success,https://media.zameen.com/thumbnails/306270520-400x300.jpeg,(Updated: 1 day ago),https://www.zameen.com/Property/lower_canal_road_green_orchard_apartments_buy_675_square_feet_flat_at_highly_affordable_price-54640069-19726-1.html,dataset_zameen-property-scraper_2026-09-21_19-24-22-552.csv,dataset_zameen-property-scraper_2026-09-21_19-24-22-552_54640069
2026-09-21T19:24:21.786Z,search,Added: 4 weeks ago,Titanium,675 sqft,sqft,675.0,Trusted,2.0,2.0,flats,Faisalabad,16,PKR,sale,54348608.0,"Green Orchard Apartments, Lower Canal Road",15.0,13000000,1.3 Crore,3 Marla Fully Furnished Apartments For Sale,https://www.zameen.com/Flats_Apartments/Faisalabad-16-1.html,Faisalabad · Flats & apartments for sale,Green Orchard Apartments 3 Marla Fu,success,https://media.zameen.com/thumbnails/302453464-400x300.jpeg,(Updated: 4 days ago),https://www.zameen.com/Property/lower_canal_road_green_orchard_apartments_3_marla_fully_furnished_apartments_for_sale-54348608-19726-1.html,dataset_zameen-property-scraper_2026-09-21_19-24-22-552.csv,dataset_zameen-property-scraper_2026-09-21_19-24-22-552_54348608
2026-09-21T19:24:21.840Z,search,Added: 1 month ago,,675 sqft,sqft,675.0,Verified,,,flats,Faisalabad,16,PKR,sale,54630667.0,"Green Orchard Apartments, Lower Canal Road",7.0,15000000,1.5 Crore,Flat For Grabs In 675 Square Feet Faisalabad,https://www.zameen.com/Flats_Apartments/Faisalabad-16-1.html,Faisalabad · Flats & apartments for sale,Faisalabad is a great urban centre,success,https://media.zameen.com/thumbnails/306169872-400x300.jpeg,(Updated: 4 days ago),https://www.zameen.com/Property/lower_canal_road_green_orchard_apartments_flat_for_grabs_in_675_square_feet_faisalabad-54630667-19726-1.html,dataset_zameen-property-scraper_2026-09-21_19-24-22-552.csv,dataset_zameen-property-scraper_2026-09-21_19-24-22-552_54630667
2026-09-21T19:24:21.891Z,search,Added: 3 months ago,Titanium,675 sqft,sqft,675.0,Trusted,2.0,2.0,flats,Faisalabad,16,PKR,sale,54296173.0,"Green Orchard Apartments, Lower Canal Road",8.0,9016000,90.16 Lakh,3 Marla Good Location Apartment For Sale,https://www.zameen.com/Flats_Apartments/Faisalabad-16-1.html,Faisalabad · Flats & apartments for sale,"Green Orchard 
3 Marla Good Locatio",success,https://media.zameen.com/thumbnails/301812983-400x300.jpeg,(Updated: 4 days ago),https://www.zameen.com/Property/lower_canal_road_green_orchard_apartments_3_marla_good_location_apartment_for_sale-54296173-19726-1.html,dataset_zameen-property-scraper_2026-09-21_19-24-22-552.csv,dataset_zameen-property-scraper_2026-09-21_19-24-22-552_54296173
2026-09-21T19:24:21.949Z,search,Added: 3 months ago,Titanium,675 sqft,sqft,675.0,Trusted,2.0,2.0,flats,Faisalabad,16,PKR,sale,54296181.0,"Green Orchard Apartments, Lower Canal Road",7.0,9500000,95 Lakh,3 Marla Good Location Apartment For Sale,https://www.zameen.com/Flats_Apartments/Faisalabad-16-1.html,Faisalabad · Flats & apartments for sale,Green Orchard Apartments 3 Marla Go,success,https://media.zameen.com/thumbnails/300763877-400x300.jpeg,(Updated: 4 days ago),https://www.zameen.com/Property/lower_canal_road_green_orchard_apartments_3_marla_good_location_apartment_for_sale-54296181-19726-1.html,dataset_zameen-property-scraper_2026-09-21_19-24-22-552.csv,dataset_zameen-property-scraper_2026-09-21_19-24-22-552_54296181
2026-09-21T19:24:22.011Z,search,Added: 3 months ago,Titanium,675 sqft,sqft,675.0,Trusted,2.0,2.0,flats,Faisalabad,16,PKR,sale,54296194.0,"Green Orchard Apartments, Lower Canal Road",8.0,10000000,1 Crore,3 Marla Good Location Apartment For Sale,https://www.zameen.com/Flats_Apartments/Faisalabad-16-1.html,Faisalabad · Flats & apartments for sale,Green Orchard Apartments 3 Marla Go,success,https://media.zameen.com/thumbnails/301815386-400x300.jpeg,(Updated: 4 days ago),https://www.zameen.com/Property/lower_canal_road_green_orchard_apartments_3_marla_good_location_apartment_for_sale-54296194-19726-1.html,dataset_zameen-property-scraper_2026-09-21_19-24-22-552.csv,dataset_zameen-property-scraper_2026-09-21_19-24-22-552_54296194
2026-09-21T19:24:22.063Z,search,Added: 1 month ago,,675 sqft,sqft,675.0,Verified,,,flats,Faisalabad,16,PKR,sale,54630671.0,"Green Orchard Apartments, Lower Canal Road",7.0,12000000,1.2 Crore,Highly-Desirable 675 Square Feet Flat Available In Green Orchard Apartments,https://www.zameen.com/Flats_Apartments/Faisalabad-16-1.html,Faisalabad · Flats & apartments for sale,Your ideal apartment is up for sale,success,https://media.zameen.com/thumbnails/306169894-400x300.jpeg,(Updated: 4 days ago),https://www.zameen.com/Property/lower_canal_road_green_orchard_apartments_highly-desirable_675_square_feet_flat_available_in_green_orchard_apartments-54630671-19726-1.html,dataset_zameen-property-scraper_2026-09-21_19-24-22-552.csv,dataset_zameen-property-scraper_2026-09-21_19-24-22-552_54630671
2026-09-21T19:24:22.124Z,search,Added: 1 month ago,,675 sqft,sqft,675.0,Verified,,,flats,Faisalabad,16,PKR,sale,54630670.0,"Green Orchard Apartments, Lower Canal Road",6.0,9000000,90 Lakh,Avail Yourself A Great 675 Square Feet Flat In Green Orchard Apartments,https://www.zameen.com/Flats_Apartments/Faisalabad-16-1.html,Faisalabad · Flats & apartments for sale,Looking For A Flat That Fits Your B,success,https://media.zameen.com/thumbnails/306169879-400x300.jpeg,(Updated: 4 days ago),https://www.zameen.com/Property/lower_canal_road_green_orchard_apartments_avail_yourself_a_great_675_square_feet_flat_in_green_orchard_apartments-54630670-19726-1.html,dataset_zameen-property-scraper_2026-09-21_19-24-22-552.csv,dataset_zameen-property-scraper_2026-09-21_19-24-22-552_54630670
2026-09-21T19:24:22.204Z,search,Added: 1 month ago,,675 sqft,sqft,675.0,Verified,,,flats,Faisalabad,16,PKR,sale,54630668.0,"Green Orchard Apartments, Lower Canal Road",6.0,9300000,93 Lakh,Buy 675 Square Feet Flat At Highly Affordable Price,https://www.zameen.com/Flats_Apartments/Faisalabad-16-1.html,Faisalabad · Flats & apartments for sale,It is now time to book your Flat in,success,https://media.zameen.com/thumbnails/306169866-400x300.jpeg,(Updated: 4 days ago),https://www.zameen.com/Property/lower_canal_road_green_orchard_apartments_buy_675_square_feet_flat_at_highly_affordable_price-54630668-19726-1.html,dataset_zameen-property-scraper_2026-09-21_19-24-22-552.csv,dataset_zameen-property-scraper_2026-09-21_19-24-22-552_54630668
2026-09-21T19:24:22.281Z,search,Added: 1 month ago,,675 sqft,sqft,675.0,Verified,,,flats,Faisalabad,16,PKR,sale,54630669.0,"Green Orchard Apartments, Lower Canal Road",6.0,10500000,1.05 Crore,Ideal Flat For Sale In Green Orchard Apartments,https://www.zameen.com/Flats_Apartments/Faisalabad-16-1.html,Faisalabad · Flats & apartments for sale,Green Orchard Apartments Is Perfect,success,https://media.zameen.com/thumbnails/306169885-400x300.jpeg,(Updated: 4 days ago),https://www.zameen.com/Property/lower_canal_road_green_orchard_apartments_ideal_flat_for_sale_in_green_orchard_apartments-54630669-19726-1.html,dataset_zameen-property-scraper_2026-09-21_19-24-22-552.csv,dataset_zameen-property-scraper_2026-09-21_19-24-22-552_54630669
2026-09-21T19:24:22.396Z,search,Added: 1 month ago,,"1,338 sqft",sqft,1338.0,,3.0,3.0,flats,Faisalabad,16,PKR,sale,54624690.0,"West Canal Residences, Canal Expressway",,32100000,3.21 Crore,Prime Location West Canal Residences Flat Sized 1338 Square Feet,https://www.zameen.com/Flats_Apartments/Faisalabad-16-1.html,Faisalabad · Flats & apartments for sale,1 Bed Apartment West Canal Road For,success,https://images.zameen.com/smap/400/300/31.434251391297/73.123784711044/image.jpeg?quality=80&imageformat=jpeg,(Updated: 4 days ago),https://www.zameen.com/Property/canal_expressway_west_canal_residences_prime_location_west_canal_residences_flat_sized_1338_square_feet-54624690-20236-1.html,dataset_zameen-property-scraper_2026-09-21_19-24-22-552.csv,dataset_zameen-property-scraper_2026-09-21_19-24-22-552_54624690
2026-09-21T19:24:22.465Z,search,Added: 1 month ago,,933 sqft,sqft,933.0,,2.0,2.0,flats,Faisalabad,16,PKR,sale,54624688.0,"West Canal Residences, Canal Expressway",,22400000,2.24 Crore,Prime Location West Canal Residences Flat Sized 933 Square Feet For sale,https://www.zameen.com/Flats_Apartments/Faisalabad-16-1.html,Faisalabad · Flats & apartments for sale,1 Bed Apartment West Canal Road For,success,https://images.zameen.com/smap/400/300/31.434251391297/73.123784711044/image.jpeg?quality=80&imageformat=jpeg,(Updated: 4 days ago),https://www.zameen.com/Property/canal_expressway_west_canal_residences_prime_location_west_canal_residences_flat_sized_933_square_feet_for_sale-54624688-20236-1.html,dataset_zameen-property-scraper_2026-09-21_19-24-22-552.csv,dataset_zameen-property-scraper_2026-09-21_19-24-22-552_54624688
2026-09-21T19:24:22.532Z,search,Added: 1 month ago,,936 sqft,sqft,936.0,,2.0,2.0,flats,Faisalabad,16,PKR,sale,54624689.0,"West Canal Residences, Canal Expressway",,22500000,2.25 Crore,Prime Location 936 Square Feet Flat For sale In West Canal Residences,https://www.zameen.com/Flats_Apartments/Faisalabad-16-1.html,Faisalabad · Flats & apartments for sale,1 bed apartment west canal road for,success,https://images.zameen.com/smap/400/300/31.434251391297/73.123784711044/image.jpeg?quality=80&imageformat=jpeg,(Updated: 4 days ago),https://www.zameen.com/Property/canal_expressway_west_canal_residences_prime_location_936_square_feet_flat_for_sale_in_west_canal_residences-54624689-20236-1.html,dataset_zameen-property-scraper_2026-09-21_19-24-22-552.csv,dataset_zameen-property-scraper_2026-09-21_19-24-22-552_54624689
2026-09-21T19:27:16.725Z,search,Added: 21 minutes ago,Titanium,1 Kanal,Kanal,1.0,super hot,,,plots,Faisalabad,16,PKR,sale,54775255.0,"Abdullah Gardens, East Canal Road",,79000000,7.9 Crore,Plot for sale in Abdullah gardens  Facing park Prime location,https://www.zameen.com/Plots/Faisalabad-16-1.html,Faisalabad · Plots for sale,Plot for sale in Abdullah gardens,success,https://images.zameen.com/smap/400/300/31.449026/73.168873/image.jpeg?quality=80&imageformat=jpeg,,https://www.zameen.com/Property/east_canal_road_abdullah_gardens_plot_for_sale_in_abdullah_gardens_facing_park_prime_location-54775255-4890-2.html,dataset_zameen-property-scraper_2026-09-21_19-27-18-124.csv,dataset_zameen-property-scraper_2026-09-21_19-27-18-124_54775255
2026-09-21T19:27:16.829Z,search,Added: 3 hours ago,Titanium,1 Kanal,Kanal,1.0,super hot,,,plots,Faisalabad,16,PKR,sale,54267072.0,"FDA City - Block E1, FDA City",4.0,10000000,1 Crore,20 Marla Residential Plot 85 Feet Road For Sale,https://www.zameen.com/Plots/Faisalabad-16-1.html,Faisalabad · Plots for sale,20 Marla Residential Plot Available,success,https://media.zameen.com/thumbnails/300548971-400x300.jpeg,,https://www.zameen.com/Property/fda_city_fda_city_-_block_e1_20_marla_residential_plot_85_feet_road_for_sale-54267072-14166-2.html,dataset_zameen-property-scraper_2026-09-21_19-27-18-124.csv,dataset_zameen-property-scraper_2026-09-21_19-27-18-124_54267072
2026-09-21T19:27:16.876Z,search,Added: 3 hours ago,Titanium,1 Kanal,Kanal,1.0,super hot,,,plots,Faisalabad,16,PKR,sale,54444162.0,"FDA City - Block A, FDA City",7.0,12500000,1.25 Crore,20 Marla Residential Plot Facing Park,https://www.zameen.com/Plots/Faisalabad-16-1.html,Faisalabad · Plots for sale,20 Marla Residential Plot Available,success,https://media.zameen.com/thumbnails/304976971-400x300.jpeg,(Updated: 3 hours ago),https://www.zameen.com/Property/fda_city_fda_city_-_block_a_20_marla_residential_plot_facing_park-54444162-4938-2.html,dataset_zameen-property-scraper_2026-09-21_19-27-18-124.csv,dataset_zameen-property-scraper_2026-09-21_19-27-18-124_54444162
2026-09-21T19:27:16.930Z,search,Added: 3 hours ago,Titanium,1 Kanal,Kanal,1.0,super hot,,,plots,Faisalabad,16,PKR,sale,54419317.0,"FDA City - Block B1, FDA City",8.0,11500000,1.15 Crore,21 Marla Corner Plot Available 85 Ft Road Underground Electricity 90 Block B1,https://www.zameen.com/Plots/Faisalabad-16-1.html,Faisalabad · Plots for sale,If you have a budget of Rs. 1150000,success,https://media.zameen.com/thumbnails/304143653-400x300.jpeg,,https://www.zameen.com/Property/fda_city_fda_city_-_block_b1_21_marla_corner_plot_available_85_ft_road_underground_electricity_90_block_b1-54419317-14151-2.html,dataset_zameen-property-scraper_2026-09-21_19-27-18-124.csv,dataset_zameen-property-scraper_2026-09-21_19-27-18-124_54419317
2026-09-21T19:27:16.988Z,search,Added: 3 hours ago,Titanium,10 Marla,Marla,10.0,super hot,,,plots,Faisalabad,16,PKR,sale,54767094.0,"FDA City - Block D3, FDA City",1.0,3200000,32 Lakh,10 Marla Residential Plot Available,https://www.zameen.com/Plots/Faisalabad-16-1.html,Faisalabad · Plots for sale,72 D3 10 marla residential plot ava,success,https://media.zameen.com/thumbnails/307490573-400x300.jpeg,,https://www.zameen.com/Property/fda_city_fda_city_-_block_d3_10_marla_residential_plot_available-54767094-14163-2.html,dataset_zameen-property-scraper_2026-09-21_19-27-18-124.csv,dataset_zameen-property-scraper_2026-09-21_19-27-18-124_54767094
2026-09-21T19:27:17.040Z,search,Added: 3 hours ago,,7 Marla,Marla,7.0,super hot,,,plots,Faisalabad,16,PKR,sale,54717551.0,"Pine Park, Millat Road",14.0,7200000,72 Lakh,7 Marla Park Facing Gorgeous Plot,https://www.zameen.com/Plots/Faisalabad-16-1.html,Faisalabad · Plots for sale,"7 Marla
Main Boulevard 
T Plot
Comm",success,https://media.zameen.com/thumbnails/307007610-400x300.jpeg,,https://www.zameen.com/Property/millat_road_pine_park_7_marla_park_facing_gorgeous_plot-54717551-22583-2.html,dataset_zameen-property-scraper_2026-09-21_19-27-18-124.csv,dataset_zameen-property-scraper_2026-09-21_19-27-18-124_54717551
2026-09-21T19:27:17.122Z,search,Added: 7 hours ago,,1 Kanal,Kanal,1.0,super hot,,,plots,Faisalabad,16,PKR,sale,54351211.0,"Eden Orchard, Faisalabad",8.0,35000000,3.5 Crore,1 Kanal Plot For Sale Main 100 Ft Road Near to Main Gate Prime Location negotiable with tokin,https://www.zameen.com/Plots/Faisalabad-16-1.html,Faisalabad · Plots for sale,"FDA Approved Society 

ideal Locati",success,https://media.zameen.com/thumbnails/302641140-400x300.jpeg,(Updated: 7 hours ago),https://www.zameen.com/Property/faisalabad_eden_orchard_1_kanal_plot_for_sale_main_100_ft_road_near_to_main_gate_prime_location_negotiable_with_tokin-54351211-11162-2.html,dataset_zameen-property-scraper_2026-09-21_19-27-18-124.csv,dataset_zameen-property-scraper_2026-09-21_19-27-18-124_54351211
2026-09-21T19:27:17.184Z,search,Added: 2 days ago,,1.5 Marla,Marla,1.5,super hot,,,plots,Faisalabad,16,PKR,sale,54760364.0,"Sitara Park City, Jaranwala Road",7.0,3500000,35 Lakh,330 Square Foot Commercial Plot,https://www.zameen.com/Plots/Faisalabad-16-1.html,Faisalabad · Plots for sale,330 Square Foot Corner Commercial P,success,https://media.zameen.com/thumbnails/307421089-400x300.jpeg,(Updated: 2 days ago),https://www.zameen.com/Property/jaranwala_road_sitara_park_city_330_square_foot_commercial_plot-54760364-12464-2.html,dataset_zameen-property-scraper_2026-09-21_19-27-18-124.csv,dataset_zameen-property-scraper_2026-09-21_19-27-18-124_54760364
2026-09-21T19:27:17.257Z,search,Added: 3 days ago,,10 Marla,Marla,10.0,super hot,,,plots,Faisalabad,16,PKR,sale,54638517.0,"Citi Housing Samundri Road, Citi Housing",7.0,11200000,1.12 Crore,A Block 10 Marla Pair Plots Available For Sale,https://www.zameen.com/Plots/Faisalabad-16-1.html,Faisalabad · Plots for sale,A central location like Citi Housin,success,https://media.zameen.com/thumbnails/306255388-400x300.jpeg,(Updated: 14 hours ago),https://www.zameen.com/Property/citi_housing_citi_housing_samundri_road_a_block_10_marla_pair_plots_available_for_sale-54638517-11230-2.html,dataset_zameen-property-scraper_2026-09-21_19-27-18-124.csv,dataset_zameen-property-scraper_2026-09-21_19-27-18-124_54638517
2026-09-21T19:27:17.326Z,search,Added: 3 days ago,,5 Marla,Marla,5.0,super hot,,,plots,Faisalabad,16,PKR,sale,54703044.0,"Citi Housing Samundri Road, Citi Housing",6.0,17500000,1.75 Crore,Best opportunity for investors,https://www.zameen.com/Plots/Faisalabad-16-1.html,Faisalabad · Plots for sale,5.5 Marla Comercial for sale in cit,success,https://media.zameen.com/thumbnails/306873541-400x300.jpeg,,https://www.zameen.com/Property/citi_housing_citi_housing_samundri_road_best_opportunity_for_investors-54703044-11230-2.html,dataset_zameen-property-scraper_2026-09-21_19-27-18-124.csv,dataset_zameen-property-scraper_2026-09-21_19-27-18-124_54703044
2026-09-21T19:27:17.407Z,search,Added: 3 hours ago,Titanium,1 Kanal,Kanal,1.0,Trusted,,,plots,Faisalabad,16,PKR,sale,54267523.0,"FDA City - Block A5, FDA City",7.0,10000000,1 Crore,20 Marla Residential Plot Is Available For Sale,https://www.zameen.com/Plots/Faisalabad-16-1.html,Faisalabad · Plots for sale,20 Marla Residential Plot Available,success,https://media.zameen.com/thumbnails/300550966-400x300.jpeg,,https://www.zameen.com/Property/fda_city_fda_city_-_block_a5_20_marla_residential_plot_is_available_for_sale-54267523-14150-2.html,dataset_zameen-property-scraper_2026-09-21_19-27-18-124.csv,dataset_zameen-property-scraper_2026-09-21_19-27-18-124_54267523
2026-09-21T19:27:17.442Z,search,Added: 3 hours ago,Titanium,10 Marla,Marla,10.0,Trusted,,,plots,Faisalabad,16,PKR,sale,54267515.0,"FDA City - Block C2, FDA City",,3800000,38 Lakh,10 Marla Residential Plot Is Available For Sale,https://www.zameen.com/Plots/Faisalabad-16-1.html,Faisalabad · Plots for sale,10 Marla Residential Plot Available,success,https://images.zameen.com/smap/400/300/31.531042/73.083016/image.jpeg?quality=80&imageformat=jpeg,,https://www.zameen.com/Property/fda_city_fda_city_-_block_c2_10_marla_residential_plot_is_available_for_sale-54267515-14156-2.html,dataset_zameen-property-scraper_2026-09-21_19-27-18-124.csv,dataset_zameen-property-scraper_2026-09-21_19-27-18-124_54267515
2026-09-21T19:27:17.499Z,search,Added: 2 hours ago,,5 Marla,Marla,5.0,Verified,,,plots,Faisalabad,16,PKR,sale,54654982.0,"Wapda City - Block L, Wapda City",15.0,12500000,1.25 Crore,Residential Plot Of 5 Marla Available In Wapda City - Block L,https://www.zameen.com/Plots/Faisalabad-16-1.html,Faisalabad · Plots for sale,We Help Your Dream Property In Fais,success,https://media.zameen.com/thumbnails/306411799-400x300.jpeg,,https://www.zameen.com/Property/wapda_city_wapda_city_-_block_l_residential_plot_of_5_marla_available_in_wapda_city_-_block_l-54654982-5076-2.html,dataset_zameen-property-scraper_2026-09-21_19-27-18-124.csv,dataset_zameen-property-scraper_2026-09-21_19-27-18-124_54654982
2026-09-21T19:27:17.550Z,search,Added: 4 hours ago,,10 Marla,Marla,10.0,,,,plots,Faisalabad,16,PKR,sale,54462142.0,"Citi Housing Sargodha Road, Citi Housing",7.0,8500000,85 Lakh,10 Marla Plot Available For Sale In Citi Housing Sargodha Road Faislalabad,https://www.zameen.com/Plots/Faisalabad-16-1.html,Faisalabad · Plots for sale,Invest in one of Faisalabad&#x27;s most,success,https://media.zameen.com/thumbnails/304556676-400x300.jpeg,,https://www.zameen.com/Property/citi_housing_citi_housing_sargodha_road_10_marla_plot_available_for_sale_in_citi_housing_sargodha_road_faislalabad-54462142-11229-2.html,dataset_zameen-property-scraper_2026-09-21_19-27-18-124.csv,dataset_zameen-property-scraper_2026-09-21_19-27-18-124_54462142
2026-09-21T19:27:17.593Z,search,Added: 4 hours ago,,10 Marla,Marla,10.0,,,,plots,Faisalabad,16,PKR,sale,54462158.0,"Citi Housing Sargodha Road, Citi Housing",7.0,11000000,1.1 Crore,10 Marla Plot Available For Sale In Citi Housing Sargodha Road Faislalabad,https://www.zameen.com/Plots/Faisalabad-16-1.html,Faisalabad · Plots for sale,Invest in one of Faisalabad&#x27;s most,success,https://media.zameen.com/thumbnails/304556803-400x300.jpeg,,https://www.zameen.com/Property/citi_housing_citi_housing_sargodha_road_10_marla_plot_available_for_sale_in_citi_housing_sargodha_road_faislalabad-54462158-11229-2.html,dataset_zameen-property-scraper_2026-09-21_19-27-18-124.csv,dataset_zameen-property-scraper_2026-09-21_19-27-18-124_54462158
2026-09-21T19:27:17.634Z,search,Added: 6 hours ago,,2.7 Marla,Marla,2.7,,,,plots,Faisalabad,16,PKR,sale,54774389.0,"East Canal Road, Canal Road",5.0,50000000,5 Crore,HOT DEAL-2.2Marla Commercial Plot/ NExt to corner In City Walk,https://www.zameen.com/Plots/Faisalabad-16-1.html,Faisalabad · Plots for sale,Secure Your Future With A 2.2 Marla,success,https://media.zameen.com/thumbnails/307560196-400x300.jpeg,(Updated: 6 hours ago),https://www.zameen.com/Property/canal_road_east_canal_road_hot_deal-2_2marla_commercial_plot_next_to_corner_in_city_walk-54774389-9506-2.html,dataset_zameen-property-scraper_2026-09-21_19-27-18-124.csv,dataset_zameen-property-scraper_2026-09-21_19-27-18-124_54774389
2026-09-21T19:27:17.682Z,search,Added: 10 hours ago,,10 Marla,Marla,10.0,Verified,,,plots,Faisalabad,16,PKR,sale,54632066.0,"Citi Housing Sargodha Road - Block D, Citi Housing Sargodha Road",7.0,9300000,93 Lakh,Ideally Located Residential Plot For Sale In Citi Housing Sargodha Road - Block D Available,https://www.zameen.com/Plots/Faisalabad-16-1.html,Faisalabad · Plots for sale,This appealing 10 Marla property ha,success,https://media.zameen.com/thumbnails/306184875-400x300.jpeg,(Updated: 10 hours ago),https://www.zameen.com/Property/citi_housing_sargodha_road_citi_housing_sargodha_road_-_block_d_ideally_located_residential_plot_for_sale_in_citi_housing_sargodha_road_-_block_d_available-54632066-18976-2.html,dataset_zameen-property-scraper_2026-09-21_19-27-18-124.csv,dataset_zameen-property-scraper_2026-09-21_19-27-18-124_54632066
2026-09-21T19:27:17.728Z,search,Added: 2 hours ago,,15 Marla,Marla,15.0,Verified,,,plots,Faisalabad,16,PKR,sale,54654996.0,"Wapda City, Faisalabad",1.0,32500000,3.25 Crore,Reserve A Residential Plot Of 15 Marla Now In Wapda City,https://www.zameen.com/Plots/Faisalabad-16-1.html,Faisalabad · Plots for sale,Very Good Dimension For Big Looking,success,https://media.zameen.com/thumbnails/306411866-400x300.jpeg,,https://www.zameen.com/Property/faisalabad_wapda_city_reserve_a_residential_plot_of_15_marla_now_in_wapda_city-54654996-501-2.html,dataset_zameen-property-scraper_2026-09-21_19-27-18-124.csv,dataset_zameen-property-scraper_2026-09-21_19-27-18-124_54654996
2026-09-21T19:27:17.772Z,search,Added: 3 hours ago,Titanium,10 Marla,Marla,10.0,Trusted,,,plots,Faisalabad,16,PKR,sale,54327161.0,"Citi Housing Sargodha Road - Block F, Citi Housing Sargodha Road",1.0,7250000,72.5 Lakh,10 Marla Residential Plot Available,https://www.zameen.com/Plots/Faisalabad-16-1.html,Faisalabad · Plots for sale,10 Marla Plot Available F Block Ext,success,https://media.zameen.com/thumbnails/300550366-400x300.jpeg,(Updated: 3 hours ago),https://www.zameen.com/Property/citi_housing_sargodha_road_citi_housing_sargodha_road_-_block_f_10_marla_residential_plot_available-54327161-18979-2.html,dataset_zameen-property-scraper_2026-09-21_19-27-18-124.csv,dataset_zameen-property-scraper_2026-09-21_19-27-18-124_54327161
2026-09-21T19:27:17.841Z,search,Added: 3 hours ago,Titanium,1 Kanal,Kanal,1.0,Trusted,,,plots,Faisalabad,16,PKR,sale,54445301.0,"FDA City, Faisalabad",8.0,12500000,1.25 Crore,20 Marla Residential Plot Available,https://www.zameen.com/Plots/Faisalabad-16-1.html,Faisalabad · Plots for sale,May It Be Residential Or Commercial,success,https://media.zameen.com/thumbnails/305936102-400x300.jpeg,,https://www.zameen.com/Property/faisalabad_fda_city_20_marla_residential_plot_available-54445301-371-2.html,dataset_zameen-property-scraper_2026-09-21_19-27-18-124.csv,dataset_zameen-property-scraper_2026-09-21_19-27-18-124_54445301
2026-09-21T19:27:17.901Z,search,Added: 3 hours ago,Titanium,1 Kanal,Kanal,1.0,Trusted,,,plots,Faisalabad,16,PKR,sale,54418494.0,"FDA City - Block E1, FDA City",10.0,8500000,85 Lakh,20 Marla Residential Plot Available,https://www.zameen.com/Plots/Faisalabad-16-1.html,Faisalabad · Plots for sale,20 Marla Corner Plot Ideal Location,success,https://media.zameen.com/thumbnails/304129759-400x300.jpeg,,https://www.zameen.com/Property/fda_city_fda_city_-_block_e1_20_marla_residential_plot_available-54418494-14166-2.html,dataset_zameen-property-scraper_2026-09-21_19-27-18-124.csv,dataset_zameen-property-scraper_2026-09-21_19-27-18-124_54418494
2026-09-21T19:27:17.939Z,search,Added: 3 hours ago,,4 Marla,Marla,4.0,,,,plots,Faisalabad,16,PKR,sale,54774983.0,"Pine Garden, Jaranwala Road",4.0,3900000,39 Lakh,4 marla East Open plot,https://www.zameen.com/Plots/Faisalabad-16-1.html,Faisalabad · Plots for sale,4 marla in A Block East,success,https://media.zameen.com/thumbnails/307565337-400x300.jpeg,(Updated: 3 hours ago),https://www.zameen.com/Property/jaranwala_road_pine_garden_4_marla_east_open_plot-54774983-13824-2.html,dataset_zameen-property-scraper_2026-09-21_19-27-18-124.csv,dataset_zameen-property-scraper_2026-09-21_19-27-18-124_54774983
2026-09-21T19:27:17.977Z,search,Added: 3 hours ago,,5 Marla,Marla,5.0,,,,plots,Faisalabad,16,PKR,sale,54235217.0,"Pine Garden - Block C, Pine Garden",4.0,3750000,37.5 Lakh,5 Marla Plot For Sale In Pine Garden,https://www.zameen.com/Plots/Faisalabad-16-1.html,Faisalabad · Plots for sale,"East Open 3045
 
PKR Rs. 3500000 is",success,https://media.zameen.com/thumbnails/301670658-400x300.jpeg,,https://www.zameen.com/Property/pine_garden_pine_garden_-_block_c_5_marla_plot_for_sale_in_pine_garden-54235217-20021-2.html,dataset_zameen-property-scraper_2026-09-21_19-27-18-124.csv,dataset_zameen-property-scraper_2026-09-21_19-27-18-124_54235217
2026-09-21T19:27:18.026Z,search,Added: 3 hours ago,,5 Marla,Marla,5.0,,,,plots,Faisalabad,16,PKR,sale,54648860.0,"Pine Garden, Jaranwala Road",6.0,3550000,35.5 Lakh,5 Marla Plot,https://www.zameen.com/Plots/Faisalabad-16-1.html,Faisalabad · Plots for sale,West Open Plot For Sale On Good Loc,success,https://media.zameen.com/thumbnails/306359793-400x300.jpeg,(Updated: 3 hours ago),https://www.zameen.com/Property/jaranwala_road_pine_garden_5_marla_plot-54648860-13824-2.html,dataset_zameen-property-scraper_2026-09-21_19-27-18-124.csv,dataset_zameen-property-scraper_2026-09-21_19-27-18-124_54648860
2026-09-21T19:27:18.106Z,search,Added: 3 hours ago,,5 Marla,Marla,5.0,,,,plots,Faisalabad,16,PKR,sale,54648959.0,"Pine Garden, Jaranwala Road",8.0,4000000,40 Lakh,Residential Plot 5 Marla For sale In Pine Garden,https://www.zameen.com/Plots/Faisalabad-16-1.html,Faisalabad · Plots for sale,"5 Marla East Open
An offer like thi",success,https://media.zameen.com/thumbnails/306366768-400x300.jpeg,,https://www.zameen.com/Property/jaranwala_road_pine_garden_residential_plot_5_marla_for_sale_in_pine_garden-54648959-13824-2.html,dataset_zameen-property-scraper_2026-09-21_19-27-18-124.csv,dataset_zameen-property-scraper_2026-09-21_19-27-18-124_54648959
2026-09-21T19:28:31.769Z,search,Added: 4 days ago,Titanium,3.9 Marla,Marla,3.9,super hot,,,commercial-sale,Faisalabad,16,PKR,sale,54696930.0,"Sitara Square, Canal Road",5.0,87000000,8.7 Crore,3.35 Marla Very Prime Location Plot Available In Sitara Square 3rd Plot From Main Canal Road,https://www.zameen.com/Commercial/Faisalabad-16-1.html,Faisalabad · Commercial for sale,Very Very Prime Location In Between,success,https://media.zameen.com/thumbnails/306812920-400x300.jpeg,(Updated: 1 day ago),https://www.zameen.com/Property/canal_road_sitara_square_3_35_marla_very_prime_location_plot_available_in_sitara_square_3rd_plot_from_main_canal_road-54696930-22327-3.html,dataset_zameen-property-scraper_2026-09-21_19-28-33-474.csv,dataset_zameen-property-scraper_2026-09-21_19-28-33-474_54696930
2026-09-21T19:28:31.887Z,search,Added: 4 days ago,Titanium,5 Marla,Marla,5.0,super hot,,,commercial-sale,Faisalabad,16,PKR,sale,54675802.0,"Chen One Road, Faisalabad",2.0,135000000,13.5 Crore,A Well Designed Building Is Up For Sale In An Ideal Location In Chen One Road,https://www.zameen.com/Commercial/Faisalabad-16-1.html,Faisalabad · Commercial for sale,And along with its reasonable Rs. 1,success,https://media.zameen.com/thumbnails/306634307-400x300.jpeg,(Updated: 1 day ago),https://www.zameen.com/Property/faisalabad_chen_one_road_a_well_designed_building_is_up_for_sale_in_an_ideal_location_in_chen_one_road-54675802-9848-3.html,dataset_zameen-property-scraper_2026-09-21_19-28-33-474.csv,dataset_zameen-property-scraper_2026-09-21_19-28-33-474_54675802
2026-09-21T19:28:31.932Z,search,Added: 2 weeks ago,Titanium,2.2 Marla,Marla,2.2,super hot,,,commercial-sale,Faisalabad,16,PKR,sale,54458043.0,"Green Avenue Commercial, Canal Road",4.0,52500000,5.25 Crore,2.2 Marla 3 Storey Rented Plaza Available For Sale,https://www.zameen.com/Commercial/Faisalabad-16-1.html,Faisalabad · Commercial for sale,The Building has an interior that p,success,https://media.zameen.com/thumbnails/307527686-400x300.jpeg,(Updated: 16 hours ago),https://www.zameen.com/Property/canal_road_green_avenue_commercial_2_2_marla_3_storey_rented_plaza_available_for_sale-54458043-22191-3.html,dataset_zameen-property-scraper_2026-09-21_19-28-33-474.csv,dataset_zameen-property-scraper_2026-09-21_19-28-33-474_54458043
2026-09-21T19:28:32.047Z,search,Added: 3 weeks ago,Titanium,10 Marla,Marla,10.0,super hot,,,commercial-sale,Faisalabad,16,PKR,sale,54675784.0,"Chen One Road, Faisalabad",6.0,250000000,25 Crore,Property For Sale In Chen One Road Chen One Road Is Available Under Rs. 250000000,https://www.zameen.com/Commercial/Faisalabad-16-1.html,Faisalabad · Commercial for sale,"Undoubtedly, 10 Marla sized propert",success,https://media.zameen.com/thumbnails/306634650-400x300.jpeg,(Updated: 4 days ago),https://www.zameen.com/Property/faisalabad_chen_one_road_property_for_sale_in_chen_one_road_chen_one_road_is_available_under_rs_250000000-54675784-9848-3.html,dataset_zameen-property-scraper_2026-09-21_19-28-33-474.csv,dataset_zameen-property-scraper_2026-09-21_19-28-33-474_54675784
2026-09-21T19:28:32.146Z,search,Added: 3 weeks ago,Titanium,2.5 Marla,Marla,2.5,super hot,,,commercial-sale,Faisalabad,16,PKR,sale,54634153.0,"Green Avenue Commercial, Canal Road",,52000000,5.2 Crore,Sale The Ideally Located Building For An Incredible Price Of Pkr Rs. 52000000,https://www.zameen.com/Commercial/Faisalabad-16-1.html,Faisalabad · Commercial for sale,Recent real estate projects have in,success,https://images.zameen.com/smap/400/300/31.450997607559/73.152058567914/image.jpeg?quality=80&imageformat=jpeg,(Updated: 4 days ago),https://www.zameen.com/Property/canal_road_green_avenue_commercial_sale_the_ideally_located_building_for_an_incredible_price_of_pkr_rs_52000000-54634153-22191-3.html,dataset_zameen-property-scraper_2026-09-21_19-28-33-474.csv,dataset_zameen-property-scraper_2026-09-21_19-28-33-474_54634153
2026-09-21T19:28:32.230Z,search,Added: 3 days ago,,4.6 Marla,Marla,4.6,super hot,1.0,,commercial-sale,Faisalabad,16,PKR,sale,54764321.0,"Eden Orchard, Faisalabad",5.0,11200000,1.12 Crore,2 Marla Commercial Shop Flat For Sale,https://www.zameen.com/Commercial/Faisalabad-16-1.html,Faisalabad · Commercial for sale,"*Eden Orchard*
2 Marla Office/Shop",success,https://media.zameen.com/thumbnails/307461483-400x300.jpeg,(Updated: 14 hours ago),https://www.zameen.com/Property/faisalabad_eden_orchard_2_marla_commercial_shop_flat_for_sale-54764321-11162-3.html,dataset_zameen-property-scraper_2026-09-21_19-28-33-474.csv,dataset_zameen-property-scraper_2026-09-21_19-28-33-474_54764321
2026-09-21T19:28:32.286Z,search,Added: 4 hours ago,,1.2 Marla,Marla,1.2,super hot,,,commercial-sale,Faisalabad,16,PKR,sale,54774629.0,"Lyallpur Galleria 2, Samundari Road",2.0,21400000,2.14 Crore,corner shop,https://www.zameen.com/Commercial/Faisalabad-16-1.html,Faisalabad · Commercial for sale,"A good location corner shop
main au",success,https://media.zameen.com/thumbnails/307562380-400x300.jpeg,,https://www.zameen.com/Property/samundari_road_lyallpur_galleria_2_corner_shop-54774629-21410-3.html,dataset_zameen-property-scraper_2026-09-21_19-28-33-474.csv,dataset_zameen-property-scraper_2026-09-21_19-28-33-474_54774629
2026-09-21T19:28:32.349Z,search,Added: 3 weeks ago,,5 Marla,Marla,5.0,super hot,,,commercial-sale,Faisalabad,16,PKR,sale,54672691.0,"Green Avenue Commercial, Canal Road",14.0,30000000,3 Crore,"""Rafia"" Furnished Beauty Saloon Business For Sale Only Not Building",https://www.zameen.com/Commercial/Faisalabad-16-1.html,Faisalabad · Commercial for sale,Rafia Beauty Salon For Women & Aest,success,https://media.zameen.com/thumbnails/306575588-400x300.jpeg,(Updated: 4 days ago),https://www.zameen.com/Property/canal_road_green_avenue_commercial_rafia_furnished_beauty_saloon_business_for_sale_only_not_building-54672691-22191-3.html,dataset_zameen-property-scraper_2026-09-21_19-28-33-474.csv,dataset_zameen-property-scraper_2026-09-21_19-28-33-474_54672691
2026-09-21T19:28:32.473Z,search,Added: 3 weeks ago,,2 Marla,Marla,2.0,super hot,1.0,,commercial-sale,Faisalabad,16,PKR,sale,54675500.0,"Eden Orchard, Faisalabad",4.0,11200000,1.12 Crore,Commercial Shop/Office Double Story For Sale Eden Orchard Sargodha ROAD Faisalabad,https://www.zameen.com/Commercial/Faisalabad-16-1.html,Faisalabad · Commercial for sale,"*Eden Orchard, Sargodha Road Faisal",success,https://media.zameen.com/thumbnails/306602352-400x300.jpeg,(Updated: 4 days ago),https://www.zameen.com/Property/faisalabad_eden_orchard_commercial_shop_office_double_story_for_sale_eden_orchard_sargodha_road_faisalabad-54675500-11162-3.html,dataset_zameen-property-scraper_2026-09-21_19-28-33-474.csv,dataset_zameen-property-scraper_2026-09-21_19-28-33-474_54675500
2026-09-21T19:28:32.543Z,search,Added: 4 weeks ago,,0.9 Marla,Marla,0.9,super hot,,,commercial-sale,Faisalabad,16,PKR,sale,54631149.0,"Lyallpur Galleria 2, Samundari Road",7.0,17500000,1.75 Crore,Prime Location 203 Sqft Shop In Lyallpur Galleria 2 For Sale,https://www.zameen.com/Commercial/Faisalabad-16-1.html,Faisalabad · Commercial for sale,"The Faisalabad Is Mostly Safe, Thri",success,https://media.zameen.com/thumbnails/306174900-400x300.jpeg,(Updated: 4 days ago),https://www.zameen.com/Property/samundari_road_lyallpur_galleria_2_prime_location_203_sqft_shop_in_lyallpur_galleria_2_for_sale-54631149-21410-3.html,dataset_zameen-property-scraper_2026-09-21_19-28-33-474.csv,dataset_zameen-property-scraper_2026-09-21_19-28-33-474_54631149
2026-09-21T19:28:32.608Z,search,Added: 2 days ago,Titanium,48 Kanal,Kanal,48.0,Trusted,7.0,,commercial-sale,Faisalabad,16,PKR,sale,53882180.0,"Khurianwala, Faisalabad",5.0,2,1.6 Arab,"48 Kanal (6Acres) Factory Running Dyeing Unit For Sale Near Shahkot Sitara Factory Faisalabad With 1 Acre Front, 1 Megawatt Electricity",https://www.zameen.com/Commercial/Faisalabad-16-1.html,Faisalabad · Commercial for sale,48 Kanal (6 Acres) Factory Running,success,https://media.zameen.com/thumbnails/301923728-400x300.jpeg,(Updated: 2 days ago),https://www.zameen.com/Property/faisalabad_khurianwala_48_kanal_6acres_factory_running_dyeing_unit_for_sale_near_shahkot_sitara_factory_faisalabad_with_1_acre_front_1_megawatt_electricity-53882180-10331-3.html,dataset_zameen-property-scraper_2026-09-21_19-28-33-474.csv,dataset_zameen-property-scraper_2026-09-21_19-28-33-474_53882180
2026-09-21T19:28:32.725Z,search,Added: 4 days ago,Titanium,5 Marla,Marla,5.0,Trusted,,,commercial-sale,Faisalabad,16,PKR,sale,53183306.0,"Chen One Road, Faisalabad",5.0,140000000,14 Crore,5 Marla Double Storey Plaza Already Rented Out Main Caen One Road,https://www.zameen.com/Commercial/Faisalabad-16-1.html,Faisalabad · Commercial for sale,Best For Investment The Building is,success,https://media.zameen.com/thumbnails/300729115-400x300.jpeg,(Updated: 1 day ago),https://www.zameen.com/Property/faisalabad_chen_one_road_5_marla_double_storey_plaza_already_rented_out_main_caen_one_road-53183306-9848-3.html,dataset_zameen-property-scraper_2026-09-21_19-28-33-474.csv,dataset_zameen-property-scraper_2026-09-21_19-28-33-474_53183306
2026-09-21T19:28:32.800Z,search,Added: 17 hours ago,,1 Marla,Marla,1.0,,1.0,,commercial-sale,Faisalabad,16,PKR,sale,53355779.0,"Susan Road, Faisalabad",4.0,10500000,1.05 Crore,"ONE MARLA SHOP WITH ROOF - ADJECENT FAZANE MADINA MOUSQUE SUSAN ROAD, FAISALABAD",https://www.zameen.com/Commercial/Faisalabad-16-1.html,Faisalabad · Commercial for sale,"Located left of Lahore Leather, 2nd",success,https://media.zameen.com/thumbnails/301415110-400x300.jpeg,,https://www.zameen.com/Property/faisalabad_susan_road_one_marla_shop_with_roof_-_adjecent_fazane_madina_mousque_susan_road_faisalabad-53355779-8586-3.html,dataset_zameen-property-scraper_2026-09-21_19-28-33-474.csv,dataset_zameen-property-scraper_2026-09-21_19-28-33-474_53355779
2026-09-21T19:28:32.839Z,search,Added: 5 hours ago,,2 Kanal,Kanal,2.0,Verified,6.0,6.0,commercial-sale,Faisalabad,16,PKR,sale,54536258.0,"Peoples Colony - Block D, Peoples Colony No 1",5.0,150000000,15 Crore,Prime Location Peoples Colony - Block D Building Sized 40 Marla Is Available,https://www.zameen.com/Commercial/Faisalabad-16-1.html,Faisalabad · Commercial for sale,Faisalabad has good property option,success,https://media.zameen.com/thumbnails/305280317-400x300.jpeg,,https://www.zameen.com/Property/peoples_colony_no_1_peoples_colony_-_block_d_prime_location_peoples_colony_-_block_d_building_sized_40_marla_is_available-54536258-11505-3.html,dataset_zameen-property-scraper_2026-09-21_19-28-33-474.csv,dataset_zameen-property-scraper_2026-09-21_19-28-33-474_54536258
2026-09-21T19:28:32.904Z,search,Added: 5 days ago,,6 Marla,Marla,6.0,,,,commercial-sale,Faisalabad,16,PKR,sale,54282806.0,"Clock Tower 8 Bazar, Faisalabad",1.0,220000000,22 Crore,Own A Building In 6 Marla Clock Tower 8 Bazar,https://www.zameen.com/Commercial/Faisalabad-16-1.html,Faisalabad · Commercial for sale,Palza For Sale Rented Building Tile,success,https://media.zameen.com/thumbnails/300882159-400x300.jpeg,(Updated: 2 days ago),https://www.zameen.com/Property/faisalabad_clock_tower_8_bazar_own_a_building_in_6_marla_clock_tower_8_bazar-54282806-19217-3.html,dataset_zameen-property-scraper_2026-09-21_19-28-33-474.csv,dataset_zameen-property-scraper_2026-09-21_19-28-33-474_54282806
2026-09-21T19:28:32.980Z,search,Added: 5 days ago,,0.9 Marla,Marla,0.9,,,,commercial-sale,Faisalabad,16,PKR,sale,54754683.0,"Lyallpur Galleria 2, Samundari Road",1.0,20000000,2 Crore,Ground Floor Shop 199 Sq Ft,https://www.zameen.com/Commercial/Faisalabad-16-1.html,Faisalabad · Commercial for sale,"flormar brand rent oit shop
ground",success,https://media.zameen.com/thumbnails/307367679-400x300.jpeg,(Updated: 1 day ago),https://www.zameen.com/Property/samundari_road_lyallpur_galleria_2_ground_floor_shop_199_sq_ft-54754683-21410-3.html,dataset_zameen-property-scraper_2026-09-21_19-28-33-474.csv,dataset_zameen-property-scraper_2026-09-21_19-28-33-474_54754683
2026-09-21T19:28:33.040Z,search,Added: 3 weeks ago,,13 Kanal,Kanal,13.0,Trusted,,,commercial-sale,Faisalabad,16,PKR,sale,54328042.0,"Sahianwala, Faisalabad",13.0,130000000,13 Crore,Premium Industrial Land And Large Covered Shed For Sale,https://www.zameen.com/Commercial/Faisalabad-16-1.html,Faisalabad · Commercial for sale,"BIRD SHED 13.64 KANAL FOR SALE

__P",success,https://media.zameen.com/thumbnails/299325174-400x300.jpeg,(Updated: 4 days ago),https://www.zameen.com/Property/faisalabad_sahianwala_premium_industrial_land_and_large_covered_shed_for_sale-54328042-12154-3.html,dataset_zameen-property-scraper_2026-09-21_19-28-33-474.csv,dataset_zameen-property-scraper_2026-09-21_19-28-33-474_54328042
2026-09-21T19:28:33.088Z,search,Added: 23 hours ago,Titanium,2.7 Marla,Marla,2.7,Trusted,,,commercial-sale,Faisalabad,16,PKR,sale,54447869.0,"Green Avenue Commercial, Canal Road",5.0,52500000,5.25 Crore,2.2 Marla Rented Triple Storey Plaza Available For Sale,https://www.zameen.com/Commercial/Faisalabad-16-1.html,Faisalabad · Commercial for sale,The perfect 600 Square Feet listing,success,https://media.zameen.com/thumbnails/304410232-400x300.jpeg,(Updated: 23 hours ago),https://www.zameen.com/Property/canal_road_green_avenue_commercial_2_2_marla_rented_triple_storey_plaza_available_for_sale-54447869-22191-3.html,dataset_zameen-property-scraper_2026-09-21_19-28-33-474.csv,dataset_zameen-property-scraper_2026-09-21_19-28-33-474_54447869
2026-09-21T19:28:33.142Z,search,Added: 23 hours ago,Titanium,2.8 Marla,Marla,2.8,Trusted,,,commercial-sale,Faisalabad,16,PKR,sale,53843835.0,"Green Avenue Commercial, Canal Road",5.0,51500000,5.15 Crore,"2.8 Marla Gray Structure Building Available For Sale 250000 Expected Rental Income, Ready For Rent Out Prime Location",https://www.zameen.com/Commercial/Faisalabad-16-1.html,Faisalabad · Commercial for sale,"Prime Location On Canal Road ,
 Hig",success,https://media.zameen.com/thumbnails/303910160-400x300.jpeg,,https://www.zameen.com/Property/canal_road_green_avenue_commercial_2_8_marla_gray_structure_building_available_for_sale_250000_expected_rental_income_ready_for_rent_out_prime_location-53843835-22191-3.html,dataset_zameen-property-scraper_2026-09-21_19-28-33-474.csv,dataset_zameen-property-scraper_2026-09-21_19-28-33-474_53843835
2026-09-21T19:28:33.190Z,search,Added: 3 days ago,,7 Marla,Marla,7.0,,,,commercial-sale,Faisalabad,16,PKR,sale,54457454.0,"Lahore - Sheikhupura - Faisalabad Road, Faisalabad",4.0,69500000,6.95 Crore,7 MARLA TRIPLE STOREY BUILDING AVAILABLE FOR SALE MAIN SHEIKHUPURAH ROAD NEAR MISAQ UL MALL FAISALABAD,https://www.zameen.com/Commercial/Faisalabad-16-1.html,Faisalabad · Commercial for sale,7 MARLA TRIPLE STOREY PLAZA BUILDIN,success,https://media.zameen.com/thumbnails/305567915-400x300.jpeg,,https://www.zameen.com/Property/faisalabad_lahore_-_sheikhupura_-_faisalabad_road_7_marla_triple_storey_building_available_for_sale_main_sheikhupurah_road_near_misaq_ul_mall_faisalabad-54457454-8542-3.html,dataset_zameen-property-scraper_2026-09-21_19-28-33-474.csv,dataset_zameen-property-scraper_2026-09-21_19-28-33-474_54457454
2026-09-21T19:28:33.248Z,search,Added: 13 hours ago,,1.2 Marla,Marla,1.2,Verified,,,commercial-sale,Faisalabad,16,PKR,sale,54772081.0,"Lyallpur Galleria 2, Samundari Road",5.0,18500000,1.85 Crore,Well-Constructed Shop Available For Sale In Lyallpur Galleria 2,https://www.zameen.com/Commercial/Faisalabad-16-1.html,Faisalabad · Commercial for sale,Buy your Shop with desired amenitie,success,https://media.zameen.com/thumbnails/307538222-400x300.jpeg,(Updated: 13 hours ago),https://www.zameen.com/Property/samundari_road_lyallpur_galleria_2_well-constructed_shop_available_for_sale_in_lyallpur_galleria_2-54772081-21410-3.html,dataset_zameen-property-scraper_2026-09-21_19-28-33-474.csv,dataset_zameen-property-scraper_2026-09-21_19-28-33-474_54772081
2026-09-21T19:28:33.289Z,search,Added: 13 hours ago,,3.4 Marla,Marla,3.4,Verified,,,commercial-sale,Faisalabad,16,PKR,sale,54764572.0,"Lyallpur Galleria 2, Samundari Road",7.0,61000000,6.1 Crore,Looking For A Prime Location Shop In Lyallpur Galleria 2 Faisalabad,https://www.zameen.com/Commercial/Faisalabad-16-1.html,Faisalabad · Commercial for sale,A similar property for this Rs. 610,success,https://media.zameen.com/thumbnails/307464446-400x300.jpeg,,https://www.zameen.com/Property/samundari_road_lyallpur_galleria_2_looking_for_a_prime_location_shop_in_lyallpur_galleria_2_faisalabad-54764572-21410-3.html,dataset_zameen-property-scraper_2026-09-21_19-28-33-474.csv,dataset_zameen-property-scraper_2026-09-21_19-28-33-474_54764572
2026-09-21T19:28:33.341Z,search,Added: 13 hours ago,,0.6 Marla,Marla,0.6,Verified,,,commercial-sale,Faisalabad,16,PKR,sale,54765374.0,"Lyallpur Galleria 2, Samundari Road",10.0,9500000,95 Lakh,134 Sq Feet Shop First Floor,https://www.zameen.com/Commercial/Faisalabad-16-1.html,Faisalabad · Commercial for sale,Buy your property today and be a lu,success,https://media.zameen.com/thumbnails/307472600-400x300.jpeg,(Updated: 12 hours ago),https://www.zameen.com/Property/samundari_road_lyallpur_galleria_2_134_sq_feet_shop_first_floor-54765374-21410-3.html,dataset_zameen-property-scraper_2026-09-21_19-28-33-474.csv,dataset_zameen-property-scraper_2026-09-21_19-28-33-474_54765374
2026-09-21T19:28:33.396Z,search,Added: 15 hours ago,,1.4 Marla,Marla,1.4,Verified,,,commercial-sale,Faisalabad,16,PKR,sale,54771074.0,"Kohinoor City, Faisalabad",6.0,3300000,33 Lakh,Kohinoor City Office For Sale Sized 319 Square Feet,https://www.zameen.com/Commercial/Faisalabad-16-1.html,Faisalabad · Commercial for sale,Owning an ideally located property,success,https://media.zameen.com/thumbnails/307530535-400x300.jpeg,(Updated: 15 hours ago),https://www.zameen.com/Property/faisalabad_kohinoor_city_kohinoor_city_office_for_sale_sized_319_square_feet-54771074-1360-3.html,dataset_zameen-property-scraper_2026-09-21_19-28-33-474.csv,dataset_zameen-property-scraper_2026-09-21_19-28-33-474_54771074
2026-09-21T19:28:33.448Z,search,Added: 1 day ago,,0.8 Marla,Marla,0.8,Verified,,,commercial-sale,Faisalabad,16,PKR,sale,54770199.0,"Lyallpur Galleria 3, Canal Expressway",5.0,15300000,1.53 Crore,191 Square Feet Shop Ideally Situated In Lyallpur Galleria 3,https://www.zameen.com/Commercial/Faisalabad-16-1.html,Faisalabad · Commercial for sale,The dream of owning a Shop in Faisa,success,https://media.zameen.com/thumbnails/307522658-400x300.jpeg,(Updated: 1 day ago),https://www.zameen.com/Property/canal_expressway_lyallpur_galleria_3_191_square_feet_shop_ideally_situated_in_lyallpur_galleria_3-54770199-21519-3.html,dataset_zameen-property-scraper_2026-09-21_19-28-33-474.csv,dataset_zameen-property-scraper_2026-09-21_19-28-33-474_54770199
2026-09-21T19:29:19.004Z,search,Added: 2 weeks ago,Titanium,750 sqft,sqft,750.0,super hot,2.0,2.0,rental-flats,Faisalabad,16,PKR,rent,54646939.0,"Wapda City, Faisalabad",15.0,70000,70 Thousand,Luxury Furnished Room Flat For Rent In Umer Heights Wapda City Faisalabad,https://www.zameen.com/Rentals_Flats_Apartments/Faisalabad-16-1.html,Faisalabad · Flats & apartments for rent,A beautifully designed newly furnis,success,https://media.zameen.com/thumbnails/306341877-400x300.jpeg,(Updated: 2 days ago),https://www.zameen.com/Property/faisalabad_wapda_city_luxury_furnished_room_flat_for_rent_in_umer_heights_wapda_city_faisalabad-54646939-501-4.html,dataset_zameen-property-scraper_2026-09-21_19-29-20-666.csv,dataset_zameen-property-scraper_2026-09-21_19-29-20-666_54646939
2026-09-21T19:29:19.077Z,search,Added: 2 weeks ago,Titanium,750 sqft,sqft,750.0,Trusted,2.0,2.0,rental-flats,Faisalabad,16,PKR,rent,54561201.0,"Wapda City, Faisalabad",15.0,70000,70 Thousand,Luxury Furnished Flat For Rent In Umer Heights Wapda City Faisalabad,https://www.zameen.com/Rentals_Flats_Apartments/Faisalabad-16-1.html,Faisalabad · Flats & apartments for rent,A Beautifully Designed Newly Furnis,success,https://media.zameen.com/thumbnails/305519659-400x300.jpeg,(Updated: 2 days ago),https://www.zameen.com/Property/faisalabad_wapda_city_luxury_furnished_flat_for_rent_in_umer_heights_wapda_city_faisalabad-54561201-501-4.html,dataset_zameen-property-scraper_2026-09-21_19-29-20-666.csv,dataset_zameen-property-scraper_2026-09-21_19-29-20-666_54561201
2026-09-21T19:29:19.115Z,search,Added: 5 days ago,,450 sqft,sqft,450.0,,1.0,1.0,rental-flats,Faisalabad,16,PKR,rent,54328907.0,"Canal Road, Faisalabad",2.0,50000,50 Thousand,Furnished Apartment Single Room Available For Rent,https://www.zameen.com/Rentals_Flats_Apartments/Faisalabad-16-1.html,Faisalabad · Flats & apartments for rent,single room furnished AC LCD word r,success,https://media.zameen.com/thumbnails/300293720-400x300.jpeg,(Updated: 2 days ago),https://www.zameen.com/Property/faisalabad_canal_road_furnished_apartment_single_room_available_for_rent-54328907-1140-4.html,dataset_zameen-property-scraper_2026-09-21_19-29-20-666.csv,dataset_zameen-property-scraper_2026-09-21_19-29-20-666_54328907
2026-09-21T19:29:19.160Z,search,Added: 3 days ago,,337 sqft,sqft,337.0,Verified,1.0,1.0,rental-flats,Faisalabad,16,PKR,rent,54616993.0,"Oasis One, Lower Canal Road",7.0,75000,75 Thousand,Prime Location Flat Of 337 Square Feet Is Available For Rent In Oasis One,https://www.zameen.com/Rentals_Flats_Apartments/Faisalabad-16-1.html,Faisalabad · Flats & apartments for rent,You can pay a fair price of PKR Rs.,success,https://media.zameen.com/thumbnails/306050293-400x300.jpeg,(Updated: 1 day ago),https://www.zameen.com/Property/lower_canal_road_oasis_one_prime_location_flat_of_337_square_feet_is_available_for_rent_in_oasis_one-54616993-19684-4.html,dataset_zameen-property-scraper_2026-09-21_19-29-20-666.csv,dataset_zameen-property-scraper_2026-09-21_19-29-20-666_54616993
2026-09-21T19:29:19.250Z,search,Added: 5 days ago,,450 sqft,sqft,450.0,Verified,2.0,2.0,rental-flats,Faisalabad,16,PKR,rent,54654586.0,"Canal Road, Faisalabad",4.0,85000,85 Thousand,Furnished Flat Available For Rent,https://www.zameen.com/Rentals_Flats_Apartments/Faisalabad-16-1.html,Faisalabad · Flats & apartments for rent,Furnished Apartment Kitchen Fridge,success,https://media.zameen.com/thumbnails/306410391-400x300.jpeg,(Updated: 2 days ago),https://www.zameen.com/Property/faisalabad_canal_road_furnished_flat_available_for_rent-54654586-1140-4.html,dataset_zameen-property-scraper_2026-09-21_19-29-20-666.csv,dataset_zameen-property-scraper_2026-09-21_19-29-20-666_54654586
2026-09-21T19:29:19.293Z,search,Added: 2 weeks ago,,"1,350 sqft",sqft,1350.0,Trusted,3.0,3.0,rental-flats,Faisalabad,16,PKR,rent,54471683.0,"Eden Valley, Faisalabad",,35000,35 Thousand,Spacious 3-Bed With Dual Kitchens | D Block Eden Valley Flat For Rent,https://www.zameen.com/Rentals_Flats_Apartments/Faisalabad-16-1.html,Faisalabad · Flats & apartments for rent,The Well-Constructed Flat Carries A,success,https://images.zameen.com/smap/400/300/31.436061/73.154585/image.jpeg?quality=80&imageformat=jpeg,(Updated: 1 day ago),https://www.zameen.com/Property/faisalabad_eden_valley_spacious_3-bed_with_dual_kitchens_d_block_eden_valley_flat_for_rent-54471683-8917-4.html,dataset_zameen-property-scraper_2026-09-21_19-29-20-666.csv,dataset_zameen-property-scraper_2026-09-21_19-29-20-666_54471683
2026-09-21T19:29:19.361Z,search,Added: 1 day ago,,350 sqft,sqft,350.0,,1.0,1.0,rental-flats,Faisalabad,16,PKR,rent,54480998.0,"Millat Chowk, Faisalabad",5.0,40000,40 Thousand,Furnished Apartment For Rent,https://www.zameen.com/Rentals_Flats_Apartments/Faisalabad-16-1.html,Faisalabad · Flats & apartments for rent,"Good location for living
Kitchen wi",success,https://media.zameen.com/thumbnails/304750458-400x300.jpeg,(Updated: 1 day ago),https://www.zameen.com/Property/faisalabad_millat_chowk_furnished_apartment_for_rent-54480998-11865-4.html,dataset_zameen-property-scraper_2026-09-21_19-29-20-666.csv,dataset_zameen-property-scraper_2026-09-21_19-29-20-666_54480998
2026-09-21T19:29:19.430Z,search,Added: 1 day ago,,810 sqft,sqft,810.0,,2.0,2.0,rental-flats,Faisalabad,16,PKR,rent,54500427.0,"Lyallpur Galleria, East Canal Road",20.0,80000,80 Thousand,Lyallpur Galleria Mall Apartment | 2 BHK Furnished | 2 Bedrooms | Living Room | Basement Parking,https://www.zameen.com/Rentals_Flats_Apartments/Faisalabad-16-1.html,Faisalabad · Flats & apartments for rent,No load shedding / or Electricity i,success,https://media.zameen.com/thumbnails/304941313-400x300.jpeg,(Updated: 1 day ago),https://www.zameen.com/Property/east_canal_road_lyallpur_galleria_lyallpur_galleria_mall_apartment_2_bhk_furnished_2_bedrooms_living_room_basement_parking-54500427-10499-4.html,dataset_zameen-property-scraper_2026-09-21_19-29-20-666.csv,dataset_zameen-property-scraper_2026-09-21_19-29-20-666_54500427
2026-09-21T19:29:19.537Z,search,Added: 11 hours ago,Titanium,750 sqft,sqft,750.0,Trusted,2.0,2.0,rental-flats,Faisalabad,16,PKR,rent,54646938.0,"Wapda City, Faisalabad",15.0,70000,70 Thousand,Luxury Furnished Flat For Rent In Umer Heights Wapda City Faisalabad,https://www.zameen.com/Rentals_Flats_Apartments/Faisalabad-16-1.html,Faisalabad · Flats & apartments for rent,A beautifully designed newly furnis,success,https://media.zameen.com/thumbnails/306341862-400x300.jpeg,(Updated: 11 hours ago),https://www.zameen.com/Property/faisalabad_wapda_city_luxury_furnished_flat_for_rent_in_umer_heights_wapda_city_faisalabad-54646938-501-4.html,dataset_zameen-property-scraper_2026-09-21_19-29-20-666.csv,dataset_zameen-property-scraper_2026-09-21_19-29-20-666_54646938
2026-09-21T19:29:19.586Z,search,Added: 15 hours ago,,784 sqft,sqft,784.0,Verified,2.0,2.0,rental-flats,Faisalabad,16,PKR,rent,54771071.0,"Lower Canal Road, Faisalabad",5.0,50000,50 Thousand,Flat Available For Rent At Lower Canal Road Jaranwala Road Faisalabad,https://www.zameen.com/Rentals_Flats_Apartments/Faisalabad-16-1.html,Faisalabad · Flats & apartments for rent,Property options in Lower Canal Roa,success,https://media.zameen.com/thumbnails/307530525-400x300.jpeg,(Updated: 15 hours ago),https://www.zameen.com/Property/faisalabad_lower_canal_road_flat_available_for_rent_at_lower_canal_road_jaranwala_road_faisalabad-54771071-12189-4.html,dataset_zameen-property-scraper_2026-09-21_19-29-20-666.csv,dataset_zameen-property-scraper_2026-09-21_19-29-20-666_54771071
2026-09-21T19:29:19.665Z,search,Added: 2 days ago,,450 sqft,sqft,450.0,,,,rental-flats,Faisalabad,16,PKR,rent,54181977.0,"Wapda City, Faisalabad",6.0,55000,55 Thousand,FURNISHED 1 BHK BEDROOM AVAILABLE FOR RENT,https://www.zameen.com/Rentals_Flats_Apartments/Faisalabad-16-1.html,Faisalabad · Flats & apartments for rent,"A Prestigious Place To Live in,
 Pr",success,https://media.zameen.com/thumbnails/301166476-400x300.jpeg,(Updated: 7 hours ago),https://www.zameen.com/Property/faisalabad_wapda_city_furnished_1_bhk_bedroom_available_for_rent-54181977-501-4.html,dataset_zameen-property-scraper_2026-09-21_19-29-20-666.csv,dataset_zameen-property-scraper_2026-09-21_19-29-20-666_54181977
2026-09-21T19:29:19.701Z,search,Added: 2 days ago,,450 sqft,sqft,450.0,,1.0,,rental-flats,Faisalabad,16,PKR,rent,54018250.0,"Wapda City, Faisalabad",5.0,50000,50 Thousand,FURNISHED STUDIO BEDROOM AVAILABLE FOR RENT,https://www.zameen.com/Rentals_Flats_Apartments/Faisalabad-16-1.html,Faisalabad · Flats & apartments for rent,"A Prestigious Place To Live In,
 Pr",success,https://media.zameen.com/thumbnails/301167042-400x300.jpeg,(Updated: 2 days ago),https://www.zameen.com/Property/faisalabad_wapda_city_furnished_studio_bedroom_available_for_rent-54018250-501-4.html,dataset_zameen-property-scraper_2026-09-21_19-29-20-666.csv,dataset_zameen-property-scraper_2026-09-21_19-29-20-666_54018250
2026-09-21T19:29:19.807Z,search,Added: 10 hours ago,,"1,125 sqft",sqft,1125.0,,2.0,2.0,rental-flats,Faisalabad,16,PKR,rent,54632062.0,"Makkah Commercial Market, Faisalabad",,60000,60 Thousand,Furnished Apartment Available For Rent,https://www.zameen.com/Rentals_Flats_Apartments/Faisalabad-16-1.html,Faisalabad · Flats & apartments for rent,Furnished Apartment Available For R,success,https://images.zameen.com/smap/400/300/31.429796/73.151892/image.jpeg?quality=80&imageformat=jpeg,(Updated: 10 hours ago),https://www.zameen.com/Property/faisalabad_makkah_commercial_market_furnished_apartment_available_for_rent-54632062-13468-4.html,dataset_zameen-property-scraper_2026-09-21_19-29-20-666.csv,dataset_zameen-property-scraper_2026-09-21_19-29-20-666_54632062
2026-09-21T19:29:19.867Z,search,Added: 15 hours ago,,400 sqft,sqft,400.0,,1.0,1.0,rental-flats,Faisalabad,16,PKR,rent,54771068.0,"Susan Road, Faisalabad",,50000,50 Thousand,Apartment Available For Rent At Sussan Road Faisalabad,https://www.zameen.com/Rentals_Flats_Apartments/Faisalabad-16-1.html,Faisalabad · Flats & apartments for rent,"You know, it&#x27;s not every day that y",success,https://images.zameen.com/smap/400/300/31.421993/73.117657/image.jpeg?quality=80&imageformat=jpeg,(Updated: 15 hours ago),https://www.zameen.com/Property/faisalabad_susan_road_apartment_available_for_rent_at_sussan_road_faisalabad-54771068-8586-4.html,dataset_zameen-property-scraper_2026-09-21_19-29-20-666.csv,dataset_zameen-property-scraper_2026-09-21_19-29-20-666_54771068
2026-09-21T19:29:19.921Z,search,Added: 15 hours ago,,784 sqft,sqft,784.0,,2.0,2.0,rental-flats,Faisalabad,16,PKR,rent,54771063.0,"Canal Road, Faisalabad",,100000,1 Lakh,Flat Available For Rent At Canal Road Lyallpur Galaria Faisalabad,https://www.zameen.com/Rentals_Flats_Apartments/Faisalabad-16-1.html,Faisalabad · Flats & apartments for rent,It is now time to book your Flat in,success,https://images.zameen.com/smap/400/300/31.431648/73.121885/image.jpeg?quality=80&imageformat=jpeg,(Updated: 15 hours ago),https://www.zameen.com/Property/faisalabad_canal_road_flat_available_for_rent_at_canal_road_lyallpur_galaria_faisalabad-54771063-1140-4.html,dataset_zameen-property-scraper_2026-09-21_19-29-20-666.csv,dataset_zameen-property-scraper_2026-09-21_19-29-20-666_54771063
2026-09-21T19:29:19.979Z,search,Added: 1 day ago,Titanium,"2,000 sqft",sqft,2000.0,Trusted,,,rental-flats,Faisalabad,16,PKR,rent,53803947.0,"Susan Road, Faisalabad",,100000,1 Lakh,Ideal Flat In Susan Road Available For Rs. 100000,https://www.zameen.com/Rentals_Flats_Apartments/Faisalabad-16-1.html,Faisalabad · Flats & apartments for rent,This property is available for Rs.,success,https://images.zameen.com/smap/400/300/31.421993/73.117657/image.jpeg?quality=80&imageformat=jpeg,(Updated: 1 day ago),https://www.zameen.com/Property/faisalabad_susan_road_ideal_flat_in_susan_road_available_for_rs_100000-53803947-8586-4.html,dataset_zameen-property-scraper_2026-09-21_19-29-20-666.csv,dataset_zameen-property-scraper_2026-09-21_19-29-20-666_53803947
2026-09-21T19:29:20.054Z,search,Added: 4 days ago,,400 sqft,sqft,400.0,,1.0,1.0,rental-flats,Faisalabad,16,PKR,rent,54474096.0,"Canal Road, Faisalabad",9.0,65000,65 Thousand,Furnished Apartment For Rent,https://www.zameen.com/Rentals_Flats_Apartments/Faisalabad-16-1.html,Faisalabad · Flats & apartments for rent,"Good Location For Living 
AC With A",success,https://media.zameen.com/thumbnails/304683742-400x300.jpeg,(Updated: 2 days ago),https://www.zameen.com/Property/faisalabad_canal_road_furnished_apartment_for_rent-54474096-1140-4.html,dataset_zameen-property-scraper_2026-09-21_19-29-20-666.csv,dataset_zameen-property-scraper_2026-09-21_19-29-20-666_54474096
2026-09-21T19:29:20.130Z,search,Added: 6 days ago,,325 sqft,sqft,325.0,Verified,1.0,1.0,rental-flats,Faisalabad,16,PKR,rent,54706113.0,"Kohinoor One, Jaranwala Road",6.0,30000,30 Thousand,Flat Available For Rent At Jaranwala Road Faisalabad,https://www.zameen.com/Rentals_Flats_Apartments/Faisalabad-16-1.html,Faisalabad · Flats & apartments for rent,Seeking a comfortable lifestyle wit,success,https://media.zameen.com/thumbnails/306904763-400x300.jpeg,(Updated: 2 days ago),https://www.zameen.com/Property/jaranwala_road_kohinoor_one_flat_available_for_rent_at_jaranwala_road_faisalabad-54706113-12286-4.html,dataset_zameen-property-scraper_2026-09-21_19-29-20-666.csv,dataset_zameen-property-scraper_2026-09-21_19-29-20-666_54706113
2026-09-21T19:29:20.191Z,search,Added: 1 week ago,,"1,300 sqft",sqft,1300.0,,2.0,2.0,rental-flats,Faisalabad,16,PKR,rent,54635346.0,"Abdullah Gardens, East Canal Road",14.0,115000,1.15 Lakh,Apartment For Rent,https://www.zameen.com/Rentals_Flats_Apartments/Faisalabad-16-1.html,Faisalabad · Flats & apartments for rent,LUXURY FURNISHED APARTMENT AVAILABL,success,https://media.zameen.com/thumbnails/306219142-400x300.jpeg,(Updated: 1 day ago),https://www.zameen.com/Property/east_canal_road_abdullah_gardens_apartment_for_rent-54635346-4890-4.html,dataset_zameen-property-scraper_2026-09-21_19-29-20-666.csv,dataset_zameen-property-scraper_2026-09-21_19-29-20-666_54635346
2026-09-21T19:29:20.355Z,search,Added: 2 weeks ago,,600 sqft,sqft,600.0,,2.0,2.0,rental-flats,Faisalabad,16,PKR,rent,53533428.0,"Wapda City - Block H, Wapda City",7.0,55000,55 Thousand,Brand New Furnished Apartment Available For Rent,https://www.zameen.com/Rentals_Flats_Apartments/Faisalabad-16-1.html,Faisalabad · Flats & apartments for rent,Brand new furnished apartment Rooms,success,https://media.zameen.com/thumbnails/301863871-400x300.jpeg,(Updated: 1 day ago),https://www.zameen.com/Property/wapda_city_wapda_city_-_block_h_brand_new_furnished_apartment_available_for_rent-53533428-5073-4.html,dataset_zameen-property-scraper_2026-09-21_19-29-20-666.csv,dataset_zameen-property-scraper_2026-09-21_19-29-20-666_53533428
2026-09-21T19:29:20.420Z,search,Added: 2 weeks ago,,350 sqft,sqft,350.0,,1.0,1.0,rental-flats,Faisalabad,16,PKR,rent,54608147.0,"Madina Town, Faisalabad",6.0,65000,65 Thousand,Flats For Rent,https://www.zameen.com/Rentals_Flats_Apartments/Faisalabad-16-1.html,Faisalabad · Flats & apartments for rent,Good Location For,success,https://media.zameen.com/thumbnails/305964469-400x300.jpeg,(Updated: 3 days ago),https://www.zameen.com/Property/faisalabad_madina_town_flats_for_rent-54608147-533-4.html,dataset_zameen-property-scraper_2026-09-21_19-29-20-666.csv,dataset_zameen-property-scraper_2026-09-21_19-29-20-666_54608147
2026-09-21T19:29:20.480Z,search,Added: 4 weeks ago,Titanium,750 sqft,sqft,750.0,Trusted,2.0,2.0,rental-flats,Faisalabad,16,PKR,rent,54601021.0,"Wapda City, Faisalabad",15.0,70000,70 Thousand,Luxury Furnished Flat Room For Rent In Umer Heights Wapda City Faisalabad,https://www.zameen.com/Rentals_Flats_Apartments/Faisalabad-16-1.html,Faisalabad · Flats & apartments for rent,A beautifully designed newly furnis,success,https://media.zameen.com/thumbnails/305895383-400x300.jpeg,(Updated: 4 days ago),https://www.zameen.com/Property/faisalabad_wapda_city_luxury_furnished_flat_room_for_rent_in_umer_heights_wapda_city_faisalabad-54601021-501-4.html,dataset_zameen-property-scraper_2026-09-21_19-29-20-666.csv,dataset_zameen-property-scraper_2026-09-21_19-29-20-666_54601021
2026-09-21T19:29:20.537Z,search,Added: 4 weeks ago,Titanium,750 sqft,sqft,750.0,Trusted,2.0,2.0,rental-flats,Faisalabad,16,PKR,rent,54637034.0,"Wapda City, Faisalabad",15.0,70000,70 Thousand,Luxury Furnished Flat For Rent In Umer Heights Wapda City Faisalabad,https://www.zameen.com/Rentals_Flats_Apartments/Faisalabad-16-1.html,Faisalabad · Flats & apartments for rent,A beautifully designed newly furnis,success,https://media.zameen.com/thumbnails/306238808-400x300.jpeg,(Updated: 4 days ago),https://www.zameen.com/Property/faisalabad_wapda_city_luxury_furnished_flat_for_rent_in_umer_heights_wapda_city_faisalabad-54637034-501-4.html,dataset_zameen-property-scraper_2026-09-21_19-29-20-666.csv,dataset_zameen-property-scraper_2026-09-21_19-29-20-666_54637034
2026-09-21T19:29:20.594Z,search,Added: 4 weeks ago,Titanium,750 sqft,sqft,750.0,Trusted,2.0,2.0,rental-flats,Faisalabad,16,PKR,rent,54637079.0,"Wapda City, Faisalabad",15.0,70000,70 Thousand,Luxury Furnished Flat For Rent In Umer Heights Wapda City Faisalabad,https://www.zameen.com/Rentals_Flats_Apartments/Faisalabad-16-1.html,Faisalabad · Flats & apartments for rent,A beautifully designed newly furnis,success,https://media.zameen.com/thumbnails/306239305-400x300.jpeg,(Updated: 4 days ago),https://www.zameen.com/Property/faisalabad_wapda_city_luxury_furnished_flat_for_rent_in_umer_heights_wapda_city_faisalabad-54637079-501-4.html,dataset_zameen-property-scraper_2026-09-21_19-29-20-666.csv,dataset_zameen-property-scraper_2026-09-21_19-29-20-666_54637079
2026-09-21T19:29:20.649Z,search,Added: 1 month ago,,450 sqft,sqft,450.0,,2.0,2.0,rental-flats,Faisalabad,16,PKR,rent,54018267.0,"Wapda City, Faisalabad",18.0,75000,75 Thousand,FURNISHED 2BHK AVAILABLE FLAT FOR RENT,https://www.zameen.com/Rentals_Flats_Apartments/Faisalabad-16-1.html,Faisalabad · Flats & apartments for rent,"A Prestigious Place To Live In,
 Pr",success,https://media.zameen.com/thumbnails/301167030-400x300.jpeg,(Updated: 4 days ago),https://www.zameen.com/Property/faisalabad_wapda_city_furnished_2bhk_available_flat_for_rent-54018267-501-4.html,dataset_zameen-property-scraper_2026-09-21_19-29-20-666.csv,dataset_zameen-property-scraper_2026-09-21_19-29-20-666_54018267
2026-09-21T19:30:24.637Z,search,Added: 1 day ago,Titanium,1 Kanal,Kanal,1.0,super hot,5.0,4.0,rental-commercial,Faisalabad,16,PKR,rent,54768459.0,"Civil Lines, Faisalabad",4.0,1000000,10 Lakh,1 Kanal Building Available For Rent Best For Brand Outlet Bank And Restaurant Hospital Etc,https://www.zameen.com/Rentals_Commercial/Faisalabad-16-1.html,Faisalabad · Commercial for rent,The 1 Kanal newly built commercial,success,https://media.zameen.com/thumbnails/307504649-400x300.jpeg,(Updated: 1 day ago),https://www.zameen.com/Property/faisalabad_civil_lines_1_kanal_building_available_for_rent_best_for_brand_outlet_bank_and_restaurant_hospital_etc-54768459-652-4.html,dataset_zameen-property-scraper_2026-09-21_19-30-26-291.csv,dataset_zameen-property-scraper_2026-09-21_19-30-26-291_54768459
2026-09-21T19:30:24.958Z,search,Added: 4 days ago,Titanium,4.5 Marla,Marla,4.5,super hot,,,rental-commercial,Faisalabad,16,PKR,rent,54679659.0,"Sitara Square, Canal Road",5.0,650000,6.5 Lakh,4.5 Marla Units Available For Rent,https://www.zameen.com/Rentals_Commercial/Faisalabad-16-1.html,Faisalabad · Commercial for rent,"prime location 

The prosperous cit",success,https://media.zameen.com/thumbnails/307227589-400x300.jpeg,(Updated: 1 day ago),https://www.zameen.com/Property/canal_road_sitara_square_4_5_marla_units_available_for_rent-54679659-22327-4.html,dataset_zameen-property-scraper_2026-09-21_19-30-26-291.csv,dataset_zameen-property-scraper_2026-09-21_19-30-26-291_54679659
2026-09-21T19:30:24.997Z,search,Added: 4 days ago,Titanium,3 Marla,Marla,3.0,super hot,,,rental-commercial,Faisalabad,16,PKR,rent,54675803.0,"Green Avenue Commercial, Canal Road",2.0,275000,2.75 Lakh,Spacious Building Is Available In Green Avenue Commercial For Rent,https://www.zameen.com/Rentals_Commercial/Faisalabad-16-1.html,Faisalabad · Commercial for rent,The Building is in demand for all k,success,https://media.zameen.com/thumbnails/306632721-400x300.jpeg,(Updated: 1 day ago),https://www.zameen.com/Property/canal_road_green_avenue_commercial_spacious_building_is_available_in_green_avenue_commercial_for_rent-54675803-22191-4.html,dataset_zameen-property-scraper_2026-09-21_19-30-26-291.csv,dataset_zameen-property-scraper_2026-09-21_19-30-26-291_54675803
2026-09-21T19:30:25.070Z,search,Added: 4 days ago,Titanium,2.2 Marla,Marla,2.2,super hot,,,rental-commercial,Faisalabad,16,PKR,rent,54572228.0,"Green Avenue Commercial, Canal Road",5.0,255000,2.55 Lakh,2.2 Marla 3 Storey Building Available For Rent In Green Avenue Faisalabad,https://www.zameen.com/Rentals_Commercial/Faisalabad-16-1.html,Faisalabad · Commercial for rent,A 495 Square Feet property is well-,success,https://media.zameen.com/thumbnails/305658799-400x300.jpeg,(Updated: 1 day ago),https://www.zameen.com/Property/canal_road_green_avenue_commercial_2_2_marla_3_storey_building_available_for_rent_in_green_avenue_faisalabad-54572228-22191-4.html,dataset_zameen-property-scraper_2026-09-21_19-30-26-291.csv,dataset_zameen-property-scraper_2026-09-21_19-30-26-291_54572228
2026-09-21T19:30:25.112Z,search,Added: 4 days ago,Titanium,6 Marla,Marla,6.0,super hot,,,rental-commercial,Faisalabad,16,PKR,rent,54675786.0,"Green Avenue Commercial, Canal Road",4.0,600000,6 Lakh,Unoccupied Building Of 6 Marla Is Available For Rent In Canal Road,https://www.zameen.com/Rentals_Commercial/Faisalabad-16-1.html,Faisalabad · Commercial for rent,The best option could be to make a,success,https://media.zameen.com/thumbnails/306634590-400x300.jpeg,(Updated: 1 day ago),https://www.zameen.com/Property/canal_road_green_avenue_commercial_unoccupied_building_of_6_marla_is_available_for_rent_in_canal_road-54675786-22191-4.html,dataset_zameen-property-scraper_2026-09-21_19-30-26-291.csv,dataset_zameen-property-scraper_2026-09-21_19-30-26-291_54675786
2026-09-21T19:30:25.162Z,search,Added: 1 day ago,Titanium,8 Marla,Marla,8.0,Trusted,3.0,,rental-commercial,Faisalabad,16,PKR,rent,53676358.0,"D Ground, Faisalabad",27.0,200000,2 Lakh,Ideal Location Office Available For Rent Best For Visa Consultancy Travel Agency Multinational Companies Etc,https://www.zameen.com/Rentals_Commercial/Faisalabad-16-1.html,Faisalabad · Commercial for rent,VIP Ground Floor Available for Rent,success,https://media.zameen.com/thumbnails/300814485-400x300.jpeg,(Updated: 1 day ago),https://www.zameen.com/Property/faisalabad_d_ground_ideal_location_office_available_for_rent_best_for_visa_consultancy_travel_agency_multinational_companies_etc-53676358-537-4.html,dataset_zameen-property-scraper_2026-09-21_19-30-26-291.csv,dataset_zameen-property-scraper_2026-09-21_19-30-26-291_53676358
2026-09-21T19:30:25.236Z,search,Added: 1 day ago,Titanium,8.9 Marla,Marla,8.9,Trusted,,,rental-commercial,Faisalabad,16,PKR,rent,53749634.0,"Kohinoor City, Faisalabad",20.0,150000,1.5 Lakh,360 Square Feet Spacious Office Is Available In Kohinoor City For Rent,https://www.zameen.com/Rentals_Commercial/Faisalabad-16-1.html,Faisalabad · Commercial for rent,VIP Ground Floor Available for Rent,success,https://media.zameen.com/thumbnails/300814341-400x300.jpeg,(Updated: 1 day ago),https://www.zameen.com/Property/faisalabad_kohinoor_city_360_square_feet_spacious_office_is_available_in_kohinoor_city_for_rent-53749634-1360-4.html,dataset_zameen-property-scraper_2026-09-21_19-30-26-291.csv,dataset_zameen-property-scraper_2026-09-21_19-30-26-291_53749634
2026-09-21T19:30:25.299Z,search,Added: 1 day ago,Titanium,13.3 Marla,Marla,13.3,Trusted,2.0,,rental-commercial,Faisalabad,16,PKR,rent,54427380.0,"D Ground, Faisalabad",19.0,200000,2 Lakh,Ideal Ready To Use Office Available For Rent Best For Software House Call Center Multinational Companies,https://www.zameen.com/Rentals_Commercial/Faisalabad-16-1.html,Faisalabad · Commercial for rent,Get your chunk of urban living with,success,https://media.zameen.com/thumbnails/304218225-400x300.jpeg,(Updated: 1 day ago),https://www.zameen.com/Property/faisalabad_d_ground_ideal_ready_to_use_office_available_for_rent_best_for_software_house_call_center_multinational_companies-54427380-537-4.html,dataset_zameen-property-scraper_2026-09-21_19-30-26-291.csv,dataset_zameen-property-scraper_2026-09-21_19-30-26-291_54427380
2026-09-21T19:30:25.358Z,search,Added: 1 day ago,Titanium,11.1 Marla,Marla,11.1,Trusted,,,rental-commercial,Faisalabad,16,PKR,rent,54331102.0,"Kohinoor City, Faisalabad",24.0,250000,2.5 Lakh,Fully Furnished Office Available For Rent Best For Software House IT Call Center Multinationals Companies,https://www.zameen.com/Rentals_Commercial/Faisalabad-16-1.html,Faisalabad · Commercial for rent,2500 Sq. Ft. Fully Furnished Office,success,https://media.zameen.com/thumbnails/299829492-400x300.jpeg,(Updated: 1 day ago),https://www.zameen.com/Property/faisalabad_kohinoor_city_fully_furnished_office_available_for_rent_best_for_software_house_it_call_center_multinationals_companies-54331102-1360-4.html,dataset_zameen-property-scraper_2026-09-21_19-30-26-291.csv,dataset_zameen-property-scraper_2026-09-21_19-30-26-291_54331102
2026-09-21T19:30:25.422Z,search,Added: 1 day ago,Titanium,8.9 Marla,Marla,8.9,Trusted,3.0,,rental-commercial,Faisalabad,16,PKR,rent,53696228.0,"Kohinoor City, Faisalabad",21.0,420000,4.2 Lakh,Fully Furnished Office Available For Rent Kohinoor City Office Sized 2000 Square Feet Is Available,https://www.zameen.com/Rentals_Commercial/Faisalabad-16-1.html,Faisalabad · Commercial for rent,For those who are trying to find 20,success,https://media.zameen.com/thumbnails/300814406-400x300.jpeg,(Updated: 1 day ago),https://www.zameen.com/Property/faisalabad_kohinoor_city_fully_furnished_office_available_for_rent_kohinoor_city_office_sized_2000_square_feet_is_available-53696228-1360-4.html,dataset_zameen-property-scraper_2026-09-21_19-30-26-291.csv,dataset_zameen-property-scraper_2026-09-21_19-30-26-291_53696228
2026-09-21T19:30:25.480Z,search,Added: 1 day ago,Titanium,2 Kanal,Kanal,2.0,Trusted,,,rental-commercial,Faisalabad,16,PKR,rent,54276911.0,"Canal Road, Faisalabad",23.0,650000,6.5 Lakh,40 Marla Hall Available For Rent Best For Multinational Companies IT Center,https://www.zameen.com/Rentals_Commercial/Faisalabad-16-1.html,Faisalabad · Commercial for rent,**40 Marla Commercial Hall Availabl,success,https://media.zameen.com/thumbnails/301173587-400x300.jpeg,(Updated: 1 day ago),https://www.zameen.com/Property/faisalabad_canal_road_40_marla_hall_available_for_rent_best_for_multinational_companies_it_center-54276911-1140-4.html,dataset_zameen-property-scraper_2026-09-21_19-30-26-291.csv,dataset_zameen-property-scraper_2026-09-21_19-30-26-291_54276911
2026-09-21T19:30:25.557Z,search,Added: 1 day ago,Titanium,2.2 Kanal,Kanal,2.2,Trusted,,,rental-commercial,Faisalabad,16,PKR,rent,53913387.0,"Canal Road, Faisalabad",10.0,800000,8 Lakh,Fully Plaza Available For Rent Best For Hospital And Multinational Companies Etc,https://www.zameen.com/Rentals_Commercial/Faisalabad-16-1.html,Faisalabad · Commercial for rent,VIP Offices Available For Rent At P,success,https://media.zameen.com/thumbnails/301173124-400x300.jpeg,(Updated: 1 day ago),https://www.zameen.com/Property/faisalabad_canal_road_fully_plaza_available_for_rent_best_for_hospital_and_multinational_companies_etc-53913387-1140-4.html,dataset_zameen-property-scraper_2026-09-21_19-30-26-291.csv,dataset_zameen-property-scraper_2026-09-21_19-30-26-291_53913387
2026-09-21T19:30:25.621Z,search,Added: 11 hours ago,,5.3 Marla,Marla,5.3,,1.0,,rental-commercial,Faisalabad,16,PKR,rent,54772909.0,"City Walk, Canal Road",23.0,600000,6 Lakh,4.5 Marla Shop Available For Rent,https://www.zameen.com/Rentals_Commercial/Faisalabad-16-1.html,Faisalabad · Commercial for rent,4.5 Marla Shop Available For Rent,success,https://media.zameen.com/thumbnails/307545874-400x300.jpeg,,https://www.zameen.com/Property/canal_road_city_walk_4_5_marla_shop_available_for_rent-54772909-22235-4.html,dataset_zameen-property-scraper_2026-09-21_19-30-26-291.csv,dataset_zameen-property-scraper_2026-09-21_19-30-26-291_54772909
2026-09-21T19:30:25.674Z,search,Added: 11 hours ago,,2.7 Marla,Marla,2.7,,1.0,,rental-commercial,Faisalabad,16,PKR,rent,54772928.0,"City Walk, Canal Road",21.0,300000,3 Lakh,2.3 marla shop,https://www.zameen.com/Rentals_Commercial/Faisalabad-16-1.html,Faisalabad · Commercial for rent,2.3 Marla Shop Available For Rent,success,https://media.zameen.com/thumbnails/307545642-400x300.jpeg,,https://www.zameen.com/Property/canal_road_city_walk_2_3_marla_shop-54772928-22235-4.html,dataset_zameen-property-scraper_2026-09-21_19-30-26-291.csv,dataset_zameen-property-scraper_2026-09-21_19-30-26-291_54772928
2026-09-21T19:30:25.766Z,search,Added: 1 day ago,,17.8 Kanal,Kanal,17.8,,4.0,,rental-commercial,Faisalabad,16,PKR,rent,52980407.0,"M3 Industrial City, Faisalabad",10.0,2590000,25.9 Lakh,80000 Sq Feet Warehouse Available For Rent With Wide Parking At FIEDMC,https://www.zameen.com/Rentals_Commercial/Faisalabad-16-1.html,Faisalabad · Commercial for rent,Ideal Warehouse 80000 Sqft Availabl,success,https://media.zameen.com/thumbnails/305455931-400x300.jpeg,,https://www.zameen.com/Property/faisalabad_m3_industrial_city_80000_sq_feet_warehouse_available_for_rent_with_wide_parking_at_fiedmc-52980407-17454-4.html,dataset_zameen-property-scraper_2026-09-21_19-30-26-291.csv,dataset_zameen-property-scraper_2026-09-21_19-30-26-291_52980407
2026-09-21T19:30:25.828Z,search,Added: 1 day ago,,6.7 Kanal,Kanal,6.7,Verified,2.0,,rental-commercial,Faisalabad,16,PKR,rent,53046214.0,"M3 Industrial City, Faisalabad",6.0,850000,8.5 Lakh,"Prime 30,000 Square Feet Warehouse Ample Parking M3-Industrial Zone, Faisalabad",https://www.zameen.com/Rentals_Commercial/Faisalabad-16-1.html,Faisalabad · Commercial for rent,"Discover an ideal 30,000 sq ft ware",success,https://media.zameen.com/thumbnails/305455947-400x300.jpeg,,https://www.zameen.com/Property/faisalabad_m3_industrial_city_prime_30_000_square_feet_warehouse_ample_parking_m3-industrial_zone_faisalabad-53046214-17454-4.html,dataset_zameen-property-scraper_2026-09-21_19-30-26-291.csv,dataset_zameen-property-scraper_2026-09-21_19-30-26-291_53046214
2026-09-21T19:30:25.873Z,search,Added: 6 days ago,,8.9 Marla,Marla,8.9,Verified,2.0,,rental-commercial,Faisalabad,16,PKR,rent,54638722.0,"D Ground, Faisalabad",5.0,90000,90 Thousand,Ready To Move Office Available For Rent At D Ground Faisalabad,https://www.zameen.com/Rentals_Commercial/Faisalabad-16-1.html,Faisalabad · Commercial for rent,You&#x27;ll stay in your rental property,success,https://media.zameen.com/thumbnails/306257285-400x300.jpeg,(Updated: 2 days ago),https://www.zameen.com/Property/faisalabad_d_ground_ready_to_move_office_available_for_rent_at_d_ground_faisalabad-54638722-537-4.html,dataset_zameen-property-scraper_2026-09-21_19-30-26-291.csv,dataset_zameen-property-scraper_2026-09-21_19-30-26-291_54638722
2026-09-21T19:30:25.921Z,search,Added: 13 hours ago,Titanium,5.3 Marla,Marla,5.3,Trusted,,,rental-commercial,Faisalabad,16,PKR,rent,54706164.0,"Kohinoor City, Faisalabad",5.0,120000,1.2 Lakh,1200 Square Feet Office Situated In Kohinoor City For Rent,https://www.zameen.com/Rentals_Commercial/Faisalabad-16-1.html,Faisalabad · Commercial for rent,"At a price of PKR Rs. 120000, this",success,https://media.zameen.com/thumbnails/306905002-400x300.jpeg,(Updated: 13 hours ago),https://www.zameen.com/Property/faisalabad_kohinoor_city_1200_square_feet_office_situated_in_kohinoor_city_for_rent-54706164-1360-4.html,dataset_zameen-property-scraper_2026-09-21_19-30-26-291.csv,dataset_zameen-property-scraper_2026-09-21_19-30-26-291_54706164
2026-09-21T19:30:25.963Z,search,Added: 14 hours ago,Titanium,1.1 Kanal,Kanal,1.1,Trusted,,,rental-commercial,Faisalabad,16,PKR,rent,54771755.0,"Kohinoor City, Faisalabad",5.0,700000,7 Lakh,4950 Square Feet Office For Rent In Kohinoor City,https://www.zameen.com/Rentals_Commercial/Faisalabad-16-1.html,Faisalabad · Commercial for rent,For a quality lifestyle in Kohinoor,success,https://media.zameen.com/thumbnails/307535154-400x300.jpeg,(Updated: 14 hours ago),https://www.zameen.com/Property/faisalabad_kohinoor_city_4950_square_feet_office_for_rent_in_kohinoor_city-54771755-1360-4.html,dataset_zameen-property-scraper_2026-09-21_19-30-26-291.csv,dataset_zameen-property-scraper_2026-09-21_19-30-26-291_54771755
2026-09-21T19:30:26.021Z,search,Added: 23 hours ago,Titanium,2.7 Marla,Marla,2.7,Trusted,,,rental-commercial,Faisalabad,16,PKR,rent,54447900.0,"Green Avenue Commercial, Canal Road",5.0,250000,2.5 Lakh,2.2 Marla 3 Storey Plaza Available For Rent In Green Avenue Canal Road,https://www.zameen.com/Rentals_Commercial/Faisalabad-16-1.html,Faisalabad · Commercial for rent,Bookings are open for the rental pr,success,https://media.zameen.com/thumbnails/304955079-400x300.jpeg,,https://www.zameen.com/Property/canal_road_green_avenue_commercial_2_2_marla_3_storey_plaza_available_for_rent_in_green_avenue_canal_road-54447900-22191-4.html,dataset_zameen-property-scraper_2026-09-21_19-30-26-291.csv,dataset_zameen-property-scraper_2026-09-21_19-30-26-291_54447900
2026-09-21T19:30:26.075Z,search,Added: 1 day ago,Titanium,8.9 Marla,Marla,8.9,Trusted,3.0,,rental-commercial,Faisalabad,16,PKR,rent,53696226.0,"Kohinoor City, Faisalabad",20.0,190000,1.9 Lakh,Ideal Office Available 2000 Square Feet Office Is Available In Kohinoor City,https://www.zameen.com/Rentals_Commercial/Faisalabad-16-1.html,Faisalabad · Commercial for rent,What could possibly get more better,success,https://media.zameen.com/thumbnails/301173093-400x300.jpeg,(Updated: 1 day ago),https://www.zameen.com/Property/faisalabad_kohinoor_city_ideal_office_available_2000_square_feet_office_is_available_in_kohinoor_city-53696226-1360-4.html,dataset_zameen-property-scraper_2026-09-21_19-30-26-291.csv,dataset_zameen-property-scraper_2026-09-21_19-30-26-291_53696226
2026-09-21T19:30:26.120Z,search,Added: 1 day ago,Titanium,8.9 Marla,Marla,8.9,Trusted,,,rental-commercial,Faisalabad,16,PKR,rent,53696225.0,"Kohinoor City, Faisalabad",24.0,120000,1.2 Lakh,Gorgeous 2000 Square Feet Office For Rent Available In Kohinoor City,https://www.zameen.com/Rentals_Commercial/Faisalabad-16-1.html,Faisalabad · Commercial for rent,PKR Rs. 120000 is the best price fo,success,https://media.zameen.com/thumbnails/301174151-400x300.jpeg,(Updated: 1 day ago),https://www.zameen.com/Property/faisalabad_kohinoor_city_gorgeous_2000_square_feet_office_for_rent_available_in_kohinoor_city-53696225-1360-4.html,dataset_zameen-property-scraper_2026-09-21_19-30-26-291.csv,dataset_zameen-property-scraper_2026-09-21_19-30-26-291_53696225
2026-09-21T19:30:26.177Z,search,Added: 1 day ago,Titanium,11.1 Marla,Marla,11.1,Trusted,3.0,,rental-commercial,Faisalabad,16,PKR,rent,53913219.0,"Kohinoor City, Faisalabad",22.0,200000,2 Lakh,Fully Furnished Office Available For Rent Best For Multinational Campines Etc,https://www.zameen.com/Rentals_Commercial/Faisalabad-16-1.html,Faisalabad · Commercial for rent,VIP Offices Available For Rent At P,success,https://media.zameen.com/thumbnails/300813978-400x300.jpeg,(Updated: 1 day ago),https://www.zameen.com/Property/faisalabad_kohinoor_city_fully_furnished_office_available_for_rent_best_for_multinational_campines_etc-53913219-1360-4.html,dataset_zameen-property-scraper_2026-09-21_19-30-26-291.csv,dataset_zameen-property-scraper_2026-09-21_19-30-26-291_53913219
2026-09-21T19:30:26.223Z,search,Added: 1 day ago,Titanium,8.9 Marla,Marla,8.9,Trusted,3.0,,rental-commercial,Faisalabad,16,PKR,rent,53756006.0,"Kohinoor City, Faisalabad",32.0,180000,1.8 Lakh,Fully Ready Office For Rent Best For Multinational Companies Etc,https://www.zameen.com/Rentals_Commercial/Faisalabad-16-1.html,Faisalabad · Commercial for rent,VIP Ground Floor Available for Rent,success,https://media.zameen.com/thumbnails/301175609-400x300.jpeg,(Updated: 1 day ago),https://www.zameen.com/Property/faisalabad_kohinoor_city_fully_ready_office_for_rent_best_for_multinational_companies_etc-53756006-1360-4.html,dataset_zameen-property-scraper_2026-09-21_19-30-26-291.csv,dataset_zameen-property-scraper_2026-09-21_19-30-26-291_53756006
2026-09-21T19:30:26.271Z,search,Added: 1 day ago,Titanium,4.9 Marla,Marla,4.9,Trusted,2.0,,rental-commercial,Faisalabad,16,PKR,rent,53755913.0,"Kohinoor City, Faisalabad",25.0,100000,1 Lakh,Ideal Location Available For Rent Best For Visa Consultancy Travel Agency Multinational Companies Etc,https://www.zameen.com/Rentals_Commercial/Faisalabad-16-1.html,Faisalabad · Commercial for rent,VIP Ground Floor Available for Rent,success,https://media.zameen.com/thumbnails/300814361-400x300.jpeg,(Updated: 1 day ago),https://www.zameen.com/Property/faisalabad_kohinoor_city_ideal_location_available_for_rent_best_for_visa_consultancy_travel_agency_multinational_companies_etc-53755913-1360-4.html,dataset_zameen-property-scraper_2026-09-21_19-30-26-291.csv,dataset_zameen-property-scraper_2026-09-21_19-30-26-291_53755913
2026-09-21T19:31:25.097Z,search,Added: 13 hours ago,Titanium,"2,200 sqft",sqft,2200.0,super hot,4.0,3.0,flats,Lahore,1,PKR,sale,54699969.0,"Askari 11 - Sector D, Askari 11",26.0,41700000,4.17 Crore,3 Bedroom Top Notch Apartments For Sale In ASKARI 11 - Prime Location.,https://www.zameen.com/Flats_Apartments/Lahore-1-1.html,Lahore · Flats & apartments for sale,- Danish Brothers & Developers Excl,success,https://media.zameen.com/thumbnails/307108881-400x300.jpeg,,https://www.zameen.com/Property/askari_11_askari_11_-_sector_d_3_bedroom_top_notch_apartments_for_sale_in_askari_11_-_prime_location-54699969-21437-1.html,dataset_zameen-property-scraper_2026-09-21_19-31-26-595.csv,dataset_zameen-property-scraper_2026-09-21_19-31-26-595_54699969
2026-09-21T19:31:25.178Z,search,Added: 2 days ago,Titanium,"1,203 sqft",sqft,1203.0,super hot,2.0,1.0,flats,Lahore,1,PKR,sale,54569900.0,"Penta Square By DHA Lahore, DHA Phase 5",27.0,39000000,3.9 Crore,100% Original Pics Of Penta Square Fully Furnished 1 Bed Apartment (1203 Square Feet) For Sale In Tower A 13th Floor,https://www.zameen.com/Flats_Apartments/Lahore-1-1.html,Lahore · Flats & apartments for sale,100% Original Pics of Penta Square,success,https://media.zameen.com/thumbnails/305604141-400x300.jpeg,(Updated: 2 days ago),https://www.zameen.com/Property/dha_phase_5_penta_square_by_dha_lahore_100_original_pics_of_penta_square_fully_furnished_1_bed_apartment_1203_square_feet_for_sale_in_tower_a_13th_floor-54569900-11845-1.html,dataset_zameen-property-scraper_2026-09-21_19-31-26-595.csv,dataset_zameen-property-scraper_2026-09-21_19-31-26-595_54569900
2026-09-21T19:31:25.247Z,search,Added: 2 days ago,Titanium,500 sqft,sqft,500.0,super hot,1.0,1.0,flats,Lahore,1,PKR,sale,54766179.0,"Bahria Town - Sector E, Bahria Town",6.0,7000000,70 Lakh,1 Bed Ready To Move Apartment Available For Sale In Sector E Bahria Town Lahore,https://www.zameen.com/Flats_Apartments/Lahore-1-1.html,Lahore · Flats & apartments for sale,"BAHRIA TOWN LAHORE

A modern, maste",success,https://media.zameen.com/thumbnails/307480690-400x300.jpeg,(Updated: 9 hours ago),https://www.zameen.com/Property/bahria_town_bahria_town_-_sector_e_1_bed_ready_to_move_apartment_available_for_sale_in_sector_e_bahria_town_lahore-54766179-1802-1.html,dataset_zameen-property-scraper_2026-09-21_19-31-26-595.csv,dataset_zameen-property-scraper_2026-09-21_19-31-26-595_54766179
2026-09-21T19:31:25.317Z,search,Added: 2 days ago,Titanium,"2,925 sqft",sqft,2925.0,super hot,4.0,4.0,flats,Lahore,1,PKR,sale,54765530.0,"Askari 10, Askari",34.0,49500000,4.95 Crore,Beautiful 4 Bed Brand New Open View Apartment For Urgent Sale In Askari 10 Sec-G!,https://www.zameen.com/Flats_Apartments/Lahore-1-1.html,Lahore · Flats & apartments for sale,"12 Marla 4 Bed Apartment:
. 4 Bedro",success,https://media.zameen.com/thumbnails/307474120-400x300.jpeg,(Updated: 2 days ago),https://www.zameen.com/Property/askari_askari_10_beautiful_4_bed_brand_new_open_view_apartment_for_urgent_sale_in_askari_10_sec-g-54765530-1011-1.html,dataset_zameen-property-scraper_2026-09-21_19-31-26-595.csv,dataset_zameen-property-scraper_2026-09-21_19-31-26-595_54765530
2026-09-21T19:31:25.385Z,search,Added: 3 days ago,Titanium,"2,700 sqft",sqft,2700.0,super hot,5.0,4.0,flats,Lahore,1,PKR,sale,54215154.0,"Askari 12, Askari",17.0,35000000,3.5 Crore,Best Investment Opportunity | Brand New 12 Marla 4 Bedroom Apartment for Sale in Askari 12 Lahore,https://www.zameen.com/Flats_Apartments/Lahore-1-1.html,Lahore · Flats & apartments for sale,Looking for a perfect family home o,success,https://media.zameen.com/thumbnails/302908510-400x300.jpeg,(Updated: 25 minutes ago),https://www.zameen.com/Property/askari_askari_12_best_investment_opportunity_brand_new_12_marla_4_bedroom_apartment_for_sale_in_askari_12_lahore-54215154-22537-1.html,dataset_zameen-property-scraper_2026-09-21_19-31-26-595.csv,dataset_zameen-property-scraper_2026-09-21_19-31-26-595_54215154
2026-09-21T19:31:25.431Z,search,Added: 4 hours ago,,"2,925 sqft",sqft,2925.0,super hot,5.0,4.0,flats,Lahore,1,PKR,sale,54662937.0,"Askari 12, Askari",7.0,39000000,3.9 Crore,EXCLUSIVE 13 MARLA 5TH FLOOR APARTMENT FOR SALE IN ASKARI 12 | 4 BEDROOM FLAT,https://www.zameen.com/Flats_Apartments/Lahore-1-1.html,Lahore · Flats & apartments for sale,"Askari 12 13 Marla Flat for Sale

D",success,https://media.zameen.com/thumbnails/306484945-400x300.jpeg,,https://www.zameen.com/Property/askari_askari_12_exclusive_13_marla_5th_floor_apartment_for_sale_in_askari_12_4_bedroom_flat-54662937-22537-1.html,dataset_zameen-property-scraper_2026-09-21_19-31-26-595.csv,dataset_zameen-property-scraper_2026-09-21_19-31-26-595_54662937
2026-09-21T19:31:25.503Z,search,Added: 4 hours ago,,"2,475 sqft",sqft,2475.0,super hot,4.0,3.0,flats,Lahore,1,PKR,sale,54483086.0,"Askari 11 - Sector B Apartments, Askari 11",29.0,41500000,4.15 Crore,Special Building 11 Marla 3 Bed Flat Beside McDonald For Sale In Askari 11 Lahore,https://www.zameen.com/Flats_Apartments/Lahore-1-1.html,Lahore · Flats & apartments for sale,Special Building 11 Marla 3 Bed Fla,success,https://media.zameen.com/thumbnails/304773221-400x300.jpeg,,https://www.zameen.com/Property/askari_11_askari_11_-_sector_b_apartments_special_building_11_marla_3_bed_flat_beside_mcdonald_for_sale_in_askari_11_lahore-54483086-15703-1.html,dataset_zameen-property-scraper_2026-09-21_19-31-26-595.csv,dataset_zameen-property-scraper_2026-09-21_19-31-26-595_54483086
2026-09-21T19:31:25.573Z,search,Added: 7 hours ago,,398 sqft,sqft,398.0,super hot,1.0,1.0,flats,Lahore,1,PKR,sale,,"Marbella Drive Residency, Raiwind Road",5.0,6987000,69.87 Lakh,Studio And 1 Bed Apartments Are Available For Sale,https://www.zameen.com/Flats_Apartments/Lahore-1-1.html,Lahore · Flats & apartments for sale,Marbella Drive Residency Redefining,success,https://media.zameen.com/thumbnails/300666626-400x300.jpeg,,,dataset_zameen-property-scraper_2026-09-21_19-31-26-595.csv,dataset_zameen-property-scraper_2026-09-21_19-31-26-595_row_7
2026-09-21T19:31:25.664Z,search,Added: 7 hours ago,,"1,000 sqft",sqft,1000.0,super hot,2.0,2.0,flats,Lahore,1,PKR,sale,54766063.0,"Johar Town Phase 1 - Block D2, Johar Town Phase 1",37.0,20000000,2 Crore,"2 Bed Ready To Move Luxury Apartment For Sale In Downtown Heights, Johar Town Lahore",https://www.zameen.com/Flats_Apartments/Lahore-1-1.html,Lahore · Flats & apartments for sale,2 Bed Ready to Move Luxury Apartmen,success,https://media.zameen.com/thumbnails/307536513-400x300.jpeg,(Updated: 7 hours ago),https://www.zameen.com/Property/johar_town_phase_1_johar_town_phase_1_-_block_d2_2_bed_ready_to_move_luxury_apartment_for_sale_in_downtown_heights_johar_town_lahore-54766063-3951-1.html,dataset_zameen-property-scraper_2026-09-21_19-31-26-595.csv,dataset_zameen-property-scraper_2026-09-21_19-31-26-595_54766063
2026-09-21T19:31:25.722Z,search,Added: 8 hours ago,,500 sqft,sqft,500.0,super hot,1.0,1.0,flats,Lahore,1,PKR,sale,54766731.0,"Bahria Town - Sector C, Bahria Town",8.0,6500000,65 Lakh,ONE BED LUXURIOUS APARTMENT FOR SALE AT PRIME LOCATION OF BAHRIA TOWN LAHORE,https://www.zameen.com/Flats_Apartments/Lahore-1-1.html,Lahore · Flats & apartments for sale,LAND VISTA OFFER A WIDE RANGE OF RE,success,https://media.zameen.com/thumbnails/307485880-400x300.jpeg,,https://www.zameen.com/Property/bahria_town_bahria_town_-_sector_c_one_bed_luxurious_apartment_for_sale_at_prime_location_of_bahria_town_lahore-54766731-1784-1.html,dataset_zameen-property-scraper_2026-09-21_19-31-26-595.csv,dataset_zameen-property-scraper_2026-09-21_19-31-26-595_54766731
2026-09-21T19:31:25.779Z,search,Added: 2 hours ago,Titanium,"2,200 sqft",sqft,2200.0,Trusted,4.0,3.0,flats,Lahore,1,PKR,sale,54644497.0,"Penta Square By DHA Lahore, DHA Phase 5",12.0,74500000,7.45 Crore,Superb View Furnished Luxurious 3 Beds Apartment For Sale In DHA Phase 5,https://www.zameen.com/Flats_Apartments/Lahore-1-1.html,Lahore · Flats & apartments for sale,Superb View Furnished Luxurious 3 b,success,https://media.zameen.com/thumbnails/306316331-400x300.jpeg,,https://www.zameen.com/Property/dha_phase_5_penta_square_by_dha_lahore_superb_view_furnished_luxurious_3_beds_apartment_for_sale_in_dha_phase_5-54644497-11845-1.html,dataset_zameen-property-scraper_2026-09-21_19-31-26-595.csv,dataset_zameen-property-scraper_2026-09-21_19-31-26-595_54644497
2026-09-21T19:31:25.839Z,search,Added: 8 hours ago,Titanium,350 sqft,sqft,350.0,Trusted,1.0,,flats,Lahore,1,PKR,sale,54773252.0,"Bahria Town - Sector E, Bahria Town",5.0,5900000,59 Lakh,Studio Apartments Facing Fountain Park On Easy Installments Plan in Bahria Town Lahore,https://www.zameen.com/Flats_Apartments/Lahore-1-1.html,Lahore · Flats & apartments for sale,FOUNTAIN PARK DOWNTOWN BAHRIA TOWN,success,https://media.zameen.com/thumbnails/307548813-400x300.jpeg,(Updated: 8 hours ago),https://www.zameen.com/Property/bahria_town_bahria_town_-_sector_e_studio_apartments_facing_fountain_park_on_easy_installments_plan_in_bahria_town_lahore-54773252-1802-1.html,dataset_zameen-property-scraper_2026-09-21_19-31-26-595.csv,dataset_zameen-property-scraper_2026-09-21_19-31-26-595_54773252
2026-09-21T19:31:25.884Z,search,Added: 30 minutes ago,,"1,125 sqft",sqft,1125.0,,2.0,2.0,flats,Lahore,1,PKR,sale,54591078.0,"Bahria Orchard Phase 4 - Block G5, Bahria Orchard Phase 4",14.0,6800000,68 Lakh,Luxurious 5 Marla Flat Available For Sale At 1st Floor,https://www.zameen.com/Flats_Apartments/Lahore-1-1.html,Lahore · Flats & apartments for sale,"Near To

Mosque
Park
Market
Main",success,https://media.zameen.com/thumbnails/305801175-400x300.jpeg,,https://www.zameen.com/Property/bahria_orchard_phase_4_bahria_orchard_phase_4_-_block_g5_luxurious_5_marla_flat_available_for_sale_at_1st_floor-54591078-15717-1.html,dataset_zameen-property-scraper_2026-09-21_19-31-26-595.csv,dataset_zameen-property-scraper_2026-09-21_19-31-26-595_54591078
2026-09-21T19:31:25.947Z,search,Added: 2 hours ago,,954 sqft,sqft,954.0,,3.0,2.0,flats,Lahore,1,PKR,sale,54738802.0,"Zameen Opal, Land Breeze Housing Society",4.0,26500000,2.65 Crore,2 Bedroom Apartment For Sale,https://www.zameen.com/Flats_Apartments/Lahore-1-1.html,Lahore · Flats & apartments for sale,Premium Fully Furnished 2-Bed Apart,success,https://media.zameen.com/thumbnails/307254726-400x300.jpeg,,https://www.zameen.com/Property/land_breeze_housing_society_zameen_opal_2_bedroom_apartment_for_sale-54738802-12916-1.html,dataset_zameen-property-scraper_2026-09-21_19-31-26-595.csv,dataset_zameen-property-scraper_2026-09-21_19-31-26-595_54738802
2026-09-21T19:31:26.007Z,search,Added: 2 hours ago,,445 sqft,sqft,445.0,Trusted,1.0,1.0,flats,Lahore,1,PKR,sale,54677491.0,"Raiwind Road, Lahore",10.0,6775000,67.75 Lakh,4 Years Easy Installment 1 Bed Apartment for Sale in Clock Tower-1 Al-Kabir Town,https://www.zameen.com/Flats_Apartments/Lahore-1-1.html,Lahore · Flats & apartments for sale,1 Bed Apartment for Sale in Clock T,success,https://media.zameen.com/thumbnails/306622293-400x300.jpeg,,https://www.zameen.com/Property/lahore_raiwind_road_4_years_easy_installment_1_bed_apartment_for_sale_in_clock_tower-1_al-kabir_town-54677491-128-1.html,dataset_zameen-property-scraper_2026-09-21_19-31-26-595.csv,dataset_zameen-property-scraper_2026-09-21_19-31-26-595_54677491
2026-09-21T19:31:26.047Z,search,Added: 2 hours ago,,322 sqft,sqft,322.0,Trusted,1.0,,flats,Lahore,1,PKR,sale,1.0,"Al-Kabir Town - Phase 2, Al-Kabir Town",4.0,4830000,48.3 Lakh,4 Year Installment Plan Studio Apartment For Sale In Clock Tower-1,https://www.zameen.com/Flats_Apartments/Lahore-1-1.html,Lahore · Flats & apartments for sale,Premium Studio Apartment for Sale i,success,https://media.zameen.com/thumbnails/306620306-400x300.jpeg,,https://www.zameen.com/Property/al_kabir_town_al-kabir_town_-_phase_2_4_year_installment_plan_studio_apartment_for_sale_in_clock_tower-1-54677287-11704-1.html,dataset_zameen-property-scraper_2026-09-21_19-31-26-595.csv,dataset_zameen-property-scraper_2026-09-21_19-31-26-595_1
2026-09-21T19:31:26.127Z,search,Added: 2 hours ago,,"1,075 sqft",sqft,1075.0,,2.0,2.0,flats,Lahore,1,PKR,sale,54775063.0,"Raiwind Road, Lahore",9.0,8000000,80 Lakh,5 MARLA ICON HOMES TOWNHOMES | FULLY FURNISHED/SEMI FURNISHED G+2 FLOORS | PREMIUM LIVING LOW BUDGET HIGH RENTAL POTENTIAL,https://www.zameen.com/Flats_Apartments/Lahore-1-1.html,Lahore · Flats & apartments for sale,"Project Overview
ICON Homes by Icon",success,https://media.zameen.com/thumbnails/307565752-400x300.jpeg,(Updated: 2 hours ago),https://www.zameen.com/Property/lahore_raiwind_road_5_marla_icon_homes_townhomes_fully_furnished_semi_furnished_g_2_floors_premium_living_low_budget_high_rental_potential-54775063-128-1.html,dataset_zameen-property-scraper_2026-09-21_19-31-26-595.csv,dataset_zameen-property-scraper_2026-09-21_19-31-26-595_54775063
2026-09-21T19:31:26.174Z,search,Added: 2 hours ago,,320 sqft,sqft,320.0,,1.0,1.0,flats,Lahore,1,PKR,sale,54759031.0,"Al-Kabir Town - Phase 2, Al-Kabir Town",13.0,6000000,60 Lakh,"1-Bed Beautiful Apartment For Sale At Skyline Mall, Al-Kabir Town Phase 2, Lahore",https://www.zameen.com/Flats_Apartments/Lahore-1-1.html,Lahore · Flats & apartments for sale,1-Bed Beautiful Apartment for Sale,success,https://media.zameen.com/thumbnails/307408949-400x300.jpeg,(Updated: 2 hours ago),https://www.zameen.com/Property/al_kabir_town_al-kabir_town_-_phase_2_1-bed_beautiful_apartment_for_sale_at_skyline_mall_al-kabir_town_phase_2_lahore-54759031-11704-1.html,dataset_zameen-property-scraper_2026-09-21_19-31-26-595.csv,dataset_zameen-property-scraper_2026-09-21_19-31-26-595_54759031
2026-09-21T19:31:26.275Z,search,Added: 2 hours ago,,322 sqft,sqft,322.0,Trusted,1.0,,flats,Lahore,1,PKR,sale,54719859.0,"Al-Kabir Town - Phase 2, Al-Kabir Town",8.0,4830000,48.3 Lakh,"Book Your Studio, One Bed Apartment In AL-Kabir Town 4-Years Installment Plan",https://www.zameen.com/Flats_Apartments/Lahore-1-1.html,Lahore · Flats & apartments for sale,Premium Studio Apartment for Sale i,success,https://media.zameen.com/thumbnails/307028299-400x300.jpeg,,https://www.zameen.com/Property/al_kabir_town_al-kabir_town_-_phase_2_book_your_studio_one_bed_apartment_in_al-kabir_town_4-years_installment_plan-54719859-11704-1.html,dataset_zameen-property-scraper_2026-09-21_19-31-26-595.csv,dataset_zameen-property-scraper_2026-09-21_19-31-26-595_54719859
2026-09-21T19:31:26.331Z,search,Added: 2 hours ago,,322 sqft,sqft,322.0,Trusted,1.0,,flats,Lahore,1,PKR,sale,54719860.0,"Al-Kabir Town - Phase 2, Al-Kabir Town",8.0,4830000,48.3 Lakh,"Book Your Studio, One Bed Apartment In AL-Kabir Town 4-Years Installment Plan",https://www.zameen.com/Flats_Apartments/Lahore-1-1.html,Lahore · Flats & apartments for sale,Premium Studio Apartment For Sale I,success,https://media.zameen.com/thumbnails/307028261-400x300.jpeg,,https://www.zameen.com/Property/al_kabir_town_al-kabir_town_-_phase_2_book_your_studio_one_bed_apartment_in_al-kabir_town_4-years_installment_plan-54719860-11704-1.html,dataset_zameen-property-scraper_2026-09-21_19-31-26-595.csv,dataset_zameen-property-scraper_2026-09-21_19-31-26-595_54719860
2026-09-21T19:31:26.383Z,search,Added: 2 hours ago,,538 sqft,sqft,538.0,Trusted,1.0,,flats,Lahore,1,PKR,sale,54719903.0,"Amanah Residential Towers, Raiwind Road",7.0,8608000,86.08 Lakh,Highly-Coveted 538 Square Feet Flat Is Available In Amanah Residential Towers For Sale,https://www.zameen.com/Flats_Apartments/Lahore-1-1.html,Lahore · Flats & apartments for sale,"Instalment 20% Down Payment 1,721,6",success,https://media.zameen.com/thumbnails/307028443-400x300.jpeg,,https://www.zameen.com/Property/raiwind_road_amanah_residential_towers_highly-coveted_538_square_feet_flat_is_available_in_amanah_residential_towers_for_sale-54719903-22312-1.html,dataset_zameen-property-scraper_2026-09-21_19-31-26-595.csv,dataset_zameen-property-scraper_2026-09-21_19-31-26-595_54719903
2026-09-21T19:31:26.422Z,search,Added: 2 hours ago,,538 sqft,sqft,538.0,Trusted,1.0,,flats,Lahore,1,PKR,sale,54719904.0,"Amanah Residential Towers, Raiwind Road",7.0,8608000,86.08 Lakh,Highly-Coveted 538 Square Feet Flat Is Available In Amanah Residential Towers For Sale,https://www.zameen.com/Flats_Apartments/Lahore-1-1.html,Lahore · Flats & apartments for sale,"Instalment 20% Down Payment 1,721,6",success,https://media.zameen.com/thumbnails/307028424-400x300.jpeg,(Updated: 2 hours ago),https://www.zameen.com/Property/raiwind_road_amanah_residential_towers_highly-coveted_538_square_feet_flat_is_available_in_amanah_residential_towers_for_sale-54719904-22312-1.html,dataset_zameen-property-scraper_2026-09-21_19-31-26-595.csv,dataset_zameen-property-scraper_2026-09-21_19-31-26-595_54719904
2026-09-21T19:31:26.489Z,search,Added: 4 hours ago,,"2,250 sqft",sqft,2250.0,Trusted,3.0,3.0,flats,Lahore,1,PKR,sale,54700625.0,"Askari 11 - Sector B Apartments, Askari 11",22.0,32500000,3.25 Crore,"10 Marla 3-Bedroom Shed Parking Apartment For Sale | Ground Floor | Askari 11 Sector B, Lahore Cantt",https://www.zameen.com/Flats_Apartments/Lahore-1-1.html,Lahore · Flats & apartments for sale,10 Marla 3-Bedroom Shed Parking Apa,success,https://media.zameen.com/thumbnails/306852085-400x300.jpeg,(Updated: 4 hours ago),https://www.zameen.com/Property/askari_11_askari_11_-_sector_b_apartments_10_marla_3-bedroom_shed_parking_apartment_for_sale_ground_floor_askari_11_sector_b_lahore_cantt-54700625-15703-1.html,dataset_zameen-property-scraper_2026-09-21_19-31-26-595.csv,dataset_zameen-property-scraper_2026-09-21_19-31-26-595_54700625
2026-09-21T19:31:26.542Z,search,Added: 4 hours ago,,"2,250 sqft",sqft,2250.0,Trusted,3.0,3.0,flats,Lahore,1,PKR,sale,54700628.0,"Askari 11 - Sector B Apartments, Askari 11",29.0,31000000,3.1 Crore,"10 Marla 3-Bedroom Small Lounge Apartment for Sale | 1st Floor | Askari 11 Sector B, Lahore Cantt",https://www.zameen.com/Flats_Apartments/Lahore-1-1.html,Lahore · Flats & apartments for sale,10 Marla 3-Bedroom Small Lounge Apa,success,https://media.zameen.com/thumbnails/306852184-400x300.jpeg,,https://www.zameen.com/Property/askari_11_askari_11_-_sector_b_apartments_10_marla_3-bedroom_small_lounge_apartment_for_sale_1st_floor_askari_11_sector_b_lahore_cantt-54700628-15703-1.html,dataset_zameen-property-scraper_2026-09-21_19-31-26-595.csv,dataset_zameen-property-scraper_2026-09-21_19-31-26-595_54700628
2026-09-21T19:31:26.582Z,search,Added: 4 hours ago,,"2,250 sqft",sqft,2250.0,Trusted,3.0,3.0,flats,Lahore,1,PKR,sale,54700631.0,"Askari 11 - Sector B Apartments, Askari 11",22.0,30000000,3 Crore,"10 Marla 3-Bedroom Wide Lounge Apartment For Sale | 5th Floor | Askari 11 Sector B, Lahore Cantt",https://www.zameen.com/Flats_Apartments/Lahore-1-1.html,Lahore · Flats & apartments for sale,10 Marla 3-Bedroom Wide Lounge Apar,success,https://media.zameen.com/thumbnails/306852185-400x300.jpeg,,https://www.zameen.com/Property/askari_11_askari_11_-_sector_b_apartments_10_marla_3-bedroom_wide_lounge_apartment_for_sale_5th_floor_askari_11_sector_b_lahore_cantt-54700631-15703-1.html,dataset_zameen-property-scraper_2026-09-21_19-31-26-595.csv,dataset_zameen-property-scraper_2026-09-21_19-31-26-595_54700631
2026-09-21T19:32:39.627Z,search,Added: 11 minutes ago,Titanium,1 Kanal,Kanal,1.0,super hot,,,plots,Lahore,1,PKR,sale,54695417.0,"DHA Phase 9 Prism - Block E, DHA Phase 9 Prism",5.0,24500000,2.45 Crore,l Direct Approach Hot Location Plot Near Oval - Block E DHA Phase 9 Prism,https://www.zameen.com/Plots/Lahore-1-1.html,Lahore · Plots for sale,Prime investment opportunity in DHA,success,https://media.zameen.com/thumbnails/306798835-400x300.jpeg,,https://www.zameen.com/Property/dha_phase_9_prism_dha_phase_9_prism_-_block_e_l_direct_approach_hot_location_plot_near_oval_-_block_e_dha_phase_9_prism-54695417-9264-2.html,dataset_zameen-property-scraper_2026-09-21_19-32-40-953.csv,dataset_zameen-property-scraper_2026-09-21_19-32-40-953_54695417
2026-09-21T19:32:39.733Z,search,Added: 2 hours ago,Titanium,2 Kanal,Kanal,2.0,super hot,,,plots,Lahore,1,PKR,sale,54657089.0,"DHA Phase 9 Prism, DHA Defence",5.0,44000000,4.4 Crore,2 Kanal Plot For Sale: Hot Location,https://www.zameen.com/Plots/Lahore-1-1.html,Lahore · Plots for sale,2 Kanal Residential Plot for Sale i,success,https://media.zameen.com/thumbnails/306429959-400x300.jpeg,,https://www.zameen.com/Property/dha_defence_dha_phase_9_prism_2_kanal_plot_for_sale_hot_location-54657089-8431-2.html,dataset_zameen-property-scraper_2026-09-21_19-32-40-953.csv,dataset_zameen-property-scraper_2026-09-21_19-32-40-953_54657089
2026-09-21T19:32:39.809Z,search,Added: 2 hours ago,Titanium,5 Marla,Marla,5.0,super hot,,,plots,Lahore,1,PKR,sale,54735010.0,"LDA City Phase 1 - Iqbal Sector, LDA City Phase 1",4.0,3125000,31.25 Lakh,LDA City Lahore Iqbal Sector | 5 Marla Open Files Available | Ready To Transfe,https://www.zameen.com/Plots/Lahore-1-1.html,Lahore · Plots for sale,LDA City Lahore Iqbal Sector offers,success,https://media.zameen.com/thumbnails/307181991-400x300.jpeg,(Updated: 2 hours ago),https://www.zameen.com/Property/lda_city_phase_1_lda_city_phase_1_-_iqbal_sector_lda_city_lahore_iqbal_sector_5_marla_open_files_available_ready_to_transfe-54735010-18607-2.html,dataset_zameen-property-scraper_2026-09-21_19-32-40-953.csv,dataset_zameen-property-scraper_2026-09-21_19-32-40-953_54735010
2026-09-21T19:32:39.868Z,search,Added: 2 hours ago,Titanium,1.1 Kanal,Kanal,1.1,super hot,,,plots,Lahore,1,PKR,sale,54740764.0,"DHA Phase 7, DHA Defence",1.0,57500000,5.75 Crore,DHA Phase 7 21.5 Marla Corner Plot,https://www.zameen.com/Plots/Lahore-1-1.html,Lahore · Plots for sale,Here is a polished real-estate adve,success,https://media.zameen.com/thumbnails/307239259-400x300.jpeg,,https://www.zameen.com/Property/dha_defence_dha_phase_7_dha_phase_7_21_5_marla_corner_plot-54740764-1450-2.html,dataset_zameen-property-scraper_2026-09-21_19-32-40-953.csv,dataset_zameen-property-scraper_2026-09-21_19-32-40-953_54740764
2026-09-21T19:32:39.925Z,search,Added: 2 hours ago,Titanium,8 Marla,Marla,8.0,super hot,,,plots,Lahore,1,PKR,sale,54664304.0,"DHA Phase 6 - Block A, DHA Phase 6",,300000000,30 Crore,8 Marla Commercial Plot File For Sale DHA Phase 6 A Block,https://www.zameen.com/Plots/Lahore-1-1.html,Lahore · Plots for sale,8 Marla commercial plot available f,success,https://images.zameen.com/smap/400/300/31.466227/74.440012/image.jpeg?quality=80&imageformat=jpeg,,https://www.zameen.com/Property/dha_phase_6_dha_phase_6_-_block_a_8_marla_commercial_plot_file_for_sale_dha_phase_6_a_block-54664304-1610-2.html,dataset_zameen-property-scraper_2026-09-21_19-32-40-953.csv,dataset_zameen-property-scraper_2026-09-21_19-32-40-953_54664304
2026-09-21T19:32:39.969Z,search,Added: 23 minutes ago,,1 Kanal,Kanal,1.0,super hot,,,plots,Lahore,1,PKR,sale,54746390.0,"AWT Phase 2, AWT Army Welfare Trust",3.0,27500000,2.75 Crore,One kanal plot for sale main 100 ft Road,https://www.zameen.com/Plots/Lahore-1-1.html,Lahore · Plots for sale,If you want to live in environment,success,https://media.zameen.com/thumbnails/307290321-400x300.jpeg,,https://www.zameen.com/Property/awt_army_welfare_trust_awt_phase_2_one_kanal_plot_for_sale_main_100_ft_road-54746390-3581-2.html,dataset_zameen-property-scraper_2026-09-21_19-32-40-953.csv,dataset_zameen-property-scraper_2026-09-21_19-32-40-953_54746390
2026-09-21T19:32:40.012Z,search,Added: 1 hour ago,,5 Marla,Marla,5.0,super hot,,,plots,Lahore,1,PKR,sale,54613227.0,"LDA City Phase 1 - Block N, LDA City Phase 1 - Jinnah Sector",8.0,5100000,51 Lakh,Prime 5 Marla Corner Plot in LDA City N Block,https://www.zameen.com/Plots/Lahore-1-1.html,Lahore · Plots for sale,Secure A 5 Marla Plot In Block N Of,success,https://media.zameen.com/thumbnails/306024510-400x300.jpeg,(Updated: 1 hour ago),https://www.zameen.com/Property/lda_city_phase_1_jinnah_sector_lda_city_phase_1_-_block_n_prime_5_marla_corner_plot_in_lda_city_n_block-54613227-15834-2.html,dataset_zameen-property-scraper_2026-09-21_19-32-40-953.csv,dataset_zameen-property-scraper_2026-09-21_19-32-40-953_54613227
2026-09-21T19:32:40.047Z,search,Added: 1 hour ago,,1 Kanal,Kanal,1.0,super hot,,,plots,Lahore,1,PKR,sale,54670158.0,"DHA Phase 7 - Block Z2, DHA Phase 7",1.0,28000000,2.8 Crore,1 Kanal Residential Plot Near To 70ft Road For Sale In DHA Phase 7 Block-Z2,https://www.zameen.com/Plots/Lahore-1-1.html,Lahore · Plots for sale,**Prime 1 Kanal Plot Near To 70ft R,success,https://media.zameen.com/thumbnails/306549864-400x300.jpeg,,https://www.zameen.com/Property/dha_phase_7_dha_phase_7_-_block_z2_1_kanal_residential_plot_near_to_70ft_road_for_sale_in_dha_phase_7_block-z2-54670158-8505-2.html,dataset_zameen-property-scraper_2026-09-21_19-32-40-953.csv,dataset_zameen-property-scraper_2026-09-21_19-32-40-953_54670158
2026-09-21T19:32:40.089Z,search,Added: 1 hour ago,,5 Marla,Marla,5.0,super hot,,,plots,Lahore,1,PKR,sale,54600687.0,"DHA Phase 9 Prism, DHA Defence",,4500000,45 Lakh,5 Marla DHA Phase 9 Prism Allocation File | Excellent Opportunity Before Balloting,https://www.zameen.com/Plots/Lahore-1-1.html,Lahore · Plots for sale,A great opportunity to secure a 5 M,success,https://images.zameen.com/smap/400/300/31.42107158/74.41121305/image.jpeg?quality=80&imageformat=jpeg,(Updated: 1 hour ago),https://www.zameen.com/Property/dha_defence_dha_phase_9_prism_5_marla_dha_phase_9_prism_allocation_file_excellent_opportunity_before_balloting-54600687-8431-2.html,dataset_zameen-property-scraper_2026-09-21_19-32-40-953.csv,dataset_zameen-property-scraper_2026-09-21_19-32-40-953_54600687
2026-09-21T19:32:40.152Z,search,Added: 2 hours ago,,1.2 Kanal,Kanal,1.2,super hot,,,plots,Lahore,1,PKR,sale,54380836.0,"Atomic Energy Society - PAEC, Lahore",3.0,22000000,2.2 Crore,24 Marla Residential Plot For Sale,https://www.zameen.com/Plots/Lahore-1-1.html,Lahore · Plots for sale,"24 Marla plot 
all dues paid 
extra",success,https://media.zameen.com/thumbnails/303743177-400x300.jpeg,(Updated: 2 hours ago),https://www.zameen.com/Property/lahore_atomic_energy_society_-_paec_24_marla_residential_plot_for_sale-54380836-3091-2.html,dataset_zameen-property-scraper_2026-09-21_19-32-40-953.csv,dataset_zameen-property-scraper_2026-09-21_19-32-40-953_54380836
2026-09-21T19:32:40.191Z,search,Added: 8 minutes ago,Titanium,1 Kanal,Kanal,1.0,Trusted,,,plots,Lahore,1,PKR,sale,54745313.0,"DHA Phase 9 Prism - Block F, DHA Phase 9 Prism",1.0,31500000,3.15 Crore,"1 Kanal Direct Approach Plot Near 35 Kanal Park & Mosque - Block F, DHA Phase 9 Prism",https://www.zameen.com/Plots/Lahore-1-1.html,Lahore · Plots for sale,Prime 1 Kanal Residential Plot Idea,success,https://media.zameen.com/thumbnails/307280547-400x300.jpeg,(Updated: 8 minutes ago),https://www.zameen.com/Property/dha_phase_9_prism_dha_phase_9_prism_-_block_f_1_kanal_direct_approach_plot_near_35_kanal_park_mosque_-_block_f_dha_phase_9_prism-54745313-9260-2.html,dataset_zameen-property-scraper_2026-09-21_19-32-40-953.csv,dataset_zameen-property-scraper_2026-09-21_19-32-40-953_54745313
2026-09-21T19:32:40.240Z,search,Added: 9 minutes ago,Titanium,1 Kanal,Kanal,1.0,Trusted,,,plots,Lahore,1,PKR,sale,54690370.0,"DHA Phase 9 Prism - Block D, DHA Phase 9 Prism",3.0,26500000,2.65 Crore,Sector D | Direct Approach | Near Park & Mosque,https://www.zameen.com/Plots/Lahore-1-1.html,Lahore · Plots for sale,"CHEAPEST PRICE
PRIME LOCATION
OWNER",success,https://media.zameen.com/thumbnails/306799378-400x300.jpeg,,https://www.zameen.com/Property/dha_phase_9_prism_dha_phase_9_prism_-_block_d_sector_d_direct_approach_near_park_mosque-54690370-9265-2.html,dataset_zameen-property-scraper_2026-09-21_19-32-40-953.csv,dataset_zameen-property-scraper_2026-09-21_19-32-40-953_54690370
2026-09-21T19:32:40.284Z,search,Added: 5 days ago,,8 Marla,Marla,8.0,,,,plots,Lahore,1,PKR,sale,54519936.0,"Low Cost - Block D, Low Cost Sector",14.0,9100000,91 Lakh,"Bahria Orchard Plot No 683/12#D Near Market, Mosque And Parks",https://www.zameen.com/Plots/Lahore-1-1.html,Lahore · Plots for sale,"Good Location Plot
All Dues Clear
O",success,https://media.zameen.com/thumbnails/305134890-400x300.jpeg,,https://www.zameen.com/Property/low_cost_sector_low_cost_-_block_d_bahria_orchard_plot_no_683_12_d_near_market_mosque_and_parks-54519936-8189-2.html,dataset_zameen-property-scraper_2026-09-21_19-32-40-953.csv,dataset_zameen-property-scraper_2026-09-21_19-32-40-953_54519936
2026-09-21T19:32:40.365Z,search,Added: 8 minutes ago,,1 Kanal,Kanal,1.0,Trusted,,,plots,Lahore,1,PKR,sale,54419751.0,"Fazaia Housing Scheme Phase 1, Fazaia Housing Scheme",,39500000,3.95 Crore,One Kanal Plot For Sale In Fazaia Phase1,https://www.zameen.com/Plots/Lahore-1-1.html,Lahore · Plots for sale,20 Marla plot for sale in Fazaia ph,success,https://images.zameen.com/smap/400/300/31.369661/74.240912/image.jpeg?quality=80&imageformat=jpeg,,https://www.zameen.com/Property/fazaia_housing_scheme_fazaia_housing_scheme_phase_1_one_kanal_plot_for_sale_in_fazaia_phase1-54419751-9238-2.html,dataset_zameen-property-scraper_2026-09-21_19-32-40-953.csv,dataset_zameen-property-scraper_2026-09-21_19-32-40-953_54419751
2026-09-21T19:32:40.399Z,search,Added: 8 minutes ago,,10 Marla,Marla,10.0,Trusted,,,plots,Lahore,1,PKR,sale,54392924.0,"Fazaia Housing Scheme Phase 1, Fazaia Housing Scheme",,24500000,2.45 Crore,10 Marla Plot For Sale In Fazaia Phase 1. Facing Park Plot For Sale.,https://www.zameen.com/Plots/Lahore-1-1.html,Lahore · Plots for sale,"Prime 10, 20 & 32 Marla plots avail",success,https://images.zameen.com/smap/400/300/31.369661/74.240912/image.jpeg?quality=80&imageformat=jpeg,(Updated: 8 minutes ago),https://www.zameen.com/Property/fazaia_housing_scheme_fazaia_housing_scheme_phase_1_10_marla_plot_for_sale_in_fazaia_phase_1_facing_park_plot_for_sale-54392924-9238-2.html,dataset_zameen-property-scraper_2026-09-21_19-32-40-953.csv,dataset_zameen-property-scraper_2026-09-21_19-32-40-953_54392924
2026-09-21T19:32:40.446Z,search,Added: 9 minutes ago,,1 Kanal,Kanal,1.0,Trusted,,,plots,Lahore,1,PKR,sale,54518857.0,"Fazaia Housing Scheme Phase 1, Fazaia Housing Scheme",10.0,35000000,3.5 Crore,1 Kanal Plot For Sale In Fazaia Phase 1.,https://www.zameen.com/Plots/Lahore-1-1.html,Lahore · Plots for sale,"Prime 5, 7,10 & 20 Marla Plots Avai",success,https://media.zameen.com/thumbnails/305239762-400x300.jpeg,,https://www.zameen.com/Property/fazaia_housing_scheme_fazaia_housing_scheme_phase_1_1_kanal_plot_for_sale_in_fazaia_phase_1-54518857-9238-2.html,dataset_zameen-property-scraper_2026-09-21_19-32-40-953.csv,dataset_zameen-property-scraper_2026-09-21_19-32-40-953_54518857
2026-09-21T19:32:40.479Z,search,Added: 11 minutes ago,,10 Marla,Marla,10.0,Trusted,,,plots,Lahore,1,PKR,sale,54518894.0,"Fazaia Housing Scheme Phase 2, Fazaia Housing Scheme",,9500000,95 Lakh,10 Marla Plot For Sale In Fazaia Phase 2. Facing Park Plot In A Block.,https://www.zameen.com/Plots/Lahore-1-1.html,Lahore · Plots for sale,"Prime 5, 7,10 & 20 Marla Plots Avai",success,https://images.zameen.com/smap/400/300/31.308143/74.17463/image.jpeg?quality=80&imageformat=jpeg,,https://www.zameen.com/Property/fazaia_housing_scheme_fazaia_housing_scheme_phase_2_10_marla_plot_for_sale_in_fazaia_phase_2_facing_park_plot_in_a_block-54518894-9148-2.html,dataset_zameen-property-scraper_2026-09-21_19-32-40-953.csv,dataset_zameen-property-scraper_2026-09-21_19-32-40-953_54518894
2026-09-21T19:32:40.540Z,search,Added: 6 minutes ago,Titanium,1 Kanal,Kanal,1.0,Trusted,,,plots,Lahore,1,PKR,sale,54726492.0,"DHA Phase 9 Prism - Block A, DHA Phase 9 Prism",1.0,32000000,3.2 Crore,"1 Kanal Possession Plot For Sale | Direct Approach, 80ft Road Back, | DHA Phase 9 Prism, Block A",https://www.zameen.com/Plots/Lahore-1-1.html,Lahore · Plots for sale,1 Kanal Plot For Sale | Direct Appr,success,https://media.zameen.com/thumbnails/307562407-400x300.jpeg,,https://www.zameen.com/Property/dha_phase_9_prism_dha_phase_9_prism_-_block_a_1_kanal_possession_plot_for_sale_direct_approach_80ft_road_back_dha_phase_9_prism_block_a-54726492-9268-2.html,dataset_zameen-property-scraper_2026-09-21_19-32-40-953.csv,dataset_zameen-property-scraper_2026-09-21_19-32-40-953_54726492
2026-09-21T19:32:40.613Z,search,Added: 8 minutes ago,Titanium,1 Kanal,Kanal,1.0,Trusted,,,plots,Lahore,1,PKR,sale,54756636.0,"DHA Phase 9 Prism - Block F, DHA Phase 9 Prism",1.0,29500000,2.95 Crore,"1 Kanal Plot For Sale | Back Of 80 Feet Road, Near Park And Mosque",https://www.zameen.com/Plots/Lahore-1-1.html,Lahore · Plots for sale,1 Kanal Plot for Sale | Back of 80,success,https://media.zameen.com/thumbnails/307551620-400x300.jpeg,,https://www.zameen.com/Property/dha_phase_9_prism_dha_phase_9_prism_-_block_f_1_kanal_plot_for_sale_back_of_80_feet_road_near_park_and_mosque-54756636-9260-2.html,dataset_zameen-property-scraper_2026-09-21_19-32-40-953.csv,dataset_zameen-property-scraper_2026-09-21_19-32-40-953_54756636
2026-09-21T19:32:40.651Z,search,Added: 8 minutes ago,Titanium,1 Kanal,Kanal,1.0,Trusted,,,plots,Lahore,1,PKR,sale,54726498.0,"DHA Phase 9 Prism - Block Q, DHA Phase 9 Prism",1.0,29600000,2.96 Crore,"1 Kanal Plot for Sale | Near to Theme Park, Direct Approach | DHA Phase 9 Prism, Block Q",https://www.zameen.com/Plots/Lahore-1-1.html,Lahore · Plots for sale,1 Kanal Plot for Sale | Near to The,success,https://media.zameen.com/thumbnails/307562440-400x300.jpeg,,https://www.zameen.com/Property/dha_phase_9_prism_dha_phase_9_prism_-_block_q_1_kanal_plot_for_sale_near_to_theme_park_direct_approach_dha_phase_9_prism_block_q-54726498-9270-2.html,dataset_zameen-property-scraper_2026-09-21_19-32-40-953.csv,dataset_zameen-property-scraper_2026-09-21_19-32-40-953_54726498
2026-09-21T19:32:40.701Z,search,Added: 9 minutes ago,Titanium,1 Kanal,Kanal,1.0,Trusted,,,plots,Lahore,1,PKR,sale,54641066.0,"DHA Phase 9 Prism - Block G, DHA Phase 9 Prism",3.0,35000000,3.5 Crore,Top Location Direct Approach To Main | Near 35 Kanal Park And Mosque,https://www.zameen.com/Plots/Lahore-1-1.html,Lahore · Plots for sale,For Sale: 1 Kanal Residential Plot,success,https://media.zameen.com/thumbnails/306924680-400x300.jpeg,,https://www.zameen.com/Property/dha_phase_9_prism_dha_phase_9_prism_-_block_g_top_location_direct_approach_to_main_near_35_kanal_park_and_mosque-54641066-9258-2.html,dataset_zameen-property-scraper_2026-09-21_19-32-40-953.csv,dataset_zameen-property-scraper_2026-09-21_19-32-40-953_54641066
2026-09-21T19:32:40.794Z,search,Added: 9 minutes ago,,1 Kanal,Kanal,1.0,Trusted,,,plots,Lahore,1,PKR,sale,54445038.0,"AWT Phase 2, AWT Army Welfare Trust",2.0,22500000,2.25 Crore,One Kanal Plot For Sale,https://www.zameen.com/Plots/Lahore-1-1.html,Lahore · Plots for sale,If You Want To Live In Environment,success,https://media.zameen.com/thumbnails/304381520-400x300.jpeg,,https://www.zameen.com/Property/awt_army_welfare_trust_awt_phase_2_one_kanal_plot_for_sale-54445038-3581-2.html,dataset_zameen-property-scraper_2026-09-21_19-32-40-953.csv,dataset_zameen-property-scraper_2026-09-21_19-32-40-953_54445038
2026-09-21T19:32:40.832Z,search,Added: 10 minutes ago,,10 Marla,Marla,10.0,Trusted,,,plots,Lahore,1,PKR,sale,54486701.0,"Fazaia Housing Scheme Phase 1, Fazaia Housing Scheme",,21500000,2.15 Crore,10 Marla Plot For Sale In Fazaia Phase 1. G Block,https://www.zameen.com/Plots/Lahore-1-1.html,Lahore · Plots for sale,"Prime 10, 20 & 32 Marla plots avail",success,https://images.zameen.com/smap/400/300/31.369661/74.240912/image.jpeg?quality=80&imageformat=jpeg,,https://www.zameen.com/Property/fazaia_housing_scheme_fazaia_housing_scheme_phase_1_10_marla_plot_for_sale_in_fazaia_phase_1_g_block-54486701-9238-2.html,dataset_zameen-property-scraper_2026-09-21_19-32-40-953.csv,dataset_zameen-property-scraper_2026-09-21_19-32-40-953_54486701
2026-09-21T19:32:40.882Z,search,Added: 10 minutes ago,Titanium,1 Kanal,Kanal,1.0,Trusted,,,plots,Lahore,1,PKR,sale,54770724.0,"DHA Phase 7 - Block X, DHA Phase 7",7.0,45000000,4.5 Crore,1 Kanal Residential Plot for Sale at a Prime Location In DHA Phase 7-Block X,https://www.zameen.com/Plots/Lahore-1-1.html,Lahore · Plots for sale,GoodLinks Premium Inventory Details,success,https://media.zameen.com/thumbnails/307526311-400x300.jpeg,,https://www.zameen.com/Property/dha_phase_7_dha_phase_7_-_block_x_1_kanal_residential_plot_for_sale_at_a_prime_location_in_dha_phase_7-block_x-54770724-1631-2.html,dataset_zameen-property-scraper_2026-09-21_19-32-40-953.csv,dataset_zameen-property-scraper_2026-09-21_19-32-40-953_54770724
2026-09-21T19:32:40.920Z,search,Added: 10 minutes ago,Titanium,1 Kanal,Kanal,1.0,Trusted,,,plots,Lahore,1,PKR,sale,54764888.0,"DHA Phase 7 - Block U, DHA Phase 7",10.0,87500000,8.75 Crore,Get In Touch Now To Buy A 1 Kanal Residential Plot In DHA Phase 7 - Block U,https://www.zameen.com/Plots/Lahore-1-1.html,Lahore · Plots for sale,GoodLinks Premium Inventory Details,success,https://media.zameen.com/thumbnails/307468322-400x300.jpeg,,https://www.zameen.com/Property/dha_phase_7_dha_phase_7_-_block_u_get_in_touch_now_to_buy_a_1_kanal_residential_plot_in_dha_phase_7_-_block_u-54764888-1628-2.html,dataset_zameen-property-scraper_2026-09-21_19-32-40-953.csv,dataset_zameen-property-scraper_2026-09-21_19-32-40-953_54764888
2026-09-21T19:33:57.652Z,search,Added: 2 hours ago,Titanium,4 Marla,Marla,4.0,super hot,,,commercial-sale,Lahore,1,PKR,sale,54683645.0,"DHA Phase 2, DHA Defence",5.0,145000000,14.5 Crore,"DHA Phase 2 Lalik Jan Chowk | Commercial Building For Sale 4 Marla Commercial Building Rented To Soneri Bank Monthly Rental Income: PKR 5.10 Lac Lalik Jan Chowk, DHA Phase 2 Lahore Huge Parking Space Available Top-Of-The-Line Location Excellent Investment Opportunity Direct & Serious Buyers Only",https://www.zameen.com/Commercial/Lahore-1-1.html,Lahore · Commercial for sale,**DHA Phase 2 Lalik Jan Chowk | Com,success,https://media.zameen.com/thumbnails/306682284-400x300.jpeg,,https://www.zameen.com/Property/dha_defence_dha_phase_2_dha_phase_2_lalik_jan_chowk_commercial_building_for_sale_4_marla_commercial_building_rented_to_soneri_bank_monthly_rental_income_pkr_5_10_lac_lalik_jan_chowk_dha_phase_2_lahore_huge_parking_space_available_top-of-the-line_location_excellent_investment_opportunity_direct_serious_buyers_only-54683645-1444-3.html,dataset_zameen-property-scraper_2026-09-21_19-33-59-051.csv,dataset_zameen-property-scraper_2026-09-21_19-33-59-051_54683645
2026-09-21T19:33:57.777Z,search,Added: 2 hours ago,Titanium,8 Marla,Marla,8.0,super hot,6.0,5.0,commercial-sale,Lahore,1,PKR,sale,54668887.0,"DHA Phase 8 - Commercial Broadway, DHA Phase 8",4.0,420000000,42 Crore,8 Marla Rare Commercial Building For Sale | 200 Ft Road | 15 Lac Monthly Rental Income,https://www.zameen.com/Commercial/Lahore-1-1.html,Lahore · Commercial for sale,8 Marla Rare Commercial Building Fo,success,https://media.zameen.com/thumbnails/306536772-400x300.jpeg,(Updated: 2 hours ago),https://www.zameen.com/Property/dha_phase_8_dha_phase_8_-_commercial_broadway_8_marla_rare_commercial_building_for_sale_200_ft_road_15_lac_monthly_rental_income-54668887-8268-3.html,dataset_zameen-property-scraper_2026-09-21_19-33-59-051.csv,dataset_zameen-property-scraper_2026-09-21_19-33-59-051_54668887
2026-09-21T19:33:57.858Z,search,Added: 3 hours ago,Titanium,8 Marla,Marla,8.0,super hot,,,commercial-sale,Lahore,1,PKR,sale,53466902.0,"DHA Phase 5 - CCA Block, DHA Phase 5",26.0,475000000,47.5 Crore,Main Khayaban-E-Jinnah 8 Marla Plaza Guaranteed Rental Incoming 19 Lac,https://www.zameen.com/Commercial/Lahore-1-1.html,Lahore · Commercial for sale,8 Marla Commercial Plaza for Sale M,success,https://media.zameen.com/thumbnails/302771995-400x300.jpeg,,https://www.zameen.com/Property/dha_phase_5_dha_phase_5_-_cca_block_main_khayaban-e-jinnah_8_marla_plaza_guaranteed_rental_incoming_19_lac-53466902-1657-3.html,dataset_zameen-property-scraper_2026-09-21_19-33-59-051.csv,dataset_zameen-property-scraper_2026-09-21_19-33-59-051_53466902
2026-09-21T19:33:57.913Z,search,Added: 3 hours ago,Titanium,6 Marla,Marla,6.0,super hot,,,commercial-sale,Lahore,1,PKR,sale,52623850.0,"DHA Phase 1 - Block M, DHA Phase 1",10.0,127500000,12.75 Crore,6 Marla Commercial Rented Building Monthly Rent 5 Lakh Available For Sale Golden Chance For Future Investment In DHA Phase 1 M Block,https://www.zameen.com/Commercial/Lahore-1-1.html,Lahore · Commercial for sale,6 Marla Commercial Rented Building,success,https://media.zameen.com/thumbnails/307081364-400x300.jpeg,,https://www.zameen.com/Property/dha_phase_1_dha_phase_1_-_block_m_6_marla_commercial_rented_building_monthly_rent_5_lakh_available_for_sale_golden_chance_for_future_investment_in_dha_phase_1_m_block-52623850-1653-3.html,dataset_zameen-property-scraper_2026-09-21_19-33-59-051.csv,dataset_zameen-property-scraper_2026-09-21_19-33-59-051_52623850
2026-09-21T19:33:57.958Z,search,Added: 2 days ago,Titanium,4 Marla,Marla,4.0,super hot,,,commercial-sale,Lahore,1,PKR,sale,54749407.0,"DHA Phase 1, DHA Defence",10.0,75000000,7.5 Crore,"DHA Phase 1, Block K, 4 Marla Commercial CORNER Plaza",https://www.zameen.com/Commercial/Lahore-1-1.html,Lahore · Commercial for sale,"DHA Phase 1, Block K, 4 Marla Comme",success,https://media.zameen.com/thumbnails/307318080-400x300.jpeg,,https://www.zameen.com/Property/dha_defence_dha_phase_1_dha_phase_1_block_k_4_marla_commercial_corner_plaza-54749407-1442-3.html,dataset_zameen-property-scraper_2026-09-21_19-33-59-051.csv,dataset_zameen-property-scraper_2026-09-21_19-33-59-051_54749407
2026-09-21T19:33:58.025Z,search,Added: 7 hours ago,,8 Marla,Marla,8.0,super hot,7.0,,commercial-sale,Lahore,1,PKR,sale,54648662.0,"DHA Phase 5 - CCA Block, DHA Phase 5",6.0,450000000,45 Crore,"19 Lac Monthly Rental Income | 8 Marla Main Road CCA Commercial Building | Banks, Top Brands & Food Chains Nearby | DHA Phase 5 Lahore",https://www.zameen.com/Commercial/Lahore-1-1.html,Lahore · Commercial for sale,8 Marla Commercial Building for Sal,success,https://media.zameen.com/thumbnails/306358217-400x300.jpeg,,https://www.zameen.com/Property/dha_phase_5_dha_phase_5_-_cca_block_19_lac_monthly_rental_income_8_marla_main_road_cca_commercial_building_banks_top_brands_food_chains_nearby_dha_phase_5_lahore-54648662-1657-3.html,dataset_zameen-property-scraper_2026-09-21_19-33-59-051.csv,dataset_zameen-property-scraper_2026-09-21_19-33-59-051_54648662
2026-09-21T19:33:58.109Z,search,Added: 8 hours ago,,8 Marla,Marla,8.0,super hot,,,commercial-sale,Lahore,1,PKR,sale,54744961.0,"DHA Phase 5 - CCA Block, DHA Phase 5",6.0,550000000,55 Crore,8 Marla Commercial Building For Sale DHA Phase 5 Main Boulevard,https://www.zameen.com/Commercial/Lahore-1-1.html,Lahore · Commercial for sale,Prime 8 Marla Commercial Property F,success,https://media.zameen.com/thumbnails/307277408-400x300.jpeg,,https://www.zameen.com/Property/dha_phase_5_dha_phase_5_-_cca_block_8_marla_commercial_building_for_sale_dha_phase_5_main_boulevard-54744961-1657-3.html,dataset_zameen-property-scraper_2026-09-21_19-33-59-051.csv,dataset_zameen-property-scraper_2026-09-21_19-33-59-051_54744961
2026-09-21T19:33:58.157Z,search,Added: 9 hours ago,,2.1 Marla,Marla,2.1,super hot,1.0,,commercial-sale,Lahore,1,PKR,sale,54696976.0,"Johar Town, Lahore",6.0,10300000,1.03 Crore,Office For Sale In Johar Town Lahore Facing Global Village | Easy Installments,https://www.zameen.com/Commercial/Lahore-1-1.html,Lahore · Commercial for sale,Prime Location Office for Sale Joha,success,https://media.zameen.com/thumbnails/307286754-400x300.jpeg,,https://www.zameen.com/Property/lahore_johar_town_office_for_sale_in_johar_town_lahore_facing_global_village_easy_installments-54696976-93-3.html,dataset_zameen-property-scraper_2026-09-21_19-33-59-051.csv,dataset_zameen-property-scraper_2026-09-21_19-33-59-051_54696976
2026-09-21T19:33:58.208Z,search,Added: 10 hours ago,,5.3 Marla,Marla,5.3,super hot,,,commercial-sale,Lahore,1,PKR,sale,54693222.0,"Gulberg City Centre, Main Boulevard Gulberg",17.0,25000000,2.5 Crore,Office Of 1183 Square Feet In Gulberg City Centre Is Available,https://www.zameen.com/Commercial/Lahore-1-1.html,Lahore · Commercial for sale,Ideal 1183 Square Feet Property Is,success,https://media.zameen.com/thumbnails/306774704-400x300.jpeg,,https://www.zameen.com/Property/main_boulevard_gulberg_gulberg_city_centre_office_of_1183_square_feet_in_gulberg_city_centre_is_available-54693222-17776-3.html,dataset_zameen-property-scraper_2026-09-21_19-33-59-051.csv,dataset_zameen-property-scraper_2026-09-21_19-33-59-051_54693222
2026-09-21T19:33:58.250Z,search,Added: 2 days ago,,1.2 Kanal,Kanal,1.2,super hot,,,commercial-sale,Lahore,1,PKR,sale,54289967.0,"Shahdara, Lahore",15.0,125000000,12.5 Crore,Corner 25 Marla COMMERCIAL BUILDING for sale,https://www.zameen.com/Commercial/Lahore-1-1.html,Lahore · Commercial for sale,"Double Road Under Construction 
 DC",success,https://media.zameen.com/thumbnails/300939541-400x300.jpeg,,https://www.zameen.com/Property/lahore_shahdara_corner_25_marla_commercial_building_for_sale-54289967-1027-3.html,dataset_zameen-property-scraper_2026-09-21_19-33-59-051.csv,dataset_zameen-property-scraper_2026-09-21_19-33-59-051_54289967
2026-09-21T19:33:58.296Z,search,Added: 2 hours ago,Titanium,4 Marla,Marla,4.0,Trusted,,,commercial-sale,Lahore,1,PKR,sale,54745275.0,"DHA Phase 6 - Main Boulevard, DHA Phase 6",11.0,250000000,25 Crore,04 MARLA PLAZA AVAILABLE - NEAR KFC,https://www.zameen.com/Commercial/Lahore-1-1.html,Lahore · Commercial for sale,"HUMARGHAR. PK OFFERS 
04 MARLA PLAZ",success,https://media.zameen.com/thumbnails/307280211-400x300.jpeg,,https://www.zameen.com/Property/dha_phase_6_dha_phase_6_-_main_boulevard_04_marla_plaza_available_-_near_kfc-54745275-9011-3.html,dataset_zameen-property-scraper_2026-09-21_19-33-59-051.csv,dataset_zameen-property-scraper_2026-09-21_19-33-59-051_54745275
2026-09-21T19:33:58.343Z,search,Added: 2 hours ago,Titanium,7.2 Marla,Marla,7.2,Trusted,4.0,4.0,commercial-sale,Lahore,1,PKR,sale,54607055.0,"Gulberg 3, Gulberg",6.0,162500000,16.25 Crore,7.5 Marla Top Location Building on Main Road Gulberg 3 | Rental Income 8.25 Lac | 100% Confirm Deal,https://www.zameen.com/Commercial/Lahore-1-1.html,Lahore · Commercial for sale,7.5 Marla Top Location Building on,success,https://media.zameen.com/thumbnails/305953492-400x300.jpeg,,https://www.zameen.com/Property/gulberg_gulberg_3_7_5_marla_top_location_building_on_main_road_gulberg_3_rental_income_8_25_lac_100_confirm_deal-54607055-3824-3.html,dataset_zameen-property-scraper_2026-09-21_19-33-59-051.csv,dataset_zameen-property-scraper_2026-09-21_19-33-59-051_54607055
2026-09-21T19:33:58.407Z,search,Added: 4 hours ago,,3 Marla,Marla,3.0,Trusted,4.0,4.0,commercial-sale,Lahore,1,PKR,sale,45206759.0,"SJ Garden, Bedian Road",14.0,22500000,2.25 Crore,Brand New 4 Storey Commercial Plaza For Sale Rs 22500000/,https://www.zameen.com/Commercial/Lahore-1-1.html,Lahore · Commercial for sale,4 Floor Plaza For Sale At Sj Garden,success,https://media.zameen.com/thumbnails/302257070-400x300.jpeg,,https://www.zameen.com/Property/bedian_road_sj_garden_brand_new_4_storey_commercial_plaza_for_sale_rs_22500000-45206759-12693-3.html,dataset_zameen-property-scraper_2026-09-21_19-33-59-051.csv,dataset_zameen-property-scraper_2026-09-21_19-33-59-051_45206759
2026-09-21T19:33:58.469Z,search,Added: 5 hours ago,,4.4 Marla,Marla,4.4,Trusted,1.0,,commercial-sale,Lahore,1,PKR,sale,53711122.0,"Gulberg 3, Gulberg",3.0,31000000,3.1 Crore,Office For Sale,https://www.zameen.com/Commercial/Lahore-1-1.html,Lahore · Commercial for sale,Corporate Office for Sale Business,success,https://media.zameen.com/thumbnails/303801069-400x300.jpeg,,https://www.zameen.com/Property/gulberg_gulberg_3_office_for_sale-53711122-3824-3.html,dataset_zameen-property-scraper_2026-09-21_19-33-59-051.csv,dataset_zameen-property-scraper_2026-09-21_19-33-59-051_53711122
2026-09-21T19:33:58.519Z,search,Added: 7 hours ago,,6 Marla,Marla,6.0,Trusted,7.0,,commercial-sale,Lahore,1,PKR,sale,54590948.0,"DHA Phase 4 - Block DD, DHA Phase 4",6.0,185000000,18.5 Crore,"Rental Income 7.50 Lac/Month | 6 Marla Commercial Building In DD-169 Nearby, DHA Lahore Phase 4 | Rs. 18 Crore 50 Lac",https://www.zameen.com/Commercial/Lahore-1-1.html,Lahore · Commercial for sale,6 Marla Commercial Building for Sal,success,https://media.zameen.com/thumbnails/305853173-400x300.jpeg,,https://www.zameen.com/Property/dha_phase_4_dha_phase_4_-_block_dd_rental_income_7_50_lac_month_6_marla_commercial_building_in_dd-169_nearby_dha_lahore_phase_4_rs_18_crore_50_lac-54590948-1592-3.html,dataset_zameen-property-scraper_2026-09-21_19-33-59-051.csv,dataset_zameen-property-scraper_2026-09-21_19-33-59-051_54590948
2026-09-21T19:33:58.575Z,search,Added: 7 hours ago,,4 Marla,Marla,4.0,Trusted,7.0,,commercial-sale,Lahore,1,PKR,sale,54590988.0,"DHA Phase 1 - Block F, DHA Phase 1",6.0,95000000,9.5 Crore,"Rental Income 5 Lac/Month | 4 Marla Commercial Building in F Block, DHA Lahore Phase 1 | Rs. 9 Crore 50 Lac",https://www.zameen.com/Commercial/Lahore-1-1.html,Lahore · Commercial for sale,4 Marla Commercial Building for Sal,success,https://media.zameen.com/thumbnails/305815449-400x300.jpeg,,https://www.zameen.com/Property/dha_phase_1_dha_phase_1_-_block_f_rental_income_5_lac_month_4_marla_commercial_building_in_f_block_dha_lahore_phase_1_rs_9_crore_50_lac-54590988-1568-3.html,dataset_zameen-property-scraper_2026-09-21_19-33-59-051.csv,dataset_zameen-property-scraper_2026-09-21_19-33-59-051_54590988
2026-09-21T19:33:58.637Z,search,Added: 7 hours ago,,4 Marla,Marla,4.0,Trusted,7.0,,commercial-sale,Lahore,1,PKR,sale,54596600.0,"DHA Phase 5, DHA Defence",6.0,180000000,18 Crore,"Rental Income 7 Lac 50 Thousand Month | 4 Marla Commercial Building In A Block, DHA Lahore Phase 5 | Rs. 18 Crore",https://www.zameen.com/Commercial/Lahore-1-1.html,Lahore · Commercial for sale,4 Marla Commercial Building for Sal,success,https://media.zameen.com/thumbnails/305857093-400x300.jpeg,,https://www.zameen.com/Property/dha_defence_dha_phase_5_rental_income_7_lac_50_thousand_month_4_marla_commercial_building_in_a_block_dha_lahore_phase_5_rs_18_crore-54596600-1447-3.html,dataset_zameen-property-scraper_2026-09-21_19-33-59-051.csv,dataset_zameen-property-scraper_2026-09-21_19-33-59-051_54596600
2026-09-21T19:33:58.683Z,search,Added: 2 hours ago,,9 Marla,Marla,9.0,Trusted,4.0,3.0,commercial-sale,Lahore,1,PKR,sale,54462749.0,"Architects Engineers Housing Society, Lahore",7.0,42500000,4.25 Crore,9 Marla Life Time Commercial Building For Sale At 50-Ft Wide Road,https://www.zameen.com/Commercial/Lahore-1-1.html,Lahore · Commercial for sale,9 Marla Double Storey Life Time Com,success,https://media.zameen.com/thumbnails/304562739-400x300.jpeg,,https://www.zameen.com/Property/lahore_architects_engineers_housing_society_9_marla_life_time_commercial_building_for_sale_at_50-ft_wide_road-54462749-1242-3.html,dataset_zameen-property-scraper_2026-09-21_19-33-59-051.csv,dataset_zameen-property-scraper_2026-09-21_19-33-59-051_54462749
2026-09-21T19:33:58.728Z,search,Added: 4 hours ago,,5.3 Marla,Marla,5.3,Trusted,1.0,,commercial-sale,Lahore,1,PKR,sale,54179348.0,"Fortress Stadium, Cantt",7.0,110000000,11 Crore,Commercial Outlet for Sale in Fortress Stadium Lahore,https://www.zameen.com/Commercial/Lahore-1-1.html,Lahore · Commercial for sale,A premium commercial investment opp,success,https://media.zameen.com/thumbnails/301500596-400x300.jpeg,,https://www.zameen.com/Property/cantt_fortress_stadium_commercial_outlet_for_sale_in_fortress_stadium_lahore-54179348-9917-3.html,dataset_zameen-property-scraper_2026-09-21_19-33-59-051.csv,dataset_zameen-property-scraper_2026-09-21_19-33-59-051_54179348
2026-09-21T19:33:58.785Z,search,Added: 4 hours ago,,3 Marla,Marla,3.0,Trusted,4.0,3.0,commercial-sale,Lahore,1,PKR,sale,43963411.0,"Bedian Road, Lahore",25.0,22500000,2.25 Crore,3 Marla Commercial Plaza For Sale,https://www.zameen.com/Commercial/Lahore-1-1.html,Lahore · Commercial for sale,4 Floor Plaza For Sale At Sj Garden,success,https://media.zameen.com/thumbnails/299739287-400x300.jpeg,,https://www.zameen.com/Property/lahore_bedian_road_3_marla_commercial_plaza_for_sale-43963411-378-3.html,dataset_zameen-property-scraper_2026-09-21_19-33-59-051.csv,dataset_zameen-property-scraper_2026-09-21_19-33-59-051_43963411
2026-09-21T19:33:58.841Z,search,Added: 4 hours ago,,1 Kanal,Kanal,1.0,Verified,,,commercial-sale,Lahore,1,PKR,sale,54633449.0,"Model Town Link Road, Model Town",23.0,250000000,25 Crore,1 Kanal Semi-Commercial Corner Property | Rental Income | Near Model Town Link Road,https://www.zameen.com/Commercial/Lahore-1-1.html,Lahore · Commercial for sale,1 Kanal Semi-Commercial Corner Prop,success,https://media.zameen.com/thumbnails/306290570-400x300.jpeg,(Updated: 4 hours ago),https://www.zameen.com/Property/model_town_model_town_link_road_1_kanal_semi-commercial_corner_property_rental_income_near_model_town_link_road-54633449-3086-3.html,dataset_zameen-property-scraper_2026-09-21_19-33-59-051.csv,dataset_zameen-property-scraper_2026-09-21_19-33-59-051_54633449
2026-09-21T19:33:58.895Z,search,Added: 4 hours ago,,4 Marla,Marla,4.0,Verified,,,commercial-sale,Lahore,1,PKR,sale,52316284.0,"Johar Town Phase 2 - Block R2, Johar Town Phase 2",9.0,42500000,4.25 Crore,Stunning And Affordable Building Available For Sale In Johar Town Phase 2 - Block R2,https://www.zameen.com/Commercial/Lahore-1-1.html,Lahore · Commercial for sale,"Johar Town Block R2
4 Marla Tripple",success,https://media.zameen.com/thumbnails/304488401-400x300.jpeg,(Updated: 4 hours ago),https://www.zameen.com/Property/johar_town_phase_2_johar_town_phase_2_-_block_r2_stunning_and_affordable_building_available_for_sale_in_johar_town_phase_2_-_block_r2-52316284-3981-3.html,dataset_zameen-property-scraper_2026-09-21_19-33-59-051.csv,dataset_zameen-property-scraper_2026-09-21_19-33-59-051_52316284
2026-09-21T19:33:58.936Z,search,Added: 5 hours ago,,5.5 Marla,Marla,5.5,Trusted,,,commercial-sale,Lahore,1,PKR,sale,54528045.0,"Cavalry Ground, Lahore",8.0,37500000,3.75 Crore,"5.5 Marla Single Storey Commercial Building For Sale In Calvary Ground, Lahore",https://www.zameen.com/Commercial/Lahore-1-1.html,Lahore · Commercial for sale,5.5 Marla Single-Storey Commercial,success,https://media.zameen.com/thumbnails/305211788-400x300.jpeg,,https://www.zameen.com/Property/lahore_cavalry_ground_5_5_marla_single_storey_commercial_building_for_sale_in_calvary_ground_lahore-54528045-69-3.html,dataset_zameen-property-scraper_2026-09-21_19-33-59-051.csv,dataset_zameen-property-scraper_2026-09-21_19-33-59-051_54528045
2026-09-21T19:33:58.991Z,search,Added: 6 hours ago,Titanium,1.1 Marla,Marla,1.1,Trusted,,,commercial-sale,Lahore,1,PKR,sale,54600745.0,"Gulberg 3, Gulberg",16.0,10000000,1 Crore,"Brand Rented Shop 66,666/- For Sale Main Road (High ROI)",https://www.zameen.com/Commercial/Lahore-1-1.html,Lahore · Commercial for sale,"Rent 66,666/- Starting from Day 1.",success,https://media.zameen.com/thumbnails/305893692-400x300.jpeg,,https://www.zameen.com/Property/gulberg_gulberg_3_brand_rented_shop_66_666_-_for_sale_main_road_high_roi-54600745-3824-3.html,dataset_zameen-property-scraper_2026-09-21_19-33-59-051.csv,dataset_zameen-property-scraper_2026-09-21_19-33-59-051_54600745
2026-09-21T19:33:59.031Z,search,Added: 7 hours ago,,3 Marla,Marla,3.0,Trusted,5.0,5.0,commercial-sale,Lahore,1,PKR,sale,54073199.0,"Al-Kabir Town, Raiwind Road",17.0,30000000,3 Crore,Unoccupied Building Of 3 Marla Is Available For Sale In Raiwind Roa,https://www.zameen.com/Commercial/Lahore-1-1.html,Lahore · Commercial for sale,All your search for 3 Marla propert,success,https://media.zameen.com/thumbnails/302455448-400x300.jpeg,,https://www.zameen.com/Property/raiwind_road_al-kabir_town_unoccupied_building_of_3_marla_is_available_for_sale_in_raiwind_roa-54073199-11433-3.html,dataset_zameen-property-scraper_2026-09-21_19-33-59-051.csv,dataset_zameen-property-scraper_2026-09-21_19-33-59-051_54073199
2026-09-21T19:34:42.135Z,search,Added: 7 hours ago,Titanium,"3,150 sqft",sqft,3150.0,super hot,4.0,4.0,rental-flats,Lahore,1,PKR,rent,54774069.0,"Askari 10, Askari",42.0,165000,1.65 Lakh,Brand New Open View 14 Marla Apartment Low Price From Market,https://www.zameen.com/Rentals_Flats_Apartments/Lahore-1-1.html,Lahore · Flats & apartments for rent,"It includes:
4 Bedrooms with attach",success,https://media.zameen.com/thumbnails/307557143-400x300.jpeg,,https://www.zameen.com/Property/askari_askari_10_brand_new_open_view_14_marla_apartment_low_price_from_market-54774069-1011-4.html,dataset_zameen-property-scraper_2026-09-21_19-34-43-341.csv,dataset_zameen-property-scraper_2026-09-21_19-34-43-341_54774069
2026-09-21T19:34:42.223Z,search,Added: 12 hours ago,Titanium,"2,250 sqft",sqft,2250.0,super hot,4.0,3.0,rental-flats,Lahore,1,PKR,rent,54772501.0,"Askari 11 - Sector B, Askari 11",16.0,125000,1.25 Lakh,"10 Marla 3 Bedroom Flat Available For Rent Askari 11, Sec B",https://www.zameen.com/Rentals_Flats_Apartments/Lahore-1-1.html,Lahore · Flats & apartments for rent,10 Marla 3 Bedroom Flat Available F,success,https://media.zameen.com/thumbnails/307542863-400x300.jpeg,(Updated: 12 hours ago),https://www.zameen.com/Property/askari_11_askari_11_-_sector_b_10_marla_3_bedroom_flat_available_for_rent_askari_11_sec_b-54772501-15702-4.html,dataset_zameen-property-scraper_2026-09-21_19-34-43-341.csv,dataset_zameen-property-scraper_2026-09-21_19-34-43-341_54772501
2026-09-21T19:34:42.280Z,search,Added: 2 days ago,Titanium,"2,700 sqft",sqft,2700.0,super hot,4.0,4.0,rental-flats,Lahore,1,PKR,rent,54706100.0,"Askari 10, Askari",21.0,180000,1.8 Lakh,"12 Marla, Newly Build Flat Available For Rent In Sector S, Askari 10, Lahore",https://www.zameen.com/Rentals_Flats_Apartments/Lahore-1-1.html,Lahore · Flats & apartments for rent,"Main Features
Built in year: new
Vi",success,https://media.zameen.com/thumbnails/306904705-400x300.jpeg,,https://www.zameen.com/Property/askari_askari_10_12_marla_newly_build_flat_available_for_rent_in_sector_s_askari_10_lahore-54706100-1011-4.html,dataset_zameen-property-scraper_2026-09-21_19-34-43-341.csv,dataset_zameen-property-scraper_2026-09-21_19-34-43-341_54706100
2026-09-21T19:34:42.313Z,search,Added: 2 days ago,Titanium,"2,700 sqft",sqft,2700.0,super hot,5.0,4.0,rental-flats,Lahore,1,PKR,rent,54683822.0,"Askari 10, Askari",14.0,185000,1.85 Lakh,12 MARLA 4 BEDROOM APARTMENT AVAILABLE FOR RENT,https://www.zameen.com/Rentals_Flats_Apartments/Lahore-1-1.html,Lahore · Flats & apartments for rent,"4 BEDROOM ATTACHED BATH
KITCHEN 
LO",success,https://media.zameen.com/thumbnails/306684943-400x300.jpeg,(Updated: 2 days ago),https://www.zameen.com/Property/askari_askari_10_12_marla_4_bedroom_apartment_available_for_rent-54683822-1011-4.html,dataset_zameen-property-scraper_2026-09-21_19-34-43-341.csv,dataset_zameen-property-scraper_2026-09-21_19-34-43-341_54683822
2026-09-21T19:34:42.377Z,search,Added: 2 days ago,Titanium,"2,700 sqft",sqft,2700.0,super hot,5.0,4.0,rental-flats,Lahore,1,PKR,rent,54574906.0,"Askari 10, Askari",20.0,175000,1.75 Lakh,12 MARLA BRAND NEW 4 BEDROOM APARTMENT AVAILABLE FOR RENT,https://www.zameen.com/Rentals_Flats_Apartments/Lahore-1-1.html,Lahore · Flats & apartments for rent,"4 BEDROOM ATTACHED BATH
KITCHEN 
LO",success,https://media.zameen.com/thumbnails/305648304-400x300.jpeg,(Updated: 2 days ago),https://www.zameen.com/Property/askari_askari_10_12_marla_brand_new_4_bedroom_apartment_available_for_rent-54574906-1011-4.html,dataset_zameen-property-scraper_2026-09-21_19-34-43-341.csv,dataset_zameen-property-scraper_2026-09-21_19-34-43-341_54574906
2026-09-21T19:34:42.417Z,search,Added: 4 hours ago,,"2,925 sqft",sqft,2925.0,super hot,5.0,4.0,rental-flats,Lahore,1,PKR,rent,26995627.0,"Askari 11, Askari",27.0,125000,1.25 Lakh,Brand New 13 Marla 4 Bed Flat For Rent In Askari Green Lahore,https://www.zameen.com/Rentals_Flats_Apartments/Lahore-1-1.html,Lahore · Flats & apartments for rent,Brand New 13 Marla 4 Bed Flat For R,success,https://media.zameen.com/thumbnails/299750634-400x300.jpeg,(Updated: 4 hours ago),https://www.zameen.com/Property/askari_askari_11_brand_new_13_marla_4_bed_flat_for_rent_in_askari_green_lahore-26995627-1503-4.html,dataset_zameen-property-scraper_2026-09-21_19-34-43-341.csv,dataset_zameen-property-scraper_2026-09-21_19-34-43-341_26995627
2026-09-21T19:34:42.460Z,search,Added: 8 hours ago,,"1,561 sqft",sqft,1561.0,super hot,3.0,3.0,rental-flats,Lahore,1,PKR,rent,54757367.0,"Penta Square By DHA Lahore, DHA Phase 5",25.0,300000,3 Lakh,Brand New Fully Furnished 3 Bed Apartment For Rent,https://www.zameen.com/Rentals_Flats_Apartments/Lahore-1-1.html,Lahore · Flats & apartments for rent,"Penta Square, DHA Phase 5
3-Bed Apa",success,https://media.zameen.com/thumbnails/307464789-400x300.jpeg,(Updated: 8 hours ago),https://www.zameen.com/Property/dha_phase_5_penta_square_by_dha_lahore_brand_new_fully_furnished_3_bed_apartment_for_rent-54757367-11845-4.html,dataset_zameen-property-scraper_2026-09-21_19-34-43-341.csv,dataset_zameen-property-scraper_2026-09-21_19-34-43-341_54757367
2026-09-21T19:34:42.494Z,search,Added: 9 hours ago,,"2,925 sqft",sqft,2925.0,super hot,5.0,4.0,rental-flats,Lahore,1,PKR,rent,54773043.0,"Askari 12, Askari",31.0,130000,1.3 Lakh,Askari 12 Brand New 4 Bed Apartment Available For rent,https://www.zameen.com/Rentals_Flats_Apartments/Lahore-1-1.html,Lahore · Flats & apartments for rent,**Askari 12 Brand New 4-Bed Apartme,success,https://media.zameen.com/thumbnails/307547085-400x300.jpeg,(Updated: 9 hours ago),https://www.zameen.com/Property/askari_askari_12_askari_12_brand_new_4_bed_apartment_available_for_rent-54773043-22537-4.html,dataset_zameen-property-scraper_2026-09-21_19-34-43-341.csv,dataset_zameen-property-scraper_2026-09-21_19-34-43-341_54773043
2026-09-21T19:34:42.532Z,search,Added: 10 hours ago,,"1,561 sqft",sqft,1561.0,super hot,4.0,3.0,rental-flats,Lahore,1,PKR,rent,54693303.0,"Penta Square By DHA Lahore, DHA Phase 5",21.0,190000,1.9 Lakh,BRAND NEW 3 BED FACING PARK APARTMENT AVAILABLE FOR RENT,https://www.zameen.com/Rentals_Flats_Apartments/Lahore-1-1.html,Lahore · Flats & apartments for rent,"Key Features:
 . Facing Park
 Area:",success,https://media.zameen.com/thumbnails/306776151-400x300.jpeg,,https://www.zameen.com/Property/dha_phase_5_penta_square_by_dha_lahore_brand_new_3_bed_facing_park_apartment_available_for_rent-54693303-11845-4.html,dataset_zameen-property-scraper_2026-09-21_19-34-43-341.csv,dataset_zameen-property-scraper_2026-09-21_19-34-43-341_54693303
2026-09-21T19:34:42.588Z,search,Added: 12 hours ago,,"2,700 sqft",sqft,2700.0,super hot,5.0,4.0,rental-flats,Lahore,1,PKR,rent,54488403.0,"Askari 11 - Sector B Apartments, Askari 11",24.0,150000,1.5 Lakh,4 Bed Apartment Available For Rent In Askari 11 Lahore,https://www.zameen.com/Rentals_Flats_Apartments/Lahore-1-1.html,Lahore · Flats & apartments for rent,04 Beds 12 Marla Prime Location Apa,success,https://media.zameen.com/thumbnails/304824235-400x300.jpeg,,https://www.zameen.com/Property/askari_11_askari_11_-_sector_b_apartments_4_bed_apartment_available_for_rent_in_askari_11_lahore-54488403-15703-4.html,dataset_zameen-property-scraper_2026-09-21_19-34-43-341.csv,dataset_zameen-property-scraper_2026-09-21_19-34-43-341_54488403
2026-09-21T19:34:42.629Z,search,Added: 35 minutes ago,Titanium,"1,400 sqft",sqft,1400.0,Trusted,3.0,2.0,rental-flats,Lahore,1,PKR,rent,54150471.0,"Gulberg 3, Gulberg",19.0,210000,2.1 Lakh,Ultra-Luxury 2-Bed Furnished Apartment In Gulberg 3,https://www.zameen.com/Rentals_Flats_Apartments/Lahore-1-1.html,Lahore · Flats & apartments for rent,Experience premium living in the he,success,https://media.zameen.com/thumbnails/300936519-400x300.jpeg,,https://www.zameen.com/Property/gulberg_gulberg_3_ultra-luxury_2-bed_furnished_apartment_in_gulberg_3-54150471-3824-4.html,dataset_zameen-property-scraper_2026-09-21_19-34-43-341.csv,dataset_zameen-property-scraper_2026-09-21_19-34-43-341_54150471
2026-09-21T19:34:42.677Z,search,Added: 6 hours ago,Titanium,650 sqft,sqft,650.0,Trusted,1.0,1.0,rental-flats,Lahore,1,PKR,rent,54094508.0,"Gulberg, Lahore",19.0,130000,1.3 Lakh,1 Bedroom Semi Furnished Apartment For Rent In Gulberg,https://www.zameen.com/Rentals_Flats_Apartments/Lahore-1-1.html,Lahore · Flats & apartments for rent,1 Bedroom Semi Furnished Apartment,success,https://media.zameen.com/thumbnails/300510807-400x300.jpeg,(Updated: 6 hours ago),https://www.zameen.com/Property/lahore_gulberg_1_bedroom_semi_furnished_apartment_for_rent_in_gulberg-54094508-7-4.html,dataset_zameen-property-scraper_2026-09-21_19-34-43-341.csv,dataset_zameen-property-scraper_2026-09-21_19-34-43-341_54094508
2026-09-21T19:34:42.724Z,search,Added: 2 hours ago,,550 sqft,sqft,550.0,Trusted,1.0,1.0,rental-flats,Lahore,1,PKR,rent,53919428.0,"Bahria Town - Jasmine Block, Bahria Town - Sector C",5.0,45000,45 Thousand,One Bed Furnished Apartment Available For Rent,https://www.zameen.com/Rentals_Flats_Apartments/Lahore-1-1.html,Lahore · Flats & apartments for rent,Hattar Marketing Offering Best Inve,success,https://media.zameen.com/thumbnails/306506637-400x300.jpeg,,https://www.zameen.com/Property/bahria_town_sector_c_bahria_town_-_jasmine_block_one_bed_furnished_apartment_available_for_rent-53919428-1786-4.html,dataset_zameen-property-scraper_2026-09-21_19-34-43-341.csv,dataset_zameen-property-scraper_2026-09-21_19-34-43-341_53919428
2026-09-21T19:34:42.788Z,search,Added: 3 hours ago,,600 sqft,sqft,600.0,,1.0,1.0,rental-flats,Lahore,1,PKR,rent,54702192.0,"Bahria Town - Sector C, Bahria Town",14.0,48000,48 Thousand,1 Bed Luxury Premium Fully Furnished Apartment In Bahria Town Lahore,https://www.zameen.com/Rentals_Flats_Apartments/Lahore-1-1.html,Lahore · Flats & apartments for rent,"Earth Worth Properties. 
 The Town",success,https://media.zameen.com/thumbnails/306865053-400x300.jpeg,(Updated: 1 hour ago),https://www.zameen.com/Property/bahria_town_bahria_town_-_sector_c_1_bed_luxury_premium_fully_furnished_apartment_in_bahria_town_lahore-54702192-1784-4.html,dataset_zameen-property-scraper_2026-09-21_19-34-43-341.csv,dataset_zameen-property-scraper_2026-09-21_19-34-43-341_54702192
2026-09-21T19:34:42.855Z,search,Added: 5 hours ago,,"1,036 sqft",sqft,1036.0,Trusted,2.0,2.0,rental-flats,Lahore,1,PKR,rent,53743542.0,"Gulberg, Lahore",16.0,250000,2.5 Lakh,Fully Furnished 2 Bedroom Luxury Apartment For Rent In Gulberg,https://www.zameen.com/Rentals_Flats_Apartments/Lahore-1-1.html,Lahore · Flats & apartments for rent,Luxury Ready to move 2 Bedroom Apar,success,https://media.zameen.com/thumbnails/300340533-400x300.jpeg,,https://www.zameen.com/Property/lahore_gulberg_fully_furnished_2_bedroom_luxury_apartment_for_rent_in_gulberg-53743542-7-4.html,dataset_zameen-property-scraper_2026-09-21_19-34-43-341.csv,dataset_zameen-property-scraper_2026-09-21_19-34-43-341_53743542
2026-09-21T19:34:42.897Z,search,Added: 6 hours ago,,"2,374 sqft",sqft,2374.0,Trusted,3.0,3.0,rental-flats,Lahore,1,PKR,rent,54774393.0,"Penta Square By DHA Lahore, DHA Phase 5",13.0,300000,3 Lakh,A Tower 10th Floor 3 Beds Luxury Apartment At Penta Square DHA Phase 5,https://www.zameen.com/Rentals_Flats_Apartments/Lahore-1-1.html,Lahore · Flats & apartments for rent,(All The Information Provided In Th,success,https://media.zameen.com/thumbnails/307560276-400x300.jpeg,(Updated: 6 hours ago),https://www.zameen.com/Property/dha_phase_5_penta_square_by_dha_lahore_a_tower_10th_floor_3_beds_luxury_apartment_at_penta_square_dha_phase_5-54774393-11845-4.html,dataset_zameen-property-scraper_2026-09-21_19-34-43-341.csv,dataset_zameen-property-scraper_2026-09-21_19-34-43-341_54774393
2026-09-21T19:34:42.947Z,search,Added: 7 hours ago,,450 sqft,sqft,450.0,,1.0,1.0,rental-flats,Lahore,1,PKR,rent,53872831.0,"Etihad Town Phase 1, Etihad Town",9.0,50000,50 Thousand,One Bed Apartment Available For Rent In Etihad Town,https://www.zameen.com/Rentals_Flats_Apartments/Lahore-1-1.html,Lahore · Flats & apartments for rent,A beautifully maintained one bed ap,success,https://media.zameen.com/thumbnails/304626808-400x300.jpeg,,https://www.zameen.com/Property/etihad_town_etihad_town_phase_1_one_bed_apartment_available_for_rent_in_etihad_town-53872831-16882-4.html,dataset_zameen-property-scraper_2026-09-21_19-34-43-341.csv,dataset_zameen-property-scraper_2026-09-21_19-34-43-341_53872831
2026-09-21T19:34:42.998Z,search,Added: 22 minutes ago,,"1,722 sqft",sqft,1722.0,Trusted,2.0,2.0,rental-flats,Lahore,1,PKR,rent,51577056.0,"Penta Square By DHA Lahore, DHA Phase 5",27.0,195000,1.95 Lakh,"Luxurious 2-Bedroom Apartment For Rent In DHA Penta Square, Lahore",https://www.zameen.com/Rentals_Flats_Apartments/Lahore-1-1.html,Lahore · Flats & apartments for rent,Luxurious 2-Bedroom Apartment For R,success,https://media.zameen.com/thumbnails/305059872-400x300.jpeg,,https://www.zameen.com/Property/dha_phase_5_penta_square_by_dha_lahore_luxurious_2-bedroom_apartment_for_rent_in_dha_penta_square_lahore-51577056-11845-4.html,dataset_zameen-property-scraper_2026-09-21_19-34-43-341.csv,dataset_zameen-property-scraper_2026-09-21_19-34-43-341_51577056
2026-09-21T19:34:43.063Z,search,Added: 36 minutes ago,Titanium,"1,200 sqft",sqft,1200.0,Trusted,3.0,2.0,rental-flats,Lahore,1,PKR,rent,54628253.0,"Gulberg, Lahore",26.0,200000,2 Lakh,2 Bedroom Spacious Corner Apartment With Three-Side Panoramic Views Of Gulberg,https://www.zameen.com/Rentals_Flats_Apartments/Lahore-1-1.html,Lahore · Flats & apartments for rent,Experience premium living in this b,success,https://media.zameen.com/thumbnails/306149150-400x300.jpeg,,https://www.zameen.com/Property/lahore_gulberg_2_bedroom_spacious_corner_apartment_with_three-side_panoramic_views_of_gulberg-54628253-7-4.html,dataset_zameen-property-scraper_2026-09-21_19-34-43-341.csv,dataset_zameen-property-scraper_2026-09-21_19-34-43-341_54628253
2026-09-21T19:34:43.130Z,search,Added: 36 minutes ago,Titanium,"2,000 sqft",sqft,2000.0,Trusted,4.0,3.0,rental-flats,Lahore,1,PKR,rent,54408885.0,"Gulberg 3, Gulberg",12.0,210000,2.1 Lakh,Premium 3-Bedroom Semi Furnished Apartment Prime Location Resort-Style Amenities,https://www.zameen.com/Rentals_Flats_Apartments/Lahore-1-1.html,Lahore · Flats & apartments for rent,Experience Comfortable And Modern L,success,https://media.zameen.com/thumbnails/304023221-400x300.jpeg,,https://www.zameen.com/Property/gulberg_gulberg_3_premium_3-bedroom_semi_furnished_apartment_prime_location_resort-style_amenities-54408885-3824-4.html,dataset_zameen-property-scraper_2026-09-21_19-34-43-341.csv,dataset_zameen-property-scraper_2026-09-21_19-34-43-341_54408885
2026-09-21T19:34:43.166Z,search,Added: 36 minutes ago,Titanium,800 sqft,sqft,800.0,Trusted,2.0,1.0,rental-flats,Lahore,1,PKR,rent,54550273.0,"Gulberg 3, Gulberg",16.0,180000,1.8 Lakh,Elegant Semi-Furnished 1 Bedroom Apartment For Rent,https://www.zameen.com/Rentals_Flats_Apartments/Lahore-1-1.html,Lahore · Flats & apartments for rent,Experience premium living in the he,success,https://media.zameen.com/thumbnails/306153675-400x300.jpeg,,https://www.zameen.com/Property/gulberg_gulberg_3_elegant_semi-furnished_1_bedroom_apartment_for_rent-54550273-3824-4.html,dataset_zameen-property-scraper_2026-09-21_19-34-43-341.csv,dataset_zameen-property-scraper_2026-09-21_19-34-43-341_54550273
2026-09-21T19:34:43.206Z,search,Added: 1 hour ago,Titanium,"1,150 sqft",sqft,1150.0,Trusted,2.0,2.0,rental-flats,Lahore,1,PKR,rent,53742354.0,"Gulberg, Lahore",13.0,170000,1.7 Lakh,1150 Sqft Furnished Apartment For Rent In Gulberg,https://www.zameen.com/Rentals_Flats_Apartments/Lahore-1-1.html,Lahore · Flats & apartments for rent,2 Bedroom Furnished Apartment For R,success,https://media.zameen.com/thumbnails/305611766-400x300.jpeg,(Updated: 1 hour ago),https://www.zameen.com/Property/lahore_gulberg_1150_sqft_furnished_apartment_for_rent_in_gulberg-53742354-7-4.html,dataset_zameen-property-scraper_2026-09-21_19-34-43-341.csv,dataset_zameen-property-scraper_2026-09-21_19-34-43-341_53742354
2026-09-21T19:34:43.247Z,search,Added: 1 hour ago,Titanium,"1,880 sqft",sqft,1880.0,Trusted,3.0,2.0,rental-flats,Lahore,1,PKR,rent,53670447.0,"Gulberg, Lahore",12.0,170000,1.7 Lakh,2 Bedroom Brand-New Apartment For Rent,https://www.zameen.com/Rentals_Flats_Apartments/Lahore-1-1.html,Lahore · Flats & apartments for rent,Centre of MM Alam Road and Main bou,success,https://media.zameen.com/thumbnails/301309686-400x300.jpeg,,https://www.zameen.com/Property/lahore_gulberg_2_bedroom_brand-new_apartment_for_rent-53670447-7-4.html,dataset_zameen-property-scraper_2026-09-21_19-34-43-341.csv,dataset_zameen-property-scraper_2026-09-21_19-34-43-341_53670447
2026-09-21T19:34:43.283Z,search,Added: 1 hour ago,Titanium,"2,600 sqft",sqft,2600.0,Trusted,4.0,3.0,rental-flats,Lahore,1,PKR,rent,52344989.0,"Main Boulevard Gulberg, Gulberg",25.0,300000,3 Lakh,"Modern Apartment, All Sleek And Stylish",https://www.zameen.com/Rentals_Flats_Apartments/Lahore-1-1.html,Lahore · Flats & apartments for rent,"2600 sq ft

A Class Furnished Apart",success,https://media.zameen.com/thumbnails/307290863-400x300.jpeg,,https://www.zameen.com/Property/gulberg_main_boulevard_gulberg_modern_apartment_all_sleek_and_stylish-52344989-3852-4.html,dataset_zameen-property-scraper_2026-09-21_19-34-43-341.csv,dataset_zameen-property-scraper_2026-09-21_19-34-43-341_52344989
2026-09-21T19:34:43.319Z,search,Added: 1 hour ago,Titanium,"1,800 sqft",sqft,1800.0,Trusted,3.0,2.0,rental-flats,Lahore,1,PKR,rent,48669507.0,"Gulberg, Lahore",11.0,200000,2 Lakh,Semi Furnished Flat For Rent,https://www.zameen.com/Rentals_Flats_Apartments/Lahore-1-1.html,Lahore · Flats & apartments for rent,1600 sq ft Spacious best located sa,success,https://media.zameen.com/thumbnails/300511432-400x300.jpeg,,https://www.zameen.com/Property/lahore_gulberg_semi_furnished_flat_for_rent-48669507-7-4.html,dataset_zameen-property-scraper_2026-09-21_19-34-43-341.csv,dataset_zameen-property-scraper_2026-09-21_19-34-43-341_48669507
2026-09-21T19:35:26.121Z,search,Added: 2 hours ago,Titanium,8 Marla,Marla,8.0,super hot,,,rental-commercial,Lahore,1,PKR,rent,54630782.0,"DHA Phase 8 - Commercial Broadway, DHA Phase 8",10.0,125000,1.25 Lakh,8 Marla Office For Rent,https://www.zameen.com/Rentals_Commercial/Lahore-1-1.html,Lahore · Commercial for rent,"we offer Marla office for rent
in a",success,https://media.zameen.com/thumbnails/306170855-400x300.jpeg,(Updated: 2 hours ago),https://www.zameen.com/Property/dha_phase_8_dha_phase_8_-_commercial_broadway_8_marla_office_for_rent-54630782-8268-4.html,dataset_zameen-property-scraper_2026-09-21_19-35-27-646.csv,dataset_zameen-property-scraper_2026-09-21_19-35-27-646_54630782
2026-09-21T19:35:26.245Z,search,Added: 14 hours ago,Titanium,7.8 Kanal,Kanal,7.8,super hot,7.0,,rental-commercial,Lahore,1,PKR,rent,54754151.0,"Quaid-e-Azam Industrial Estate, Lahore",9.0,2500000,25 Lakh,"35,000 Sq. Ft. Warehouse for Rent in Kot Lakhpat | Quaid-e-Azam Industrial Estate",https://www.zameen.com/Rentals_Commercial/Lahore-1-1.html,Lahore · Commercial for rent,"A spacious 35,000 sq. ft. warehouse",success,https://media.zameen.com/thumbnails/307362463-400x300.jpeg,,https://www.zameen.com/Property/lahore_quaid-e-azam_industrial_estate_35_000_sq_ft_warehouse_for_rent_in_kot_lakhpat_quaid-e-azam_industrial_estate-54754151-8374-4.html,dataset_zameen-property-scraper_2026-09-21_19-35-27-646.csv,dataset_zameen-property-scraper_2026-09-21_19-35-27-646_54754151
2026-09-21T19:35:26.287Z,search,Added: 1 day ago,Titanium,11.1 Marla,Marla,11.1,super hot,,,rental-commercial,Lahore,1,PKR,rent,54230278.0,"MM Alam Road, Gulberg",9.0,1500000,15 Lakh,Shop For Rent 2500 SQ. FT Available,https://www.zameen.com/Rentals_Commercial/Lahore-1-1.html,Lahore · Commercial for rent,Shah jee Real Estate 1500 sq. ft,success,https://media.zameen.com/thumbnails/302568423-400x300.jpeg,,https://www.zameen.com/Property/gulberg_mm_alam_road_shop_for_rent_2500_sq_ft_available-54230278-3850-4.html,dataset_zameen-property-scraper_2026-09-21_19-35-27-646.csv,dataset_zameen-property-scraper_2026-09-21_19-35-27-646_54230278
2026-09-21T19:35:26.339Z,search,Added: 1 day ago,Titanium,8 Marla,Marla,8.0,super hot,,,rental-commercial,Lahore,1,PKR,rent,52350017.0,"DHA Phase 8 - Commercial Broadway, DHA Phase 8",17.0,300000,3 Lakh,8 Marla Building For Rent,https://www.zameen.com/Rentals_Commercial/Lahore-1-1.html,Lahore · Commercial for rent,We Offer 8Marla Building For Rent,success,https://media.zameen.com/thumbnails/300680802-400x300.jpeg,(Updated: 1 day ago),https://www.zameen.com/Property/dha_phase_8_dha_phase_8_-_commercial_broadway_8_marla_building_for_rent-52350017-8268-4.html,dataset_zameen-property-scraper_2026-09-21_19-35-27-646.csv,dataset_zameen-property-scraper_2026-09-21_19-35-27-646_52350017
2026-09-21T19:35:26.382Z,search,Added: 1 day ago,Titanium,8 Marla,Marla,8.0,super hot,,,rental-commercial,Lahore,1,PKR,rent,52335018.0,"DHA Phase 8 - Commercial Broadway, DHA Phase 8",20.0,1300000,13 Lakh,8 Marla Full Building For Rent,https://www.zameen.com/Rentals_Commercial/Lahore-1-1.html,Lahore · Commercial for rent,"G 100 Offer 
 8M Building For Rent",success,https://media.zameen.com/thumbnails/307433693-400x300.jpeg,,https://www.zameen.com/Property/dha_phase_8_dha_phase_8_-_commercial_broadway_8_marla_full_building_for_rent-52335018-8268-4.html,dataset_zameen-property-scraper_2026-09-21_19-35-27-646.csv,dataset_zameen-property-scraper_2026-09-21_19-35-27-646_52335018
2026-09-21T19:35:26.471Z,search,Added: 7 hours ago,,4 Marla,Marla,4.0,super hot,2.0,2.0,rental-commercial,Lahore,1,PKR,rent,54727471.0,"DHA Phase 7, DHA Defence",10.0,350000,3.5 Lakh,"Commercial Plaza for Rent , DHA Phase 7, Lahore* _Offered by: Paramount Properties Solution_",https://www.zameen.com/Rentals_Commercial/Lahore-1-1.html,Lahore · Commercial for rent,Excellent Opportunity to Start Your,success,https://media.zameen.com/thumbnails/307103335-400x300.jpeg,,https://www.zameen.com/Property/dha_defence_dha_phase_7_commercial_plaza_for_rent_dha_phase_7_lahore_offered_by_paramount_properties_solution-54727471-1450-4.html,dataset_zameen-property-scraper_2026-09-21_19-35-27-646.csv,dataset_zameen-property-scraper_2026-09-21_19-35-27-646_54727471
2026-09-21T19:35:26.520Z,search,Added: 8 hours ago,,5 Marla,Marla,5.0,super hot,1.0,,rental-commercial,Lahore,1,PKR,rent,54737721.0,"Etihad Town Phase 1, Etihad Town",6.0,125000,1.25 Lakh,Premium Space Available For Office In Etihad Town Phase 1,https://www.zameen.com/Rentals_Commercial/Lahore-1-1.html,Lahore · Commercial for rent,5 MARLA OFFICE FOR RENT ETIHAD TOWN,success,https://media.zameen.com/thumbnails/307209055-400x300.jpeg,(Updated: 8 hours ago),https://www.zameen.com/Property/etihad_town_etihad_town_phase_1_premium_space_available_for_office_in_etihad_town_phase_1-54737721-16882-4.html,dataset_zameen-property-scraper_2026-09-21_19-35-27-646.csv,dataset_zameen-property-scraper_2026-09-21_19-35-27-646_54737721
2026-09-21T19:35:26.582Z,search,Added: 11 hours ago,,9.8 Marla,Marla,9.8,super hot,2.0,,rental-commercial,Lahore,1,PKR,rent,54305043.0,"Gulberg 3, Gulberg",5.0,220000,2.2 Lakh,2200 Sqft Semi Furnished Office Near Kalma Chowk Garden Town Lahore,https://www.zameen.com/Rentals_Commercial/Lahore-1-1.html,Lahore · Commercial for rent,Investment Corridor and Builders pr,success,https://media.zameen.com/thumbnails/302181503-400x300.jpeg,(Updated: 11 hours ago),https://www.zameen.com/Property/gulberg_gulberg_3_2200_sqft_semi_furnished_office_near_kalma_chowk_garden_town_lahore-54305043-3824-4.html,dataset_zameen-property-scraper_2026-09-21_19-35-27-646.csv,dataset_zameen-property-scraper_2026-09-21_19-35-27-646_54305043
2026-09-21T19:35:26.646Z,search,Added: 12 hours ago,,2.4 Marla,Marla,2.4,super hot,,,rental-commercial,Lahore,1,PKR,rent,53693258.0,"Barkat Market, Garden Town",14.0,60000,60 Thousand,Fully Furnished Corner Office Available In Barkat Market,https://www.zameen.com/Rentals_Commercial/Lahore-1-1.html,Lahore · Commercial for rent,"1 hall ,1 executive Room ,Bath ,Kit",success,https://media.zameen.com/thumbnails/307202573-400x300.jpeg,,https://www.zameen.com/Property/garden_town_barkat_market_fully_furnished_corner_office_available_in_barkat_market-53693258-3788-4.html,dataset_zameen-property-scraper_2026-09-21_19-35-27-646.csv,dataset_zameen-property-scraper_2026-09-21_19-35-27-646_53693258
2026-09-21T19:35:26.699Z,search,Added: 12 hours ago,,2.4 Marla,Marla,2.4,super hot,,,rental-commercial,Lahore,1,PKR,rent,51415621.0,"Barkat Market, Garden Town",9.0,45000,45 Thousand,Fully Furnished Corner Office Available In Barkat Market Garden Town,https://www.zameen.com/Rentals_Commercial/Lahore-1-1.html,Lahore · Commercial for rent,"1 Hall attached Bath ,Kitchen ,Furn",success,https://media.zameen.com/thumbnails/306857906-400x300.jpeg,,https://www.zameen.com/Property/garden_town_barkat_market_fully_furnished_corner_office_available_in_barkat_market_garden_town-51415621-3788-4.html,dataset_zameen-property-scraper_2026-09-21_19-35-27-646.csv,dataset_zameen-property-scraper_2026-09-21_19-35-27-646_51415621
2026-09-21T19:35:26.793Z,search,Added: 2 hours ago,Titanium,2.2 Kanal,Kanal,2.2,Trusted,7.0,,rental-commercial,Lahore,1,PKR,rent,54729796.0,"MM Alam Road, Gulberg",9.0,2500000,25 Lakh,"10,000 Sq Ft Office For Rent On MM Alam Road, Gulberg . Best Opportunity For Corporate Offices, Multi-National Companies # SLM 1",https://www.zameen.com/Rentals_Commercial/Lahore-1-1.html,Lahore · Commercial for rent,"10,000 Sq. Ft. Commercial Office
Hu",success,https://media.zameen.com/thumbnails/307474509-400x300.jpeg,,https://www.zameen.com/Property/gulberg_mm_alam_road_10_000_sq_ft_office_for_rent_on_mm_alam_road_gulberg_best_opportunity_for_corporate_offices_multi-national_companies_slm_1-54729796-3850-4.html,dataset_zameen-property-scraper_2026-09-21_19-35-27-646.csv,dataset_zameen-property-scraper_2026-09-21_19-35-27-646_54729796
2026-09-21T19:35:26.844Z,search,Added: 4 hours ago,Titanium,8 Marla,Marla,8.0,Trusted,,,rental-commercial,Lahore,1,PKR,rent,54577788.0,"DHA Phase 8 - Commercial Broadway, DHA Phase 8",11.0,300000,3 Lakh,8 Marla Ground Mezanine Available For Rent,https://www.zameen.com/Rentals_Commercial/Lahore-1-1.html,Lahore · Commercial for rent,We Offer 8Marla Ground Mezanine Ava,success,https://media.zameen.com/thumbnails/305678816-400x300.jpeg,,https://www.zameen.com/Property/dha_phase_8_dha_phase_8_-_commercial_broadway_8_marla_ground_mezanine_available_for_rent-54577788-8268-4.html,dataset_zameen-property-scraper_2026-09-21_19-35-27-646.csv,dataset_zameen-property-scraper_2026-09-21_19-35-27-646_54577788
2026-09-21T19:35:26.908Z,search,Added: 3 hours ago,,5 Marla,Marla,5.0,Trusted,,,rental-commercial,Lahore,1,PKR,rent,54703149.0,"Bahria Town - Sector C, Bahria Town",9.0,60000,60 Thousand,5 Marla Brand New 1st Floor For Rent Serious Clint Only,https://www.zameen.com/Rentals_Commercial/Lahore-1-1.html,Lahore · Commercial for rent,Commercial Floor For Rent Bahria To,success,https://media.zameen.com/thumbnails/306874978-400x300.jpeg,(Updated: 3 hours ago),https://www.zameen.com/Property/bahria_town_bahria_town_-_sector_c_5_marla_brand_new_1st_floor_for_rent_serious_clint_only-54703149-1784-4.html,dataset_zameen-property-scraper_2026-09-21_19-35-27-646.csv,dataset_zameen-property-scraper_2026-09-21_19-35-27-646_54703149
2026-09-21T19:35:26.955Z,search,Added: 6 hours ago,,1.9 Kanal,Kanal,1.9,,2.0,,rental-commercial,Lahore,1,PKR,rent,53161045.0,"Johar Town, Lahore",7.0,1350000,13.5 Lakh,1 KANAL 3 FLOORS COMMERCIAL BUILDING FOR RENT,https://www.zameen.com/Rentals_Commercial/Lahore-1-1.html,Lahore · Commercial for rent,"VERY HOT LOCATION
 3 FLOORS 
 ON MA",success,https://media.zameen.com/thumbnails/301366055-400x300.jpeg,,https://www.zameen.com/Property/lahore_johar_town_1_kanal_3_floors_commercial_building_for_rent-53161045-93-4.html,dataset_zameen-property-scraper_2026-09-21_19-35-27-646.csv,dataset_zameen-property-scraper_2026-09-21_19-35-27-646_53161045
2026-09-21T19:35:27.007Z,search,Added: 6 hours ago,,1 Kanal,Kanal,1.0,,7.0,11.0,rental-commercial,Lahore,1,PKR,rent,54278814.0,"Johar Town, Lahore",19.0,4200000,42 Lakh,1 Kanal Building For Rent Best For Hotel Hospital Or Any Office,https://www.zameen.com/Rentals_Commercial/Lahore-1-1.html,Lahore · Commercial for rent,1 Kanal Building 150 Feet Road For,success,https://media.zameen.com/thumbnails/302641592-400x300.jpeg,(Updated: 6 hours ago),https://www.zameen.com/Property/lahore_johar_town_1_kanal_building_for_rent_best_for_hotel_hospital_or_any_office-54278814-93-4.html,dataset_zameen-property-scraper_2026-09-21_19-35-27-646.csv,dataset_zameen-property-scraper_2026-09-21_19-35-27-646_54278814
2026-09-21T19:35:27.068Z,search,Added: 7 hours ago,,4 Marla,Marla,4.0,Trusted,1.0,,rental-commercial,Lahore,1,PKR,rent,54774164.0,"DHA Phase 5 - CCA Block, DHA Phase 5",6.0,110000,1.1 Lakh,4 Marla commercial 2nd floor available for Rent in dha Phase 6 Main Boulevard,https://www.zameen.com/Rentals_Commercial/Lahore-1-1.html,Lahore · Commercial for rent,4 Marla commercial 2nd floor availa,success,https://media.zameen.com/thumbnails/307558040-400x300.jpeg,,https://www.zameen.com/Property/dha_phase_5_dha_phase_5_-_cca_block_4_marla_commercial_2nd_floor_available_for_rent_in_dha_phase_6_main_boulevard-54774164-1657-4.html,dataset_zameen-property-scraper_2026-09-21_19-35-27-646.csv,dataset_zameen-property-scraper_2026-09-21_19-35-27-646_54774164
2026-09-21T19:35:27.129Z,search,Added: 8 hours ago,,4 Marla,Marla,4.0,Trusted,1.0,,rental-commercial,Lahore,1,PKR,rent,54734413.0,"DHA Phase 5 - CCA Block, DHA Phase 5",8.0,120000,1.2 Lakh,4 Marla Commercial 1st Floor Available For Rent In Dha Phase 5,https://www.zameen.com/Rentals_Commercial/Lahore-1-1.html,Lahore · Commercial for rent,4 Marla commercial 1st Floor availa,success,https://media.zameen.com/thumbnails/307176197-400x300.jpeg,,https://www.zameen.com/Property/dha_phase_5_dha_phase_5_-_cca_block_4_marla_commercial_1st_floor_available_for_rent_in_dha_phase_5-54734413-1657-4.html,dataset_zameen-property-scraper_2026-09-21_19-35-27-646.csv,dataset_zameen-property-scraper_2026-09-21_19-35-27-646_54734413
2026-09-21T19:35:27.171Z,search,Added: 46 minutes ago,,3.7 Kanal,Kanal,3.7,,7.0,11.0,rental-commercial,Lahore,1,PKR,rent,54735778.0,"Allama Iqbal Town, Lahore",25.0,1800000,18 Lakh,3.7 Kanal Building For Rent In Allma Iqbal Town,https://www.zameen.com/Rentals_Commercial/Lahore-1-1.html,Lahore · Commercial for rent,3.7 Kanal Purpose-Built Building Id,success,https://media.zameen.com/thumbnails/307188635-400x300.jpeg,,https://www.zameen.com/Property/lahore_allama_iqbal_town_3_7_kanal_building_for_rent_in_allma_iqbal_town-54735778-58-4.html,dataset_zameen-property-scraper_2026-09-21_19-35-27-646.csv,dataset_zameen-property-scraper_2026-09-21_19-35-27-646_54735778
2026-09-21T19:35:27.227Z,search,Added: 1 hour ago,,4 Marla,Marla,4.0,,,,rental-commercial,Lahore,1,PKR,rent,54503222.0,"DHA Phase 1, DHA Defence",11.0,57000,57 Thousand,4 Marla Comercial Flat For Office in DHA Phase 1 At Prime Location,https://www.zameen.com/Rentals_Commercial/Lahore-1-1.html,Lahore · Commercial for rent,4 Marla Comercial Office/Flat In DH,success,https://media.zameen.com/thumbnails/304967732-400x300.jpeg,,https://www.zameen.com/Property/dha_defence_dha_phase_1_4_marla_comercial_flat_for_office_in_dha_phase_1_at_prime_location-54503222-1442-4.html,dataset_zameen-property-scraper_2026-09-21_19-35-27-646.csv,dataset_zameen-property-scraper_2026-09-21_19-35-27-646_54503222
2026-09-21T19:35:27.272Z,search,Added: 2 hours ago,Titanium,1.1 Kanal,Kanal,1.1,Trusted,,,rental-commercial,Lahore,1,PKR,rent,54333159.0,"Main Boulevard Gulberg, Gulberg",14.0,1500000,15 Lakh,"5000 Sq. Ft Commercial Independent Shop For Rent In Gulberg 3, Gulberg",https://www.zameen.com/Rentals_Commercial/Lahore-1-1.html,Lahore · Commercial for rent,5000 SQ. FT Commercial Shop For Ren,success,https://media.zameen.com/thumbnails/300128543-400x300.jpeg,(Updated: 2 hours ago),https://www.zameen.com/Property/gulberg_main_boulevard_gulberg_5000_sq_ft_commercial_independent_shop_for_rent_in_gulberg_3_gulberg-54333159-3852-4.html,dataset_zameen-property-scraper_2026-09-21_19-35-27-646.csv,dataset_zameen-property-scraper_2026-09-21_19-35-27-646_54333159
2026-09-21T19:35:27.312Z,search,Added: 2 hours ago,Titanium,17.8 Marla,Marla,17.8,Trusted,,,rental-commercial,Lahore,1,PKR,rent,54338575.0,"MM Alam Road, Gulberg",11.0,2200000,22 Lakh,Shop For Rent M. M Alam 4000 SQ. FT,https://www.zameen.com/Rentals_Commercial/Lahore-1-1.html,Lahore · Commercial for rent,4000 SQ. FT Commercial Shop For Ren,success,https://media.zameen.com/thumbnails/304350334-400x300.jpeg,,https://www.zameen.com/Property/gulberg_mm_alam_road_shop_for_rent_m_m_alam_4000_sq_ft-54338575-3850-4.html,dataset_zameen-property-scraper_2026-09-21_19-35-27-646.csv,dataset_zameen-property-scraper_2026-09-21_19-35-27-646_54338575
2026-09-21T19:35:27.369Z,search,Added: 3 hours ago,,5 Marla,Marla,5.0,Trusted,,,rental-commercial,Lahore,1,PKR,rent,54729647.0,"Bahria Town - Jasmine Block, Bahria Town - Sector C",9.0,79000,79 Thousand,5 Marla Commercial Shop For Rent Hot Location Nearby Kfc Bahria,https://www.zameen.com/Rentals_Commercial/Lahore-1-1.html,Lahore · Commercial for rent,Commercial Floor For Rent We have t,success,https://media.zameen.com/thumbnails/307124117-400x300.jpeg,,https://www.zameen.com/Property/bahria_town_sector_c_bahria_town_-_jasmine_block_5_marla_commercial_shop_for_rent_hot_location_nearby_kfc_bahria-54729647-1786-4.html,dataset_zameen-property-scraper_2026-09-21_19-35-27-646.csv,dataset_zameen-property-scraper_2026-09-21_19-35-27-646_54729647
2026-09-21T19:35:27.411Z,search,Added: 3 hours ago,,5 Marla,Marla,5.0,Trusted,,,rental-commercial,Lahore,1,PKR,rent,54703513.0,"Bahria Town - Sector C, Bahria Town",10.0,95000,95 Thousand,5 MARLA BRAND NEW COMMERCIAL GROUND SHOP FOR RENT LOOKING FOR BRAND,https://www.zameen.com/Rentals_Commercial/Lahore-1-1.html,Lahore · Commercial for rent,The property within PKR Rs. 105000,success,https://media.zameen.com/thumbnails/306880138-400x300.jpeg,,https://www.zameen.com/Property/bahria_town_bahria_town_-_sector_c_5_marla_brand_new_commercial_ground_shop_for_rent_looking_for_brand-54703513-1784-4.html,dataset_zameen-property-scraper_2026-09-21_19-35-27-646.csv,dataset_zameen-property-scraper_2026-09-21_19-35-27-646_54703513
2026-09-21T19:35:27.552Z,search,Added: 4 hours ago,,4 Marla,Marla,4.0,Trusted,,,rental-commercial,Lahore,1,PKR,rent,53875078.0,"DHA Phase 6 - Block A, DHA Phase 6",5.0,750000,7.5 Lakh,"4 Marla Full Commercial Plaza For Rent Phase 6, A Block (Near Dolmen Mall Lahore)",https://www.zameen.com/Rentals_Commercial/Lahore-1-1.html,Lahore · Commercial for rent,A prime 4 Marla full commercial pla,success,https://media.zameen.com/thumbnails/302297995-400x300.jpeg,,https://www.zameen.com/Property/dha_phase_6_dha_phase_6_-_block_a_4_marla_full_commercial_plaza_for_rent_phase_6_a_block_near_dolmen_mall_lahore-53875078-1610-4.html,dataset_zameen-property-scraper_2026-09-21_19-35-27-646.csv,dataset_zameen-property-scraper_2026-09-21_19-35-27-646_53875078
2026-09-21T19:35:27.618Z,search,Added: 5 hours ago,,11.1 Marla,Marla,11.1,Trusted,3.0,,rental-commercial,Lahore,1,PKR,rent,53608205.0,"Gulberg 3, Gulberg",12.0,350000,3.5 Lakh,"2,500 Sqft Office Space | Al Hafeez Executive | Gulberg , Lahore",https://www.zameen.com/Rentals_Commercial/Lahore-1-1.html,Lahore · Commercial for rent,"2,500 Square feet Corporate Office",success,https://media.zameen.com/thumbnails/300370848-400x300.jpeg,,https://www.zameen.com/Property/gulberg_gulberg_3_2_500_sqft_office_space_al_hafeez_executive_gulberg_lahore-53608205-3824-4.html,dataset_zameen-property-scraper_2026-09-21_19-35-27-646.csv,dataset_zameen-property-scraper_2026-09-21_19-35-27-646_53608205
2026-09-21T19:36:22.339Z,search,Added: 2 hours ago,Titanium,"1,550 sqft",sqft,1550.0,super hot,3.0,3.0,flats,Karachi,2,PKR,sale,54467607.0,"Harmain Royal Residency, Gulshan-e-Iqbal - Block 1",19.0,23500000,2.35 Crore,1550 Square Feet Flat Is Available In Harmain Royal Residency,https://www.zameen.com/Flats_Apartments/Karachi-2-1.html,Karachi · Flats & apartments for sale,Luxurious apartment for sale in Har,success,https://media.zameen.com/thumbnails/304612614-400x300.jpeg,,https://www.zameen.com/Property/gulshan_e_iqbal_block_1_harmain_royal_residency_1550_square_feet_flat_is_available_in_harmain_royal_residency-54467607-9675-1.html,dataset_zameen-property-scraper_2026-09-21_19-36-23-931.csv,dataset_zameen-property-scraper_2026-09-21_19-36-23-931_54467607
2026-09-21T19:36:22.486Z,search,Added: 2 hours ago,Titanium,"1,500 sqft",sqft,1500.0,super hot,3.0,3.0,flats,Karachi,2,PKR,sale,52804982.0,"Burj-Ul-Harmain, University Road",32.0,17500000,1.75 Crore,Brand New Project Burj-Ul-Harmain At Main Safoora Chowrangi,https://www.zameen.com/Flats_Apartments/Karachi-2-1.html,Karachi · Flats & apartments for sale,Exclusive Property Holdings By Bric,success,https://media.zameen.com/thumbnails/304580809-400x300.jpeg,(Updated: 2 hours ago),https://www.zameen.com/Property/university_road_burj-ul-harmain_brand_new_project_burj-ul-harmain_at_main_safoora_chowrangi-52804982-9674-1.html,dataset_zameen-property-scraper_2026-09-21_19-36-23-931.csv,dataset_zameen-property-scraper_2026-09-21_19-36-23-931_52804982
2026-09-21T19:36:22.531Z,search,Added: 10 hours ago,Titanium,"3,873 sqft",sqft,3873.0,super hot,5.0,4.0,flats,Karachi,2,PKR,sale,52571241.0,"Clifton - Block 9, Clifton",40.0,75000000,7.5 Crore,SAWERA 5 SKY TOWER  A PROJECT OF (OK ESTATE & BUILDERS),https://www.zameen.com/Flats_Apartments/Karachi-2-1.html,Karachi · Flats & apartments for sale,"*SAWERA 5 SKY TOWER*
 A Project Of",success,https://media.zameen.com/thumbnails/301586787-400x300.jpeg,,https://www.zameen.com/Property/clifton_clifton_-_block_9_sawera_5_sky_tower_a_project_of_ok_estate_builders-52571241-1671-1.html,dataset_zameen-property-scraper_2026-09-21_19-36-23-931.csv,dataset_zameen-property-scraper_2026-09-21_19-36-23-931_52571241
2026-09-21T19:36:22.590Z,search,Added: 10 hours ago,Titanium,"1,100 sqft",sqft,1100.0,super hot,2.0,1.0,flats,Karachi,2,PKR,sale,54773190.0,"Emaar Crescent Bay, DHA Phase 8",16.0,48800000,4.88 Crore,Exclusive 1-Bed Luxury Apartment For Sale - Panorama,https://www.zameen.com/Flats_Apartments/Karachi-2-1.html,Karachi · Flats & apartments for sale,Experience a distinguished lifestyl,success,https://media.zameen.com/thumbnails/307551988-400x300.jpeg,(Updated: 9 hours ago),https://www.zameen.com/Property/dha_phase_8_emaar_crescent_bay_exclusive_1-bed_luxury_apartment_for_sale_-_panorama-54773190-8503-1.html,dataset_zameen-property-scraper_2026-09-21_19-36-23-931.csv,dataset_zameen-property-scraper_2026-09-21_19-36-23-931_54773190
2026-09-21T19:36:22.694Z,search,Added: 10 hours ago,Titanium,"2,112 sqft",sqft,2112.0,super hot,3.0,3.0,flats,Karachi,2,PKR,sale,53095370.0,"Bath Island, Karachi",16.0,69500000,6.95 Crore,Discover The Ultimate Investment: Four-Year Easy Installments For Bath Island&#x27;S Finest Residence!,https://www.zameen.com/Flats_Apartments/Karachi-2-1.html,Karachi · Flats & apartments for sale,Experience the SAWERA RAJ NOOR Life,success,https://media.zameen.com/thumbnails/301932026-400x300.jpeg,,https://www.zameen.com/Property/karachi_bath_island_discover_the_ultimate_investment_four-year_easy_installments_for_bath_island_s_finest_residence-53095370-198-1.html,dataset_zameen-property-scraper_2026-09-21_19-36-23-931.csv,dataset_zameen-property-scraper_2026-09-21_19-36-23-931_53095370
2026-09-21T19:36:22.752Z,search,Added: 5 hours ago,,"1,500 sqft",sqft,1500.0,super hot,3.0,3.0,flats,Karachi,2,PKR,sale,54609141.0,"Harmain Royal Residency, Gulshan-e-Iqbal - Block 1",10.0,25000000,2.5 Crore,"3-Bed DD Flat for Sale Harmain Royal Residency, Gulshan-e-Iqbal",https://www.zameen.com/Flats_Apartments/Karachi-2-1.html,Karachi · Flats & apartments for sale,3-Bed DD Flat for Sale Harmain Roya,success,https://media.zameen.com/thumbnails/307560886-400x300.jpeg,,https://www.zameen.com/Property/gulshan_e_iqbal_block_1_harmain_royal_residency_3-bed_dd_flat_for_sale_harmain_royal_residency_gulshan-e-iqbal-54609141-9675-1.html,dataset_zameen-property-scraper_2026-09-21_19-36-23-931.csv,dataset_zameen-property-scraper_2026-09-21_19-36-23-931_54609141
2026-09-21T19:36:22.793Z,search,Added: 7 hours ago,,"1,565 sqft",sqft,1565.0,super hot,3.0,3.0,flats,Karachi,2,PKR,sale,,"Samrina Boulevard, Scheme 33",17.0,27200000,2.72 Crore,3 Bed DD ( Sapphire ) Flat Available For Sale,https://www.zameen.com/Flats_Apartments/Karachi-2-1.html,Karachi · Flats & apartments for sale,Live In Comfort &Amp; Convenience A,success,https://media.zameen.com/thumbnails/301764460-400x300.jpeg,,,dataset_zameen-property-scraper_2026-09-21_19-36-23-931.csv,dataset_zameen-property-scraper_2026-09-21_19-36-23-931_row_6
2026-09-21T19:36:22.852Z,search,Added: 7 hours ago,,"2,621 sqft",sqft,2621.0,super hot,3.0,3.0,flats,Karachi,2,PKR,sale,,"Burj Al-Jinnah, Jinnah Avenue",5.0,52300000,5.23 Crore,Flat For Sale In   Burj al Jinnah,https://www.zameen.com/Flats_Apartments/Karachi-2-1.html,Karachi · Flats & apartments for sale,"A state-of-the-art, 19-storey high",success,https://media.zameen.com/thumbnails/300202030-400x300.jpeg,,,dataset_zameen-property-scraper_2026-09-21_19-36-23-931.csv,dataset_zameen-property-scraper_2026-09-21_19-36-23-931_row_7
2026-09-21T19:36:22.950Z,search,Added: 7 hours ago,,"1,765 sqft",sqft,1765.0,super hot,2.0,2.0,flats,Karachi,2,PKR,sale,,"Burj Al-Jinnah, Jinnah Avenue",5.0,34300000,3.43 Crore,Flat For Sale In   Burj Al Jinnah,https://www.zameen.com/Flats_Apartments/Karachi-2-1.html,Karachi · Flats & apartments for sale,"A state-of-the-art, 19-storey high",success,https://media.zameen.com/thumbnails/300202034-400x300.jpeg,,,dataset_zameen-property-scraper_2026-09-21_19-36-23-931.csv,dataset_zameen-property-scraper_2026-09-21_19-36-23-931_row_8
2026-09-21T19:36:23.004Z,search,Added: 7 hours ago,,550 sqft,sqft,550.0,super hot,2.0,2.0,flats,Karachi,2,PKR,sale,54649481.0,"DHA Phase 7, DHA Defence",10.0,9500000,95 Lakh,550 Sq Ft Studio Apartment for Sale in Sehar Commercial Lane 2 | 1st Floor,https://www.zameen.com/Flats_Apartments/Karachi-2-1.html,Karachi · Flats & apartments for sale,Studio Apartment for Sale in Sehar,success,https://media.zameen.com/thumbnails/306365523-400x300.jpeg,(Updated: 7 hours ago),https://www.zameen.com/Property/dha_defence_dha_phase_7_550_sq_ft_studio_apartment_for_sale_in_sehar_commercial_lane_2_1st_floor-54649481-1484-1.html,dataset_zameen-property-scraper_2026-09-21_19-36-23-931.csv,dataset_zameen-property-scraper_2026-09-21_19-36-23-931_54649481
2026-09-21T19:36:23.060Z,search,Added: 19 minutes ago,Titanium,"1,800 sqft",sqft,1800.0,Trusted,4.0,3.0,flats,Karachi,2,PKR,sale,54006653.0,"Khalid Bin Walid Road, Karachi",8.0,47500000,4.75 Crore,Flat Available For Sell In High-Rise,https://www.zameen.com/Flats_Apartments/Karachi-2-1.html,Karachi · Flats & apartments for sale,Flat Available For Sell In Prime Lo,success,https://media.zameen.com/thumbnails/304732967-400x300.jpeg,,https://www.zameen.com/Property/karachi_khalid_bin_walid_road_flat_available_for_sell_in_high-rise-54006653-253-1.html,dataset_zameen-property-scraper_2026-09-21_19-36-23-931.csv,dataset_zameen-property-scraper_2026-09-21_19-36-23-931_54006653
2026-09-21T19:36:23.152Z,search,Added: 2 hours ago,Titanium,"1,880 sqft",sqft,1880.0,Trusted,4.0,4.0,flats,Karachi,2,PKR,sale,54467605.0,"Harmain Royal Residency, Gulshan-e-Iqbal - Block 1",20.0,28000000,2.8 Crore,This Is Your Chance To Buy Flat In Harmain Royal Residency Karachi,https://www.zameen.com/Flats_Apartments/Karachi-2-1.html,Karachi · Flats & apartments for sale,Luxurious apartment for sale in Har,success,https://media.zameen.com/thumbnails/304612579-400x300.jpeg,(Updated: 2 hours ago),https://www.zameen.com/Property/gulshan_e_iqbal_block_1_harmain_royal_residency_this_is_your_chance_to_buy_flat_in_harmain_royal_residency_karachi-54467605-9675-1.html,dataset_zameen-property-scraper_2026-09-21_19-36-23-931.csv,dataset_zameen-property-scraper_2026-09-21_19-36-23-931_54467605
2026-09-21T19:36:23.198Z,search,Added: 2 minutes ago,,"1,650 sqft",sqft,1650.0,Trusted,4.0,3.0,flats,Karachi,2,PKR,sale,53892035.0,"Shaheed Millat Road, Karachi",8.0,50000000,5 Crore,3 Bed DD Apartment On Sell,https://www.zameen.com/Flats_Apartments/Karachi-2-1.html,Karachi · Flats & apartments for sale,"3 Bed Dd Flat On Sell
 Corner Apart",success,https://media.zameen.com/thumbnails/300587751-400x300.jpeg,(Updated: 2 minutes ago),https://www.zameen.com/Property/karachi_shaheed_millat_road_3_bed_dd_apartment_on_sell-53892035-413-1.html,dataset_zameen-property-scraper_2026-09-21_19-36-23-931.csv,dataset_zameen-property-scraper_2026-09-21_19-36-23-931_53892035
2026-09-21T19:36:23.256Z,search,Added: 37 minutes ago,,490 sqft,sqft,490.0,,,,flats,Karachi,2,PKR,sale,54760549.0,"DHA Phase 7 Extension, DHA Defence",9.0,11500000,1.15 Crore,Ready To Buy A Flat 490 Square Feet In Karachi,https://www.zameen.com/Flats_Apartments/Karachi-2-1.html,Karachi · Flats & apartments for sale,FULLY FURNISHED APARTMENT FOR SALE,success,https://media.zameen.com/thumbnails/307431488-400x300.jpeg,,https://www.zameen.com/Property/dha_defence_dha_phase_7_extension_ready_to_buy_a_flat_490_square_feet_in_karachi-54760549-1674-1.html,dataset_zameen-property-scraper_2026-09-21_19-36-23-931.csv,dataset_zameen-property-scraper_2026-09-21_19-36-23-931_54760549
2026-09-21T19:36:23.321Z,search,Added: 53 minutes ago,,"1,700 sqft",sqft,1700.0,Trusted,3.0,3.0,flats,Karachi,2,PKR,sale,54775191.0,"Saima Residencia, Scheme 33 - Sector 34-A",6.0,23500000,2.35 Crore,Reserve A Centrally Located Prime Location Flat In Saima Residencia,https://www.zameen.com/Flats_Apartments/Karachi-2-1.html,Karachi · Flats & apartments for sale,"Saima residencia
3bed dd 7th floor",success,https://media.zameen.com/thumbnails/307566799-400x300.jpeg,,https://www.zameen.com/Property/scheme_33_sector_34_a_saima_residencia_reserve_a_centrally_located_prime_location_flat_in_saima_residencia-54775191-22375-1.html,dataset_zameen-property-scraper_2026-09-21_19-36-23-931.csv,dataset_zameen-property-scraper_2026-09-21_19-36-23-931_54775191
2026-09-21T19:36:23.426Z,search,Added: 1 hour ago,,"1,400 sqft",sqft,1400.0,,3.0,3.0,flats,Karachi,2,PKR,sale,53729092.0,"Gulshan-e-Iqbal - Block 13/A, Gulshan-e-Iqbal",9.0,20000000,2 Crore,Flat For Sale In Gulshan E Iqbal Block 13A,https://www.zameen.com/Flats_Apartments/Karachi-2-1.html,Karachi · Flats & apartments for sale,Flat For Sell In Gulshan e Iqbal Bl,success,https://media.zameen.com/thumbnails/300342146-400x300.jpeg,(Updated: 1 hour ago),https://www.zameen.com/Property/gulshan_e_iqbal_gulshan-e-iqbal_-_block_13_a_flat_for_sale_in_gulshan_e_iqbal_block_13a-53729092-8468-1.html,dataset_zameen-property-scraper_2026-09-21_19-36-23-931.csv,dataset_zameen-property-scraper_2026-09-21_19-36-23-931_53729092
2026-09-21T19:36:23.470Z,search,Added: 1 hour ago,,"1,000 sqft",sqft,1000.0,,2.0,2.0,flats,Karachi,2,PKR,sale,54775124.0,"Gulshan-e-Iqbal - Block 4, Gulshan-e-Iqbal",6.0,14500000,1.45 Crore,Apparment for sale (Available on bank loan),https://www.zameen.com/Flats_Apartments/Karachi-2-1.html,Karachi · Flats & apartments for sale,Bhayani Heights (Near Maskan chowra,success,https://media.zameen.com/thumbnails/307566309-400x300.jpeg,,https://www.zameen.com/Property/gulshan_e_iqbal_gulshan-e-iqbal_-_block_4_apparment_for_sale_available_on_bank_loan-54775124-6864-1.html,dataset_zameen-property-scraper_2026-09-21_19-36-23-931.csv,dataset_zameen-property-scraper_2026-09-21_19-36-23-931_54775124
2026-09-21T19:36:23.531Z,search,Added: 2 minutes ago,,"1,400 sqft",sqft,1400.0,Trusted,3.0,3.0,flats,Karachi,2,PKR,sale,54060169.0,"Bahadurabad, Gulshan-e-Iqbal Town",7.0,33500000,3.35 Crore,Fully Renovated 3 Bed Dd For Sale,https://www.zameen.com/Flats_Apartments/Karachi-2-1.html,Karachi · Flats & apartments for sale,"3 Bed Dd On Sell
 Fully Renovated",success,https://media.zameen.com/thumbnails/300590446-400x300.jpeg,,https://www.zameen.com/Property/gulshan_e_iqbal_town_bahadurabad_fully_renovated_3_bed_dd_for_sale-54060169-524-1.html,dataset_zameen-property-scraper_2026-09-21_19-36-23-931.csv,dataset_zameen-property-scraper_2026-09-21_19-36-23-931_54060169
2026-09-21T19:36:23.619Z,search,Added: 58 minutes ago,,"2,100 sqft",sqft,2100.0,,4.0,3.0,flats,Karachi,2,PKR,sale,54388510.0,"Tariq Road, Karachi",10.0,60000000,6 Crore,3 Bed DD Flat Available For Sale At Main Shaheed E Milat With All Modern Facilities And Luxuries West Open Flat,https://www.zameen.com/Flats_Apartments/Karachi-2-1.html,Karachi · Flats & apartments for sale,3 Bed DD Flat Available For Sale At,success,https://media.zameen.com/thumbnails/303826332-400x300.jpeg,,https://www.zameen.com/Property/karachi_tariq_road_3_bed_dd_flat_available_for_sale_at_main_shaheed_e_milat_with_all_modern_facilities_and_luxuries_west_open_flat-54388510-532-1.html,dataset_zameen-property-scraper_2026-09-21_19-36-23-931.csv,dataset_zameen-property-scraper_2026-09-21_19-36-23-931_54388510
2026-09-21T19:36:23.657Z,search,Added: 1 hour ago,,540 sqft,sqft,540.0,Trusted,1.0,1.0,flats,Karachi,2,PKR,sale,54630879.0,"Paragon Tower, Bahria Town - Precinct 17",10.0,4000000,40 Lakh,540sq ft 1BHK Luxury Flat Available on CASH/ INSTALMENTS. Paragon Towers are available on SALE at minimum prices.,https://www.zameen.com/Flats_Apartments/Karachi-2-1.html,Karachi · Flats & apartments for sale,"Welcome to Paragon Towers, an epito",success,https://media.zameen.com/thumbnails/306172046-400x300.jpeg,,https://www.zameen.com/Property/bahria_town_precinct_17_paragon_tower_540sq_ft_1bhk_luxury_flat_available_on_cash_instalments_paragon_towers_are_available_on_sale_at_minimum_prices-54630879-21833-1.html,dataset_zameen-property-scraper_2026-09-21_19-36-23-931.csv,dataset_zameen-property-scraper_2026-09-21_19-36-23-931_54630879
2026-09-21T19:36:23.707Z,search,Added: 1 hour ago,,"3,760 sqft",sqft,3760.0,Trusted,5.0,4.0,flats,Karachi,2,PKR,sale,52762402.0,"Creek Vista, DHA Phase 8",12.0,125000000,12.5 Crore,Creek Vista 4 Bedroom Apartment Fully Maintained Higher Floor Shaheen Moin Khan Facing,https://www.zameen.com/Flats_Apartments/Karachi-2-1.html,Karachi · Flats & apartments for sale,*CREEK VISTA 4 BED APPT FOR SALE FU,success,https://media.zameen.com/thumbnails/300807272-400x300.jpeg,,https://www.zameen.com/Property/dha_phase_8_creek_vista_creek_vista_4_bedroom_apartment_fully_maintained_higher_floor_shaheen_moin_khan_facing-52762402-9058-1.html,dataset_zameen-property-scraper_2026-09-21_19-36-23-931.csv,dataset_zameen-property-scraper_2026-09-21_19-36-23-931_52762402
2026-09-21T19:36:23.773Z,search,Added: 1 hour ago,,"3,760 sqft",sqft,3760.0,Trusted,5.0,4.0,flats,Karachi,2,PKR,sale,50850485.0,"Creek Vista, DHA Phase 8",14.0,120000000,12 Crore,Creek Vista 4 Bedrooms Higher 14 Floor Compound Facing,https://www.zameen.com/Flats_Apartments/Karachi-2-1.html,Karachi · Flats & apartments for sale,Alhamdulillah I am specialist of Cr,success,https://media.zameen.com/thumbnails/300807418-400x300.jpeg,(Updated: 1 hour ago),https://www.zameen.com/Property/dha_phase_8_creek_vista_creek_vista_4_bedrooms_higher_14_floor_compound_facing-50850485-9058-1.html,dataset_zameen-property-scraper_2026-09-21_19-36-23-931.csv,dataset_zameen-property-scraper_2026-09-21_19-36-23-931_50850485
2026-09-21T19:36:23.814Z,search,Added: 1 hour ago,,"1,500 sqft",sqft,1500.0,Verified,2.0,3.0,flats,Karachi,2,PKR,sale,52884929.0,"Gulshan-e-Iqbal - Block 13/B, Gulshan-e-Iqbal",8.0,22000000,2.2 Crore,Flat For Sale In Gulshan e Iqbal Blk 13B,https://www.zameen.com/Flats_Apartments/Karachi-2-1.html,Karachi · Flats & apartments for sale,"3 Bed dd 2 Washrooms
 2nd Floor 150",success,https://media.zameen.com/thumbnails/300342177-400x300.jpeg,,https://www.zameen.com/Property/gulshan_e_iqbal_gulshan-e-iqbal_-_block_13_b_flat_for_sale_in_gulshan_e_iqbal_blk_13b-52884929-8844-1.html,dataset_zameen-property-scraper_2026-09-21_19-36-23-931.csv,dataset_zameen-property-scraper_2026-09-21_19-36-23-931_52884929
2026-09-21T19:36:23.860Z,search,Added: 1 hour ago,,"1,400 sqft",sqft,1400.0,,2.0,3.0,flats,Karachi,2,PKR,sale,54596766.0,"Gulshan-e-Iqbal - Block 16, Gulshan-e-Iqbal",7.0,24000000,2.4 Crore,Flat For Sell In Gulshan e Iqbal Block 16,https://www.zameen.com/Flats_Apartments/Karachi-2-1.html,Karachi · Flats & apartments for sale,Flat For Sell In Gulshan e Iqbal Bl,success,https://media.zameen.com/thumbnails/305858806-400x300.jpeg,,https://www.zameen.com/Property/gulshan_e_iqbal_gulshan-e-iqbal_-_block_16_flat_for_sell_in_gulshan_e_iqbal_block_16-54596766-6878-1.html,dataset_zameen-property-scraper_2026-09-21_19-36-23-931.csv,dataset_zameen-property-scraper_2026-09-21_19-36-23-931_54596766
2026-09-21T19:36:23.923Z,search,Added: 1 hour ago,,"1,650 sqft",sqft,1650.0,,3.0,3.0,flats,Karachi,2,PKR,sale,54775167.0,"PECHS Block 2, PECHS",6.0,38000000,3.8 Crore,"*Apartment for Sale at PECHS Block 2 Near Khalid Bin Waleed, Allama Iqbal Road*",https://www.zameen.com/Flats_Apartments/Karachi-2-1.html,Karachi · Flats & apartments for sale,"3 Bed Drawing & Dining
 3 Attached",success,https://media.zameen.com/thumbnails/307566578-400x300.jpeg,(Updated: 1 hour ago),https://www.zameen.com/Property/pechs_pechs_block_2_apartment_for_sale_at_pechs_block_2_near_khalid_bin_waleed_allama_iqbal_road-54775167-6933-1.html,dataset_zameen-property-scraper_2026-09-21_19-36-23-931.csv,dataset_zameen-property-scraper_2026-09-21_19-36-23-931_54775167
2026-09-21T19:37:04.704Z,search,Added: 21 minutes ago,Titanium,500 Sq. Yd.,Sq Yd,500.0,super hot,,,plots,Karachi,2,PKR,sale,54775266.0,"DHA Phase 7, DHA Defence",,46000000,4.6 Crore,Beautiful location,https://www.zameen.com/Plots/Karachi-2-1.html,Karachi · Plots for sale,"Located on Khayaban e Humayun, stre",success,https://images.zameen.com/smap/400/300/24.821639/67.071691/image.jpeg?quality=80&imageformat=jpeg,,https://www.zameen.com/Property/dha_defence_dha_phase_7_beautiful_location-54775266-1484-2.html,dataset_zameen-property-scraper_2026-09-21_19-37-06-576.csv,dataset_zameen-property-scraper_2026-09-21_19-37-06-576_54775266
2026-09-21T19:37:04.918Z,search,Added: 2 hours ago,Titanium,"1,033 Sq. Yd.",Sq Yd,1033.0,super hot,,,plots,Karachi,2,PKR,sale,54775108.0,"DHA Phase 2, DHA Defence",,250000000,25 Crore,Demolish BUNGALOW Main Sunset Boulevard 90*100 Best For Investor,https://www.zameen.com/Plots/Karachi-2-1.html,Karachi · Plots for sale,"1033 yards 
demolish BUNGALOW
90*10",success,https://images.zameen.com/smap/400/300/24.834337/67.055397/image.jpeg?quality=80&imageformat=jpeg,,https://www.zameen.com/Property/dha_defence_dha_phase_2_demolish_bungalow_main_sunset_boulevard_90_100_best_for_investor-54775108-1479-2.html,dataset_zameen-property-scraper_2026-09-21_19-37-06-576.csv,dataset_zameen-property-scraper_2026-09-21_19-37-06-576_54775108
2026-09-21T19:37:05.066Z,search,Added: 6 hours ago,Titanium,"2,000 Sq. Yd.",Sq Yd,2000.0,super hot,,,plots,Karachi,2,PKR,sale,54774357.0,"DHA Phase 8, DHA Defence",,500000000,50 Crore,"2000 sqyd Plot, DHA Phase 8",https://www.zameen.com/Plots/Karachi-2-1.html,Karachi · Plots for sale,"- Plot for sale
- Residential
- 200",success,https://images.zameen.com/smap/400/300/24.77235659/67.08148313/image.jpeg?quality=80&imageformat=jpeg,,https://www.zameen.com/Property/dha_defence_dha_phase_8_2000_sqyd_plot_dha_phase_8-54774357-1485-2.html,dataset_zameen-property-scraper_2026-09-21_19-37-06-576.csv,dataset_zameen-property-scraper_2026-09-21_19-37-06-576_54774357
2026-09-21T19:37:05.152Z,search,Added: 7 hours ago,Titanium,200 Sq. Yd.,Sq Yd,200.0,super hot,,,plots,Karachi,2,PKR,sale,54774233.0,"Peninsula Commercial Area, DHA Phase 8",,240000000,24 Crore,200 Sq. Yards Commercial Plot For Sale Peninsula Commercial,https://www.zameen.com/Plots/Karachi-2-1.html,Karachi · Plots for sale,A prime 200 Sq. Yards commercial pl,success,https://images.zameen.com/smap/400/300/24.77111/67.07556/image.jpeg?quality=80&imageformat=jpeg,(Updated: 7 hours ago),https://www.zameen.com/Property/dha_phase_8_peninsula_commercial_area_200_sq_yards_commercial_plot_for_sale_peninsula_commercial-54774233-6682-2.html,dataset_zameen-property-scraper_2026-09-21_19-37-06-576.csv,dataset_zameen-property-scraper_2026-09-21_19-37-06-576_54774233
2026-09-21T19:37:05.273Z,search,Added: 8 hours ago,Titanium,500 Sq. Yd.,Sq Yd,500.0,super hot,,,plots,Karachi,2,PKR,sale,54660683.0,"Bahria Golf City, Bahria Town Karachi",6.0,16500000,1.65 Crore,Prime Location Bahria Golf City Residential Plot Sized 500 Square Yards For Sale,https://www.zameen.com/Plots/Karachi-2-1.html,Karachi · Plots for sale,You can expect good returns on inve,success,https://media.zameen.com/thumbnails/306461088-400x300.jpeg,,https://www.zameen.com/Property/bahria_town_karachi_bahria_golf_city_prime_location_bahria_golf_city_residential_plot_sized_500_square_yards_for_sale-54660683-8942-2.html,dataset_zameen-property-scraper_2026-09-21_19-37-06-576.csv,dataset_zameen-property-scraper_2026-09-21_19-37-06-576_54660683
2026-09-21T19:37:05.330Z,search,Added: 36 minutes ago,,125 Sq. Yd.,Sq Yd,125.0,super hot,,,plots,Karachi,2,PKR,sale,54714014.0,"DHA City - Sector 6E, DHA City - Sector 6",27.0,4000000,40 Lakh,Residential Plot Available For Sale In DHA City - Sector 6E,https://www.zameen.com/Plots/Karachi-2-1.html,Karachi · Plots for sale,Your family will love the property,success,https://media.zameen.com/thumbnails/306976635-400x300.jpeg,,https://www.zameen.com/Property/dha_city_sector_6_dha_city_-_sector_6e_residential_plot_available_for_sale_in_dha_city_-_sector_6e-54714014-21005-2.html,dataset_zameen-property-scraper_2026-09-21_19-37-06-576.csv,dataset_zameen-property-scraper_2026-09-21_19-37-06-576_54714014
2026-09-21T19:37:05.373Z,search,Added: 1 hour ago,,240 Sq. Yd.,Sq Yd,240.0,super hot,,,plots,Karachi,2,PKR,sale,54775183.0,"Meerut Society, Scheme 33",10.0,21000000,2.1 Crore,Looking For A Prime Location Residential Plot In Meerut Society,https://www.zameen.com/Plots/Karachi-2-1.html,Karachi · Plots for sale,The perfect 240 Square Yards Reside,success,https://media.zameen.com/thumbnails/307566718-400x300.jpeg,,https://www.zameen.com/Property/scheme_33_meerut_society_looking_for_a_prime_location_residential_plot_in_meerut_society-54775183-9078-2.html,dataset_zameen-property-scraper_2026-09-21_19-37-06-576.csv,dataset_zameen-property-scraper_2026-09-21_19-37-06-576_54775183
2026-09-21T19:37:05.411Z,search,Added: 3 hours ago,,240 Sq. Yd.,Sq Yd,240.0,super hot,,,plots,Karachi,2,PKR,sale,54691075.0,"Federal Government Employees - Sector 25B, Federal Government Employees Housing Foundation",,66000000,6.6 Crore,"240 Sq. Yards Plot for Sale Federal Government Housing Foundation, Sector 25B | Single Belt | Main 50 Ft & 200 Ft Roads | Near Aramco",https://www.zameen.com/Plots/Karachi-2-1.html,Karachi · Plots for sale,Prime 240 square yards plot availab,success,https://images.zameen.com/smap/400/300/24.96316/67.139065/image.jpeg?quality=80&imageformat=jpeg,(Updated: 3 hours ago),https://www.zameen.com/Property/federal_government_employees_housing_foundation_federal_government_employees_-_sector_25b_240_sq_yards_plot_for_sale_federal_government_housing_foundation_sector_25b_single_belt_main_50_ft_200_ft_roads_near_aramco-54691075-17480-2.html,dataset_zameen-property-scraper_2026-09-21_19-37-06-576.csv,dataset_zameen-property-scraper_2026-09-21_19-37-06-576_54691075
2026-09-21T19:37:05.463Z,search,Added: 3 hours ago,,120 Sq. Yd.,Sq Yd,120.0,super hot,,,plots,Karachi,2,PKR,sale,54744808.0,"North Town Residency, Surjani Town",5.0,7800000,78 Lakh,Plot Available For Sale in North Town Residency Phase#1,https://www.zameen.com/Plots/Karachi-2-1.html,Karachi · Plots for sale,"North Town Residency Phase#1

Super",success,https://media.zameen.com/thumbnails/307275830-400x300.jpeg,,https://www.zameen.com/Property/surjani_town_north_town_residency_plot_available_for_sale_in_north_town_residency_phase_1-54744808-10674-2.html,dataset_zameen-property-scraper_2026-09-21_19-37-06-576.csv,dataset_zameen-property-scraper_2026-09-21_19-37-06-576_54744808
2026-09-21T19:37:05.513Z,search,Added: 3 hours ago,,120 Sq. Yd.,Sq Yd,120.0,super hot,,,plots,Karachi,2,PKR,sale,54774900.0,"Saadi Garden, Scheme 33",1.0,9300000,93 Lakh,In Saadi Garden 120 Square Yards Residential Plot For sale,https://www.zameen.com/Plots/Karachi-2-1.html,Karachi · Plots for sale,120 yard prime location transfer pl,success,https://media.zameen.com/thumbnails/307564914-400x300.jpeg,(Updated: 3 hours ago),https://www.zameen.com/Property/scheme_33_saadi_garden_in_saadi_garden_120_square_yards_residential_plot_for_sale-54774900-9087-2.html,dataset_zameen-property-scraper_2026-09-21_19-37-06-576.csv,dataset_zameen-property-scraper_2026-09-21_19-37-06-576_54774900
2026-09-21T19:37:05.558Z,search,Added: 1 hour ago,Titanium,310 Sq. Yd.,Sq Yd,310.0,Trusted,,,plots,Karachi,2,PKR,sale,54670000.0,"Bahria Town - Precinct 8, Bahria Town Karachi",10.0,11600000,1.16 Crore,"310 Square Yard Plot # 1133 St-15 Corner Category Plot For Sale Precinct-8, Bahria Town Karachi. Prime Location | Ideal For Residence Or Investment. Just 5 Mins Drive From Entrance | Near Park, Mosque, Midway Commercial & Bahria Heights.",https://www.zameen.com/Plots/Karachi-2-1.html,Karachi · Plots for sale,NUH Properties & Builders brings yo,success,https://media.zameen.com/thumbnails/306548407-400x300.jpeg,(Updated: 1 hour ago),https://www.zameen.com/Property/bahria_town_karachi_bahria_town_-_precinct_8_310_square_yard_plot_1133_st-15_corner_category_plot_for_sale_precinct-8_bahria_town_karachi_prime_location_ideal_for_residence_or_investment_just_5_mins_drive_from_entrance_near_park_mosque_midway_commercial_bahria_heights-54670000-10016-2.html,dataset_zameen-property-scraper_2026-09-21_19-37-06-576.csv,dataset_zameen-property-scraper_2026-09-21_19-37-06-576_54670000
2026-09-21T19:37:05.602Z,search,Added: 3 hours ago,Titanium,120 Sq. Yd.,Sq Yd,120.0,Trusted,,,plots,Karachi,2,PKR,sale,54607439.0,"PIA Society, Scheme 33 - Sector 27-A",7.0,14500000,1.45 Crore,120 Square Yard Residential Plot For Sale | PIA Society | Prime Location,https://www.zameen.com/Plots/Karachi-2-1.html,Karachi · Plots for sale,Prime Location 120Sq. Yd. Residenti,success,https://media.zameen.com/thumbnails/305957535-400x300.jpeg,,https://www.zameen.com/Property/scheme_33_sector_27_a_pia_society_120_square_yard_residential_plot_for_sale_pia_society_prime_location-54607439-9319-2.html,dataset_zameen-property-scraper_2026-09-21_19-37-06-576.csv,dataset_zameen-property-scraper_2026-09-21_19-37-06-576_54607439
2026-09-21T19:37:05.671Z,search,Added: 40 minutes ago,,"1,150 Sq. Yd.",Sq Yd,1150.0,,,,plots,Karachi,2,PKR,sale,54727225.0,"Clifton - Block 2, Clifton",,2,1.5 Arab,Perfect Prime Location 1150 Square Yards Commercial Plot In Clifton - Block 2 For sale,https://www.zameen.com/Plots/Karachi-2-1.html,Karachi · Plots for sale,COMMERCIAL PLOT FOR SALE CLIFTON BL,success,https://images.zameen.com/smap/400/300/24.813927/67.01261/image.jpeg?quality=80&imageformat=jpeg,,https://www.zameen.com/Property/clifton_clifton_-_block_2_perfect_prime_location_1150_square_yards_commercial_plot_in_clifton_-_block_2_for_sale-54727225-1664-2.html,dataset_zameen-property-scraper_2026-09-21_19-37-06-576.csv,dataset_zameen-property-scraper_2026-09-21_19-37-06-576_54727225
2026-09-21T19:37:05.754Z,search,Added: 44 minutes ago,,125 Sq. Yd.,Sq Yd,125.0,Trusted,,,plots,Karachi,2,PKR,sale,54671758.0,"DHA City - Sector 9E, DHA City - Sector 9",16.0,3000000,30 Lakh,Ready To Buy A Residential Plot In DHA City - Sector 9E Karachi,https://www.zameen.com/Plots/Karachi-2-1.html,Karachi · Plots for sale,"The area is 125 Square Yards, you w",success,https://media.zameen.com/thumbnails/306565696-400x300.jpeg,(Updated: 44 minutes ago),https://www.zameen.com/Property/dha_city_sector_9_dha_city_-_sector_9e_ready_to_buy_a_residential_plot_in_dha_city_-_sector_9e_karachi-54671758-21009-2.html,dataset_zameen-property-scraper_2026-09-21_19-37-06-576.csv,dataset_zameen-property-scraper_2026-09-21_19-37-06-576_54671758
2026-09-21T19:37:05.887Z,search,Added: 1 hour ago,,120 Sq. Yd.,Sq Yd,120.0,,,,plots,Karachi,2,PKR,sale,54715913.0,"Pir Gul Hassan Town, Scheme 33",1.0,3500000,35 Lakh,Ideal Residential Plot Is Available For Sale In Karachi,https://www.zameen.com/Plots/Karachi-2-1.html,Karachi · Plots for sale,all categories plots,success,https://media.zameen.com/thumbnails/306996106-400x300.jpeg,,https://www.zameen.com/Property/scheme_33_pir_gul_hassan_town_ideal_residential_plot_is_available_for_sale_in_karachi-54715913-9523-2.html,dataset_zameen-property-scraper_2026-09-21_19-37-06-576.csv,dataset_zameen-property-scraper_2026-09-21_19-37-06-576_54715913
2026-09-21T19:37:05.924Z,search,Added: 1 hour ago,,120 Sq. Yd.,Sq Yd,120.0,,,,plots,Karachi,2,PKR,sale,54715923.0,"Pir Gul Hassan Town, Scheme 33",1.0,2500000,25 Lakh,"In Pir Gul Hassan Town Of Karachi, A 120 Square Yards Residential Plot Is Available",https://www.zameen.com/Plots/Karachi-2-1.html,Karachi · Plots for sale,This is kind of a highly facilitate,success,https://media.zameen.com/thumbnails/307116873-400x300.jpeg,,https://www.zameen.com/Property/scheme_33_pir_gul_hassan_town_in_pir_gul_hassan_town_of_karachi_a_120_square_yards_residential_plot_is_available-54715923-9523-2.html,dataset_zameen-property-scraper_2026-09-21_19-37-06-576.csv,dataset_zameen-property-scraper_2026-09-21_19-37-06-576_54715923
2026-09-21T19:37:05.969Z,search,Added: 1 hour ago,,240 Sq. Yd.,Sq Yd,240.0,,,,plots,Karachi,2,PKR,sale,54716174.0,"Pir Ahmed Zaman Town - Block 3, Pir Ahmed Zaman Town",1.0,9000000,90 Lakh,Reasonable Demand,https://www.zameen.com/Plots/Karachi-2-1.html,Karachi · Plots for sale,"All Categories Plots Availaible

Co",success,https://media.zameen.com/thumbnails/306999127-400x300.jpeg,,https://www.zameen.com/Property/pir_ahmed_zaman_town_pir_ahmed_zaman_town_-_block_3_reasonable_demand-54716174-13233-2.html,dataset_zameen-property-scraper_2026-09-21_19-37-06-576.csv,dataset_zameen-property-scraper_2026-09-21_19-37-06-576_54716174
2026-09-21T19:37:06.007Z,search,Added: 9 minutes ago,,120 Sq. Yd.,Sq Yd,120.0,,,,plots,Karachi,2,PKR,sale,54555807.0,"Government Teacher Society - Sector 19-A, Scheme 33 - Sector 19-A",1.0,17000000,1.7 Crore,Government Teachers CHS Sector 19-A Plot For Sale 120 Square Yards Transfer Plot 24ft Road,https://www.zameen.com/Plots/Karachi-2-1.html,Karachi · Plots for sale,WAQAR ASSOCIATES DIRECT DEALS FOR C,success,https://media.zameen.com/thumbnails/305472822-400x300.jpeg,,https://www.zameen.com/Property/scheme_33_sector_19_a_government_teacher_society_-_sector_19-a_government_teachers_chs_sector_19-a_plot_for_sale_120_square_yards_transfer_plot_24ft_road-54555807-9191-2.html,dataset_zameen-property-scraper_2026-09-21_19-37-06-576.csv,dataset_zameen-property-scraper_2026-09-21_19-37-06-576_54555807
2026-09-21T19:37:06.068Z,search,Added: 9 minutes ago,,240 Sq. Yd.,Sq Yd,240.0,,,,plots,Karachi,2,PKR,sale,54537049.0,"ICI Staff Cooperative Housing Society, Scheme 33",2.0,19500000,1.95 Crore,ICI STAFF CHS 240 Square Yards Plot For Sale west open plot,https://www.zameen.com/Plots/Karachi-2-1.html,Karachi · Plots for sale,240 square yards plot for sale in I,success,https://media.zameen.com/thumbnails/305287967-400x300.jpeg,(Updated: 9 minutes ago),https://www.zameen.com/Property/scheme_33_ici_staff_cooperative_housing_society_ici_staff_chs_240_square_yards_plot_for_sale_west_open_plot-54537049-12646-2.html,dataset_zameen-property-scraper_2026-09-21_19-37-06-576.csv,dataset_zameen-property-scraper_2026-09-21_19-37-06-576_54537049
2026-09-21T19:37:06.178Z,search,Added: 42 minutes ago,Titanium,500 Sq. Yd.,Sq Yd,500.0,Trusted,,,plots,Karachi,2,PKR,sale,54775235.0,"DHA City - Sector 2D, DHA City - Sector 2",13.0,19000000,1.9 Crore,Dha city sector 2D karachi,https://www.zameen.com/Plots/Karachi-2-1.html,Karachi · Plots for sale,Ideal Investment & Perfect Location,success,https://media.zameen.com/thumbnails/307567122-400x300.jpeg,(Updated: 42 minutes ago),https://www.zameen.com/Property/dha_city_sector_2_dha_city_-_sector_2d_dha_city_sector_2d_karachi-54775235-13044-2.html,dataset_zameen-property-scraper_2026-09-21_19-37-06-576.csv,dataset_zameen-property-scraper_2026-09-21_19-37-06-576_54775235
2026-09-21T19:37:06.261Z,search,Added: 1 hour ago,,250 Sq. Yd.,Sq Yd,250.0,Trusted,,,plots,Karachi,2,PKR,sale,54676109.0,"Bahria Town - Precinct 1, Bahria Town Karachi",47.0,13000000,1.3 Crore,Precinct 1 Near Main Entrance of Bahria Town (Plot FOR SALE),https://www.zameen.com/Plots/Karachi-2-1.html,Karachi · Plots for sale,we Brings You An Opportunity To Buy,success,https://media.zameen.com/thumbnails/306608688-400x300.jpeg,,https://www.zameen.com/Property/bahria_town_karachi_bahria_town_-_precinct_1_precinct_1_near_main_entrance_of_bahria_town_plot_for_sale-54676109-10007-2.html,dataset_zameen-property-scraper_2026-09-21_19-37-06-576.csv,dataset_zameen-property-scraper_2026-09-21_19-37-06-576_54676109
2026-09-21T19:37:06.326Z,search,Added: 1 hour ago,,"4,046 Sq. Yd.",Sq Yd,4046.0,Trusted,,,plots,Karachi,2,PKR,sale,54700886.0,"Bahria Farm House, Bahria Town Karachi",3.0,110000000,11 Crore,1 ACRE FARM HOUSE PLOT FOR SALE | BAHRIA TOWN | DEAD END CORNER | ALLOTMENT PLOT | PRIME LOCATION,https://www.zameen.com/Plots/Karachi-2-1.html,Karachi · Plots for sale,"Luxury Farm House Plot
 
A Prime 1-",success,https://media.zameen.com/thumbnails/306855713-400x300.jpeg,,https://www.zameen.com/Property/bahria_town_karachi_bahria_farm_house_1_acre_farm_house_plot_for_sale_bahria_town_dead_end_corner_allotment_plot_prime_location-54700886-10368-2.html,dataset_zameen-property-scraper_2026-09-21_19-37-06-576.csv,dataset_zameen-property-scraper_2026-09-21_19-37-06-576_54700886
2026-09-21T19:37:06.368Z,search,Added: 1 hour ago,,500 Sq. Yd.,Sq Yd,500.0,Trusted,,,plots,Karachi,2,PKR,sale,54704497.0,"Bahria Hills, Bahria Town Karachi",30.0,25000000,2.5 Crore,Corner Plot Bahria Hills Plots FOR SALE. Facing Jinnah Avenue and 2km from Main Entrance of BTK Heighted Location,https://www.zameen.com/Plots/Karachi-2-1.html,Karachi · Plots for sale,we Brings You An Opportunity To Buy,success,https://media.zameen.com/thumbnails/306894429-400x300.jpeg,,https://www.zameen.com/Property/bahria_town_karachi_bahria_hills_corner_plot_bahria_hills_plots_for_sale_facing_jinnah_avenue_and_2km_from_main_entrance_of_btk_heighted_location-54704497-13173-2.html,dataset_zameen-property-scraper_2026-09-21_19-37-06-576.csv,dataset_zameen-property-scraper_2026-09-21_19-37-06-576_54704497
2026-09-21T19:37:06.498Z,search,Added: 1 hour ago,,272 Sq. Yd.,Sq Yd,272.0,Trusted,,,plots,Karachi,2,PKR,sale,54600393.0,"Bahria Paradise - Precinct 54, Bahria Paradise",11.0,3900000,39 Lakh,"272 Sq Yd Plots At Precicnt-54 Available At Low Rates. Near Central Park Appartments, Ready For Constrution Plots At Investor Rates",https://www.zameen.com/Plots/Karachi-2-1.html,Karachi · Plots for sale,we Brings You An Opportunity To Buy,success,https://media.zameen.com/thumbnails/305890578-400x300.jpeg,,https://www.zameen.com/Property/bahria_paradise_bahria_paradise_-_precinct_54_272_sq_yd_plots_at_precicnt-54_available_at_low_rates_near_central_park_appartments_ready_for_constrution_plots_at_investor_rates-54600393-12073-2.html,dataset_zameen-property-scraper_2026-09-21_19-37-06-576.csv,dataset_zameen-property-scraper_2026-09-21_19-37-06-576_54600393
2026-09-21T19:37:06.554Z,search,Added: 1 hour ago,Titanium,500 Sq. Yd.,Sq Yd,500.0,Trusted,,,plots,Karachi,2,PKR,sale,54681111.0,"Bahria Town - Precinct 33, Bahria Town Karachi",6.0,4300000,43 Lakh,"500 Sq Yd Plot For Sale Precinct-33, Bahria Town Karachi Ready-to-Construct, Near Entrance & Rafi Cricket Stadium | Prime Location for Future Investment.",https://www.zameen.com/Plots/Karachi-2-1.html,Karachi · Plots for sale,Exclusive Offer from NUH Properties,success,https://media.zameen.com/thumbnails/306658900-400x300.jpeg,(Updated: 1 hour ago),https://www.zameen.com/Property/bahria_town_karachi_bahria_town_-_precinct_33_500_sq_yd_plot_for_sale_precinct-33_bahria_town_karachi_ready-to-construct_near_entrance_rafi_cricket_stadium_prime_location_for_future_investment-54681111-11857-2.html,dataset_zameen-property-scraper_2026-09-21_19-37-06-576.csv,dataset_zameen-property-scraper_2026-09-21_19-37-06-576_54681111
2026-09-21T19:38:09.330Z,search,Added: 9 hours ago,Titanium,200 Sq. Yd.,Sq Yd,200.0,super hot,,,commercial-sale,Karachi,2,PKR,sale,54703146.0,"Bukhari Commercial Area, DHA Phase 6",9.0,710000000,71 Crore,Prime Location Sale A Building In Karachi Prime Location,https://www.zameen.com/Commercial/Karachi-2-1.html,Karachi · Commercial for sale,200 YARDS RENTED COMMERCIAL PROPERT,success,https://media.zameen.com/thumbnails/306874927-400x300.jpeg,,https://www.zameen.com/Property/dha_phase_6_bukhari_commercial_area_prime_location_sale_a_building_in_karachi_prime_location-54703146-6674-3.html,dataset_zameen-property-scraper_2026-09-21_19-38-10-735.csv,dataset_zameen-property-scraper_2026-09-21_19-38-10-735_54703146
2026-09-21T19:38:09.404Z,search,Added: 9 hours ago,Titanium,200 Sq. Yd.,Sq Yd,200.0,super hot,4.0,4.0,commercial-sale,Karachi,2,PKR,sale,54533647.0,"DHA Phase 8, DHA Defence",5.0,690000000,69 Crore,"Premium Commercial Building For Sale | Zulfiqar Commercial, DHA Phase 8, Karachi",https://www.zameen.com/Commercial/Karachi-2-1.html,Karachi · Commercial for sale,Prime Investment Opportunity High R,success,https://media.zameen.com/thumbnails/305260680-400x300.jpeg,,https://www.zameen.com/Property/dha_defence_dha_phase_8_premium_commercial_building_for_sale_zulfiqar_commercial_dha_phase_8_karachi-54533647-1485-3.html,dataset_zameen-property-scraper_2026-09-21_19-38-10-735.csv,dataset_zameen-property-scraper_2026-09-21_19-38-10-735_54533647
2026-09-21T19:38:09.449Z,search,Added: 1 day ago,Titanium,66 Sq. Yd.,Sq Yd,66.0,super hot,,,commercial-sale,Karachi,2,PKR,sale,54538994.0,"Gulistan-e-Jauhar - Block 3-A, Gulistan-e-Jauhar",18.0,15400000,1.54 Crore,"Business Tower in Gulistan e Johar Block 3A - Offices & Showrooms - Balad Trade Center VII, A project by OK Estate and Builders",https://www.zameen.com/Commercial/Karachi-2-1.html,Karachi · Commercial for sale,Balad Trade Centre VII (BTC 7)- A P,success,https://media.zameen.com/thumbnails/305309670-400x300.jpeg,,https://www.zameen.com/Property/gulistan_e_jauhar_gulistan-e-jauhar_-_block_3-a_business_tower_in_gulistan_e_johar_block_3a_-_offices_showrooms_-_balad_trade_center_vii_a_project_by_ok_estate_and_builders-54538994-6827-3.html,dataset_zameen-property-scraper_2026-09-21_19-38-10-735.csv,dataset_zameen-property-scraper_2026-09-21_19-38-10-735_54538994
2026-09-21T19:38:09.523Z,search,Added: 2 days ago,Titanium,50 Sq. Yd.,Sq Yd,50.0,super hot,1.0,,commercial-sale,Karachi,2,PKR,sale,54404657.0,"DHA Phase 2 Extension, DHA Defence",9.0,10000000,1 Crore,Shop For Sale In 450 Square Feet In Commercial Dha Phase 2,https://www.zameen.com/Commercial/Karachi-2-1.html,Karachi · Commercial for sale,Prime Commercial Shop for Sale Idea,success,https://media.zameen.com/thumbnails/307199706-400x300.jpeg,(Updated: 2 days ago),https://www.zameen.com/Property/dha_defence_dha_phase_2_extension_shop_for_sale_in_450_square_feet_in_commercial_dha_phase_2-54404657-1672-3.html,dataset_zameen-property-scraper_2026-09-21_19-38-10-735.csv,dataset_zameen-property-scraper_2026-09-21_19-38-10-735_54404657
2026-09-21T19:38:09.564Z,search,Added: 2 days ago,Titanium,240 Sq. Yd.,Sq Yd,240.0,super hot,1.0,,commercial-sale,Karachi,2,PKR,sale,54748990.0,"Naya Nazimabad, Karachi",14.0,53500000,5.35 Crore,Commercial Ballroom Restaurant Office Available For Sale,https://www.zameen.com/Commercial/Karachi-2-1.html,Karachi · Commercial for sale,Commercial Space for Sale Naya Nazi,success,https://media.zameen.com/thumbnails/307383960-400x300.jpeg,,https://www.zameen.com/Property/karachi_naya_nazimabad_commercial_ballroom_restaurant_office_available_for_sale-54748990-10079-3.html,dataset_zameen-property-scraper_2026-09-21_19-38-10-735.csv,dataset_zameen-property-scraper_2026-09-21_19-38-10-735_54748990
2026-09-21T19:38:09.686Z,search,Added: 10 hours ago,,113 Sq. Yd.,Sq Yd,113.0,super hot,,,commercial-sale,Karachi,2,PKR,sale,54573270.0,"Bukhari Commercial Area, DHA Phase 6",9.0,35700000,3.57 Crore,OFFICE BUILDING FRESH BOOKING BUKHARI COMMERCIAL MAIN 60 FEET ROAD DHA PHASE 6,https://www.zameen.com/Commercial/Karachi-2-1.html,Karachi · Commercial for sale,CHANCE DEAL IN INVESTOR RATE FRESH,success,https://media.zameen.com/thumbnails/305630987-400x300.jpeg,,https://www.zameen.com/Property/dha_phase_6_bukhari_commercial_area_office_building_fresh_booking_bukhari_commercial_main_60_feet_road_dha_phase_6-54573270-6674-3.html,dataset_zameen-property-scraper_2026-09-21_19-38-10-735.csv,dataset_zameen-property-scraper_2026-09-21_19-38-10-735_54573270
2026-09-21T19:38:09.742Z,search,Added: 10 hours ago,,92 Sq. Yd.,Sq Yd,92.0,super hot,1.0,,commercial-sale,Karachi,2,PKR,sale,54659933.0,"Bukhari Commercial Area, DHA Phase 6",15.0,132000000,13.2 Crore,FRESH BOOKING CHANCE DEAL FOR INVESTORS BEST SHOP/SHOWROOM FOR BRANDS / BANKS / RESTURANTS,https://www.zameen.com/Commercial/Karachi-2-1.html,Karachi · Commercial for sale,CHANCE DEAL IN INVESTOR RATE FRESH,success,https://media.zameen.com/thumbnails/306454770-400x300.jpeg,,https://www.zameen.com/Property/dha_phase_6_bukhari_commercial_area_fresh_booking_chance_deal_for_investors_best_shop_showroom_for_brands_banks_resturants-54659933-6674-3.html,dataset_zameen-property-scraper_2026-09-21_19-38-10-735.csv,dataset_zameen-property-scraper_2026-09-21_19-38-10-735_54659933
2026-09-21T19:38:09.791Z,search,Added: 16 hours ago,,28 Sq. Yd.,Sq Yd,28.0,super hot,,,commercial-sale,Karachi,2,PKR,sale,52583487.0,"Wasi Country Park, Gulshan-e-Maymar",48.0,7900000,79 Lakh,150 Road Shop Big Size Sitting Area N Bigg Parking CHANCE DEAL Best Investment Aportunitee APPOSIT Sector W MAYMAR Ib So. Ro Road,https://www.zameen.com/Commercial/Karachi-2-1.html,Karachi · Commercial for sale,150 Road Ideal Location. Big Parkin,success,https://media.zameen.com/thumbnails/306258747-400x300.jpeg,(Updated: 16 hours ago),https://www.zameen.com/Property/gulshan_e_maymar_wasi_country_park_150_road_shop_big_size_sitting_area_n_bigg_parking_chance_deal_best_investment_aportunitee_apposit_sector_w_maymar_ib_so_ro_road-52583487-11333-3.html,dataset_zameen-property-scraper_2026-09-21_19-38-10-735.csv,dataset_zameen-property-scraper_2026-09-21_19-38-10-735_52583487
2026-09-21T19:38:09.860Z,search,Added: 21 hours ago,,272 Sq. Yd.,Sq Yd,272.0,super hot,,,commercial-sale,Karachi,2,PKR,sale,54683982.0,"Gulistan-e-Jauhar, Karachi",9.0,370000000,37 Crore,MAIN 200 FEET - GROUND FLOOR COMMERCIAL - DOUBLE HEIGHT,https://www.zameen.com/Commercial/Karachi-2-1.html,Karachi · Commercial for sale,MAIN 200FT ROAD COMMERCIAL FOR SALE,success,https://media.zameen.com/thumbnails/306685164-400x300.jpeg,,https://www.zameen.com/Property/karachi_gulistan-e-jauhar_main_200_feet_-_ground_floor_commercial_-_double_height-54683982-232-3.html,dataset_zameen-property-scraper_2026-09-21_19-38-10-735.csv,dataset_zameen-property-scraper_2026-09-21_19-38-10-735_54683982
2026-09-21T19:38:09.943Z,search,Added: 2 days ago,,"1,550 Sq. Yd.",Sq Yd,1550.0,super hot,,,commercial-sale,Karachi,2,PKR,sale,54767549.0,"Korangi - Sector 5, Korangi",15.0,1,1.05 Arab,Building For Sale Korangi No. 5,https://www.zameen.com/Commercial/Karachi-2-1.html,Karachi · Commercial for sale,Building For Sale Prime Commercial,success,https://media.zameen.com/thumbnails/307494592-400x300.jpeg,(Updated: 2 days ago),https://www.zameen.com/Property/korangi_korangi_-_sector_5_building_for_sale_korangi_no_5-54767549-22161-3.html,dataset_zameen-property-scraper_2026-09-21_19-38-10-735.csv,dataset_zameen-property-scraper_2026-09-21_19-38-10-735_54767549
2026-09-21T19:38:09.988Z,search,Added: 3 hours ago,Titanium,94 Sq. Yd.,Sq Yd,94.0,Trusted,1.0,,commercial-sale,Karachi,2,PKR,sale,52784722.0,"I. I. Chundrigar Road, Karachi",12.0,17800000,1.78 Crore,Balad Trade Centre VI By OK Estate &Amp; Builders Premium Offices For Sale On Installments In Karachis Commercial Hub,https://www.zameen.com/Commercial/Karachi-2-1.html,Karachi · Commercial for sale,We are proud to announce the launch,success,https://media.zameen.com/thumbnails/299905250-400x300.jpeg,(Updated: 3 hours ago),https://www.zameen.com/Property/karachi_i_i_chundrigar_road_balad_trade_centre_vi_by_ok_estate_amp_builders_premium_offices_for_sale_on_installments_in_karachis_commercial_hub-52784722-530-3.html,dataset_zameen-property-scraper_2026-09-21_19-38-10-735.csv,dataset_zameen-property-scraper_2026-09-21_19-38-10-735_52784722
2026-09-21T19:38:10.047Z,search,Added: 3 hours ago,Titanium,66 Sq. Yd.,Sq Yd,66.0,Trusted,1.0,,commercial-sale,Karachi,2,PKR,sale,7.0,"Gulistan-e-Jauhar - Block 3-A, Gulistan-e-Jauhar",10.0,15700000,1.57 Crore,BALAD TRADE CENTRE 7 (BTC-7),https://www.zameen.com/Commercial/Karachi-2-1.html,Karachi · Commercial for sale,Where Business Meets Opportunity!,success,https://media.zameen.com/thumbnails/304494005-400x300.jpeg,(Updated: 3 hours ago),https://www.zameen.com/Property/gulistan_e_jauhar_gulistan-e-jauhar_-_block_3-a_balad_trade_centre_7_btc-7-54455802-6827-3.html,dataset_zameen-property-scraper_2026-09-21_19-38-10-735.csv,dataset_zameen-property-scraper_2026-09-21_19-38-10-735_7
2026-09-21T19:38:10.106Z,search,Added: 55 minutes ago,,200 Sq. Yd.,Sq Yd,200.0,Verified,,,commercial-sale,Karachi,2,PKR,sale,54258015.0,"DHA Phase 5, DHA Defence",5.0,137500000,13.75 Crore,Building For Sale,https://www.zameen.com/Commercial/Karachi-2-1.html,Karachi · Commercial for sale,"200 sqyd building
 Basement plus gr",success,https://media.zameen.com/thumbnails/301440101-400x300.jpeg,,https://www.zameen.com/Property/dha_defence_dha_phase_5_building_for_sale-54258015-1482-3.html,dataset_zameen-property-scraper_2026-09-21_19-38-10-735.csv,dataset_zameen-property-scraper_2026-09-21_19-38-10-735_54258015
2026-09-21T19:38:10.149Z,search,Added: 3 hours ago,,50 Sq. Yd.,Sq Yd,50.0,,1.0,,commercial-sale,Karachi,2,PKR,sale,54775022.0,"DHA Phase 7, DHA Defence",6.0,19000000,1.9 Crore,Shop For Sale Khayaban-E-Seher DHA Phase 7,https://www.zameen.com/Commercial/Karachi-2-1.html,Karachi · Commercial for sale,"SHOP FOR SALE

Main Khay-e-Sehar, P",success,https://media.zameen.com/thumbnails/307565508-400x300.jpeg,(Updated: 2 hours ago),https://www.zameen.com/Property/dha_defence_dha_phase_7_shop_for_sale_khayaban-e-seher_dha_phase_7-54775022-1484-3.html,dataset_zameen-property-scraper_2026-09-21_19-38-10-735.csv,dataset_zameen-property-scraper_2026-09-21_19-38-10-735_54775022
2026-09-21T19:38:10.208Z,search,Added: 6 hours ago,,52 Sq. Yd.,Sq Yd,52.0,Trusted,,,commercial-sale,Karachi,2,PKR,sale,54501113.0,"Jami Commercial Area, DHA Phase 7",11.0,28500000,2.85 Crore,Shop Available For Sale,https://www.zameen.com/Commercial/Karachi-2-1.html,Karachi · Commercial for sale,DHA Phase 7 Jami Commercial Street,success,https://media.zameen.com/thumbnails/304947494-400x300.jpeg,,https://www.zameen.com/Property/dha_phase_7_jami_commercial_area_shop_available_for_sale-54501113-8492-3.html,dataset_zameen-property-scraper_2026-09-21_19-38-10-735.csv,dataset_zameen-property-scraper_2026-09-21_19-38-10-735_54501113
2026-09-21T19:38:10.270Z,search,Added: 6 hours ago,,50 Sq. Yd.,Sq Yd,50.0,Trusted,,,commercial-sale,Karachi,2,PKR,sale,54501328.0,"Jami Commercial Area, DHA Phase 7",15.0,18000000,1.8 Crore,Shop Available For Sale,https://www.zameen.com/Commercial/Karachi-2-1.html,Karachi · Commercial for sale,Jami Commercial DHA Phase 7 Shop Av,success,https://media.zameen.com/thumbnails/306735667-400x300.jpeg,,https://www.zameen.com/Property/dha_phase_7_jami_commercial_area_shop_available_for_sale-54501328-8492-3.html,dataset_zameen-property-scraper_2026-09-21_19-38-10-735.csv,dataset_zameen-property-scraper_2026-09-21_19-38-10-735_54501328
2026-09-21T19:38:10.306Z,search,Added: 8 hours ago,,100 Sq. Yd.,Sq Yd,100.0,Trusted,,,commercial-sale,Karachi,2,PKR,sale,54116148.0,"Zulfiqar Commercial Area, DHA Phase 8",6.0,200000000,20 Crore,100 Square Yards Brand New Building For Sale Near Creek Walk Phase 8,https://www.zameen.com/Commercial/Karachi-2-1.html,Karachi · Commercial for sale,Prime Location Building For Sale,success,https://media.zameen.com/thumbnails/301968244-400x300.jpeg,(Updated: 8 hours ago),https://www.zameen.com/Property/dha_phase_8_zulfiqar_commercial_area_100_square_yards_brand_new_building_for_sale_near_creek_walk_phase_8-54116148-10369-3.html,dataset_zameen-property-scraper_2026-09-21_19-38-10-735.csv,dataset_zameen-property-scraper_2026-09-21_19-38-10-735_54116148
2026-09-21T19:38:10.360Z,search,Added: 5 minutes ago,,78 Sq. Yd.,Sq Yd,78.0,Trusted,1.0,,commercial-sale,Karachi,2,PKR,sale,53876859.0,"Shahra-e-Faisal, Karachi",8.0,22900000,2.29 Crore,Office On Sale,https://www.zameen.com/Commercial/Karachi-2-1.html,Karachi · Commercial for sale,"Office On Sell
 Mian Shahra E Faisa",success,https://media.zameen.com/thumbnails/300587987-400x300.jpeg,,https://www.zameen.com/Property/karachi_shahra-e-faisal_office_on_sale-53876859-310-3.html,dataset_zameen-property-scraper_2026-09-21_19-38-10-735.csv,dataset_zameen-property-scraper_2026-09-21_19-38-10-735_53876859
2026-09-21T19:38:10.414Z,search,Added: 6 minutes ago,,65 Sq. Yd.,Sq Yd,65.0,Trusted,,,commercial-sale,Karachi,2,PKR,sale,54566002.0,"Shahra-e-Faisal, Karachi",5.0,16000000,1.6 Crore,Brandnew Office On Sell,https://www.zameen.com/Commercial/Karachi-2-1.html,Karachi · Commercial for sale,"Brandnew Office On Sell
Main Shahra",success,https://media.zameen.com/thumbnails/305669431-400x300.jpeg,(Updated: 6 minutes ago),https://www.zameen.com/Property/karachi_shahra-e-faisal_brandnew_office_on_sell-54566002-310-3.html,dataset_zameen-property-scraper_2026-09-21_19-38-10-735.csv,dataset_zameen-property-scraper_2026-09-21_19-38-10-735_54566002
2026-09-21T19:38:10.457Z,search,Added: 1 hour ago,,39 Sq. Yd.,Sq Yd,39.0,,,,commercial-sale,Karachi,2,PKR,sale,53164182.0,"University Road, Karachi",7.0,24000000,2.4 Crore,Shop Of 350 Square Feet Available For Sale In University Road,https://www.zameen.com/Commercial/Karachi-2-1.html,Karachi · Commercial for sale,Shop For Sale On Main University Ro,success,https://media.zameen.com/thumbnails/300343191-400x300.jpeg,,https://www.zameen.com/Property/karachi_university_road_shop_of_350_square_feet_available_for_sale_in_university_road-53164182-324-3.html,dataset_zameen-property-scraper_2026-09-21_19-38-10-735.csv,dataset_zameen-property-scraper_2026-09-21_19-38-10-735_53164182
2026-09-21T19:38:10.523Z,search,Added: 1 hour ago,,227 Sq. Yd.,Sq Yd,227.0,Trusted,,,commercial-sale,Karachi,2,PKR,sale,54384956.0,"DHA Phase 2 Extension, DHA Defence",9.0,75000000,7.5 Crore,Brand New Executive Office Space For Sale Available Main Ittehad Road DHA Phase 2 Ext,https://www.zameen.com/Commercial/Karachi-2-1.html,Karachi · Commercial for sale,"2040 Sqft Big Hall No Column 
11 FE",success,https://media.zameen.com/thumbnails/303789220-400x300.jpeg,,https://www.zameen.com/Property/dha_defence_dha_phase_2_extension_brand_new_executive_office_space_for_sale_available_main_ittehad_road_dha_phase_2_ext-54384956-1672-3.html,dataset_zameen-property-scraper_2026-09-21_19-38-10-735.csv,dataset_zameen-property-scraper_2026-09-21_19-38-10-735_54384956
2026-09-21T19:38:10.568Z,search,Added: 1 hour ago,,144 Sq. Yd.,Sq Yd,144.0,,,,commercial-sale,Karachi,2,PKR,sale,50668586.0,"Bahria Town - Jinnah Avenue, Bahria Town Karachi",5.0,72000000,7.2 Crore,Main Jinnah Avenue Showroom For Sale On Investor Rate,https://www.zameen.com/Commercial/Karachi-2-1.html,Karachi · Commercial for sale,Main Jinnah Avenue Showroom For Sal,success,https://media.zameen.com/thumbnails/305806869-400x300.jpeg,,https://www.zameen.com/Property/bahria_town_karachi_bahria_town_-_jinnah_avenue_main_jinnah_avenue_showroom_for_sale_on_investor_rate-50668586-13847-3.html,dataset_zameen-property-scraper_2026-09-21_19-38-10-735.csv,dataset_zameen-property-scraper_2026-09-21_19-38-10-735_50668586
2026-09-21T19:38:10.607Z,search,Added: 2 hours ago,,125 Sq. Yd.,Sq Yd,125.0,Trusted,,,commercial-sale,Karachi,2,PKR,sale,52690926.0,"DHA Phase 2 Extension, DHA Defence",10.0,23000000,2.3 Crore,Office Available For Sale In DHA Phase 2 Extension Karachi,https://www.zameen.com/Commercial/Karachi-2-1.html,Karachi · Commercial for sale,"Bali Business Boulevard
Plot # 19-C",success,https://media.zameen.com/thumbnails/305687798-400x300.jpeg,,https://www.zameen.com/Property/dha_defence_dha_phase_2_extension_office_available_for_sale_in_dha_phase_2_extension_karachi-52690926-1672-3.html,dataset_zameen-property-scraper_2026-09-21_19-38-10-735.csv,dataset_zameen-property-scraper_2026-09-21_19-38-10-735_52690926
2026-09-21T19:38:10.645Z,search,Added: 2 hours ago,,281 Sq. Yd.,Sq Yd,281.0,Trusted,,,commercial-sale,Karachi,2,PKR,sale,52695775.0,"DHA Phase 2 Extension, DHA Defence",13.0,57000000,5.7 Crore,Three Combined Offices Available For Sale In DHA Phase 2 Extension Karachi,https://www.zameen.com/Commercial/Karachi-2-1.html,Karachi · Commercial for sale,Office Available For Sale In DHA Ph,success,https://media.zameen.com/thumbnails/299644998-400x300.jpeg,,https://www.zameen.com/Property/dha_defence_dha_phase_2_extension_three_combined_offices_available_for_sale_in_dha_phase_2_extension_karachi-52695775-1672-3.html,dataset_zameen-property-scraper_2026-09-21_19-38-10-735.csv,dataset_zameen-property-scraper_2026-09-21_19-38-10-735_52695775
2026-09-21T19:38:10.696Z,search,Added: 2 hours ago,,137 Sq. Yd.,Sq Yd,137.0,Trusted,,,commercial-sale,Karachi,2,PKR,sale,52696039.0,"DHA Phase 2 Extension, DHA Defence",9.0,28500000,2.85 Crore,Office Available For Sale In DHA Phase 2 Extension Karachi,https://www.zameen.com/Commercial/Karachi-2-1.html,Karachi · Commercial for sale,Office Available For Sale In DHA Ph,success,https://media.zameen.com/thumbnails/305687774-400x300.jpeg,(Updated: 2 hours ago),https://www.zameen.com/Property/dha_defence_dha_phase_2_extension_office_available_for_sale_in_dha_phase_2_extension_karachi-52696039-1672-3.html,dataset_zameen-property-scraper_2026-09-21_19-38-10-735.csv,dataset_zameen-property-scraper_2026-09-21_19-38-10-735_52696039
2026-09-21T19:39:08.690Z,search,Added: 2 days ago,Titanium,"3,850 sqft",sqft,3850.0,super hot,5.0,4.0,rental-flats,Karachi,2,PKR,rent,54314860.0,"Creek Vista, DHA Phase 8",21.0,425000,4.25 Lakh,Luxurious 4 Bedrooms Apartment For Rent In CREEK VISTA,https://www.zameen.com/Rentals_Flats_Apartments/Karachi-2-1.html,Karachi · Flats & apartments for rent,LUXURY APARTMENT FOR RENT IN DHA PH,success,https://media.zameen.com/thumbnails/301349953-400x300.jpeg,(Updated: 2 days ago),https://www.zameen.com/Property/dha_phase_8_creek_vista_luxurious_4_bedrooms_apartment_for_rent_in_creek_vista-54314860-9058-4.html,dataset_zameen-property-scraper_2026-09-21_19-39-09-997.csv,dataset_zameen-property-scraper_2026-09-21_19-39-09-997_54314860
2026-09-21T19:39:08.802Z,search,Added: 2 days ago,Titanium,"1,000 sqft",sqft,1000.0,super hot,2.0,2.0,rental-flats,Karachi,2,PKR,rent,54734894.0,"DHA Phase 6, DHA Defence",9.0,120000,1.2 Lakh,Flat For Rent,https://www.zameen.com/Rentals_Flats_Apartments/Karachi-2-1.html,Karachi · Flats & apartments for rent,2Nd Floor For Rent In Itthad Commer,success,https://media.zameen.com/thumbnails/307180972-400x300.jpeg,,https://www.zameen.com/Property/dha_defence_dha_phase_6_flat_for_rent-54734894-1483-4.html,dataset_zameen-property-scraper_2026-09-21_19-39-09-997.csv,dataset_zameen-property-scraper_2026-09-21_19-39-09-997_54734894
2026-09-21T19:39:08.855Z,search,Added: 2 days ago,Titanium,"1,100 sqft",sqft,1100.0,super hot,3.0,3.0,rental-flats,Karachi,2,PKR,rent,54734330.0,"DHA Phase 6, DHA Defence",14.0,130000,1.3 Lakh,"3 Bed DD Apartment For Rent In Bukhari Commercial,DHA Phase 6",https://www.zameen.com/Rentals_Flats_Apartments/Karachi-2-1.html,Karachi · Flats & apartments for rent,Apartment for Rent | First Floor |,success,https://media.zameen.com/thumbnails/307175430-400x300.jpeg,(Updated: 2 days ago),https://www.zameen.com/Property/dha_defence_dha_phase_6_3_bed_dd_apartment_for_rent_in_bukhari_commercial_dha_phase_6-54734330-1483-4.html,dataset_zameen-property-scraper_2026-09-21_19-39-09-997.csv,dataset_zameen-property-scraper_2026-09-21_19-39-09-997_54734330
2026-09-21T19:39:08.902Z,search,Added: 2 days ago,Titanium,"1,850 sqft",sqft,1850.0,super hot,3.0,2.0,rental-flats,Karachi,2,PKR,rent,54511581.0,"Emaar The Views, DHA Phase 8",36.0,250000,2.5 Lakh,CHANCE DEAL BRAND NEW 2 BED CITY FACING APARTMENT AVAILABLE FOR RENT | The Views,https://www.zameen.com/Rentals_Flats_Apartments/Karachi-2-1.html,Karachi · Flats & apartments for rent,The Views 2 Bedroom Apartment For R,success,https://media.zameen.com/thumbnails/306343804-400x300.jpeg,(Updated: 31 minutes ago),https://www.zameen.com/Property/dha_phase_8_emaar_the_views_chance_deal_brand_new_2_bed_city_facing_apartment_available_for_rent_the_views-54511581-17808-4.html,dataset_zameen-property-scraper_2026-09-21_19-39-09-997.csv,dataset_zameen-property-scraper_2026-09-21_19-39-09-997_54511581
2026-09-21T19:39:08.939Z,search,Added: 3 days ago,Titanium,"2,450 sqft",sqft,2450.0,super hot,3.0,3.0,rental-flats,Karachi,2,PKR,rent,54724814.0,"Emaar The Views, DHA Phase 8",13.0,360000,3.6 Lakh,Get Your Dream Prime Location Flat In Emaar The Views Karachi,https://www.zameen.com/Rentals_Flats_Apartments/Karachi-2-1.html,Karachi · Flats & apartments for rent,LUXURY WATERFRONT LIVING | PREMIUM,success,https://media.zameen.com/thumbnails/307072265-400x300.jpeg,(Updated: 26 minutes ago),https://www.zameen.com/Property/dha_phase_8_emaar_the_views_get_your_dream_prime_location_flat_in_emaar_the_views_karachi-54724814-17808-4.html,dataset_zameen-property-scraper_2026-09-21_19-39-09-997.csv,dataset_zameen-property-scraper_2026-09-21_19-39-09-997_54724814
2026-09-21T19:39:08.977Z,search,Added: 39 minutes ago,,"4,725 sqft",sqft,4725.0,super hot,,,rental-flats,Karachi,2,PKR,rent,54750238.0,"DHA Phase 7 Extension, DHA Defence",14.0,90000,90 Thousand,Buying A Flat In DHA Phase 7 Extension Karachi?,https://www.zameen.com/Rentals_Flats_Apartments/Karachi-2-1.html,Karachi · Flats & apartments for rent,Full Furnished Studio Apartment Ava,success,https://media.zameen.com/thumbnails/307327761-400x300.jpeg,,https://www.zameen.com/Property/dha_defence_dha_phase_7_extension_buying_a_flat_in_dha_phase_7_extension_karachi-54750238-1674-4.html,dataset_zameen-property-scraper_2026-09-21_19-39-09-997.csv,dataset_zameen-property-scraper_2026-09-21_19-39-09-997_54750238
2026-09-21T19:39:09.014Z,search,Added: 8 hours ago,,"2,500 sqft",sqft,2500.0,super hot,5.0,4.0,rental-flats,Karachi,2,PKR,rent,54670250.0,"Shaheed Millat Road, Karachi",18.0,300000,3 Lakh,LUXURY APARTMENT FOR RENT,https://www.zameen.com/Rentals_Flats_Apartments/Karachi-2-1.html,Karachi · Flats & apartments for rent,"4 Bed Dd Available On Rent
 (Main S",success,https://media.zameen.com/thumbnails/306550817-400x300.jpeg,(Updated: 8 hours ago),https://www.zameen.com/Property/karachi_shaheed_millat_road_luxury_apartment_for_rent-54670250-413-4.html,dataset_zameen-property-scraper_2026-09-21_19-39-09-997.csv,dataset_zameen-property-scraper_2026-09-21_19-39-09-997_54670250
2026-09-21T19:39:09.053Z,search,Added: 10 hours ago,,"2,400 sqft",sqft,2400.0,super hot,3.0,3.0,rental-flats,Karachi,2,PKR,rent,54685442.0,"Bath Island, Karachi",8.0,350000,3.5 Lakh,Prime Location 2400 Square Feet Flat In Bath Island Is Available For Rent,https://www.zameen.com/Rentals_Flats_Apartments/Karachi-2-1.html,Karachi · Flats & apartments for rent,"TRICON TOWER BATH ISLAND, CLIFTON",success,https://media.zameen.com/thumbnails/306783959-400x300.jpeg,,https://www.zameen.com/Property/karachi_bath_island_prime_location_2400_square_feet_flat_in_bath_island_is_available_for_rent-54685442-198-4.html,dataset_zameen-property-scraper_2026-09-21_19-39-09-997.csv,dataset_zameen-property-scraper_2026-09-21_19-39-09-997_54685442
2026-09-21T19:39:09.089Z,search,Added: 1 day ago,,"3,750 sqft",sqft,3750.0,super hot,6.0,4.0,rental-flats,Karachi,2,PKR,rent,53817951.0,"Creek Vista, DHA Phase 8",22.0,475000,4.75 Lakh,Luxury Creek Vista Fully Furnished Apartment For Rent,https://www.zameen.com/Rentals_Flats_Apartments/Karachi-2-1.html,Karachi · Flats & apartments for rent,LUXURY CREEK VISTA FULLY FURNISHED,success,https://media.zameen.com/thumbnails/300261446-400x300.jpeg,,https://www.zameen.com/Property/dha_phase_8_creek_vista_luxury_creek_vista_fully_furnished_apartment_for_rent-53817951-9058-4.html,dataset_zameen-property-scraper_2026-09-21_19-39-09-997.csv,dataset_zameen-property-scraper_2026-09-21_19-39-09-997_53817951
2026-09-21T19:39:09.126Z,search,Added: 2 days ago,,950 sqft,sqft,950.0,super hot,2.0,2.0,rental-flats,Karachi,2,PKR,rent,54724033.0,"Nishat Commercial Area, DHA Phase 6",27.0,165000,1.65 Lakh,Investors Should Rent This Prime Location Flat Located Ideally In DHA Defence,https://www.zameen.com/Rentals_Flats_Apartments/Karachi-2-1.html,Karachi · Flats & apartments for rent,### 2-Bedroom Fully Furnished Apart,success,https://media.zameen.com/thumbnails/307064525-400x300.jpeg,(Updated: 2 days ago),https://www.zameen.com/Property/dha_phase_6_nishat_commercial_area_investors_should_rent_this_prime_location_flat_located_ideally_in_dha_defence-54724033-8491-4.html,dataset_zameen-property-scraper_2026-09-21_19-39-09-997.csv,dataset_zameen-property-scraper_2026-09-21_19-39-09-997_54724033
2026-09-21T19:39:09.165Z,search,Added: 8 minutes ago,Titanium,"2,400 sqft",sqft,2400.0,Trusted,5.0,4.0,rental-flats,Karachi,2,PKR,rent,53832397.0,"PECHS Block 2, PECHS",9.0,220000,2.2 Lakh,FLAT AVAILABLE FOR RENT IN HIGH-RISE,https://www.zameen.com/Rentals_Flats_Apartments/Karachi-2-1.html,Karachi · Flats & apartments for rent,FLAT AVAILABLE FOR RENT IN HIGH-RIS,success,https://media.zameen.com/thumbnails/299887467-400x300.jpeg,,https://www.zameen.com/Property/pechs_pechs_block_2_flat_available_for_rent_in_high-rise-53832397-6933-4.html,dataset_zameen-property-scraper_2026-09-21_19-39-09-997.csv,dataset_zameen-property-scraper_2026-09-21_19-39-09-997_53832397
2026-09-21T19:39:09.226Z,search,Added: 11 minutes ago,Titanium,"1,800 sqft",sqft,1800.0,Trusted,4.0,3.0,rental-flats,Karachi,2,PKR,rent,53891427.0,"Tariq Road, Karachi",8.0,180000,1.8 Lakh,FLAT AVAILABLE FOR RENT IN HIGH-RISE,https://www.zameen.com/Rentals_Flats_Apartments/Karachi-2-1.html,Karachi · Flats & apartments for rent,FLAT AVAILABLE FOR RENT IN HIGH-RIS,success,https://media.zameen.com/thumbnails/299887274-400x300.jpeg,,https://www.zameen.com/Property/karachi_tariq_road_flat_available_for_rent_in_high-rise-53891427-532-4.html,dataset_zameen-property-scraper_2026-09-21_19-39-09-997.csv,dataset_zameen-property-scraper_2026-09-21_19-39-09-997_53891427
2026-09-21T19:39:09.288Z,search,Added: 5 minutes ago,,"2,200 sqft",sqft,2200.0,Trusted,5.0,4.0,rental-flats,Karachi,2,PKR,rent,54487218.0,"Tipu Sultan Road, Karachi",13.0,360000,3.6 Lakh,Brandnew 4 Bed Dd Flat For Rent,https://www.zameen.com/Rentals_Flats_Apartments/Karachi-2-1.html,Karachi · Flats & apartments for rent,"Brandnew 4 Bed Dd On Rent
Main Tipu",success,https://media.zameen.com/thumbnails/304815114-400x300.jpeg,,https://www.zameen.com/Property/karachi_tipu_sultan_road_brandnew_4_bed_dd_flat_for_rent-54487218-415-4.html,dataset_zameen-property-scraper_2026-09-21_19-39-09-997.csv,dataset_zameen-property-scraper_2026-09-21_19-39-09-997_54487218
2026-09-21T19:39:09.349Z,search,Added: 44 minutes ago,,"1,700 sqft",sqft,1700.0,,4.0,3.0,rental-flats,Karachi,2,PKR,rent,54561418.0,"Saima Residencia, Scheme 33 - Sector 34-A",17.0,74000,74 Thousand,"Chance Deal , Beautiful Renovation , Saima Residencia",https://www.zameen.com/Rentals_Flats_Apartments/Karachi-2-1.html,Karachi · Flats & apartments for rent,"SAIMA Residencia

Note :
 Small Edu",success,https://media.zameen.com/thumbnails/305521205-400x300.jpeg,,https://www.zameen.com/Property/scheme_33_sector_34_a_saima_residencia_chance_deal_beautiful_renovation_saima_residencia-54561418-22375-4.html,dataset_zameen-property-scraper_2026-09-21_19-39-09-997.csv,dataset_zameen-property-scraper_2026-09-21_19-39-09-997_54561418
2026-09-21T19:39:09.404Z,search,Added: 1 hour ago,,"2,500 sqft",sqft,2500.0,,4.0,4.0,rental-flats,Karachi,2,PKR,rent,54284418.0,"Bahadurabad, Gulshan-e-Iqbal Town",6.0,185000,1.85 Lakh,Luxury Brand New Apartment Well Maintained Apartment 4 Bed Dd For Rent,https://www.zameen.com/Rentals_Flats_Apartments/Karachi-2-1.html,Karachi · Flats & apartments for rent,Luxury brand new apartment well fur,success,https://media.zameen.com/thumbnails/300059996-400x300.jpeg,,https://www.zameen.com/Property/gulshan_e_iqbal_town_bahadurabad_luxury_brand_new_apartment_well_maintained_apartment_4_bed_dd_for_rent-54284418-524-4.html,dataset_zameen-property-scraper_2026-09-21_19-39-09-997.csv,dataset_zameen-property-scraper_2026-09-21_19-39-09-997_54284418
2026-09-21T19:39:09.484Z,search,Added: 1 hour ago,,"2,000 sqft",sqft,2000.0,,4.0,3.0,rental-flats,Karachi,2,PKR,rent,54736142.0,"Bahadurabad, Gulshan-e-Iqbal Town",7.0,165000,1.65 Lakh,Luxury Like Brand New Apartment Well Maintained Apartment 3 Bed Dd With All Modern Facilities For Rent At Prime Location Of Bahadurabad,https://www.zameen.com/Rentals_Flats_Apartments/Karachi-2-1.html,Karachi · Flats & apartments for rent,Luxury like brand new apartment wel,success,https://media.zameen.com/thumbnails/307191524-400x300.jpeg,(Updated: 1 hour ago),https://www.zameen.com/Property/gulshan_e_iqbal_town_bahadurabad_luxury_like_brand_new_apartment_well_maintained_apartment_3_bed_dd_with_all_modern_facilities_for_rent_at_prime_location_of_bahadurabad-54736142-524-4.html,dataset_zameen-property-scraper_2026-09-21_19-39-09-997.csv,dataset_zameen-property-scraper_2026-09-21_19-39-09-997_54736142
2026-09-21T19:39:09.561Z,search,Added: 1 hour ago,,"3,760 sqft",sqft,3760.0,Trusted,5.0,4.0,rental-flats,Karachi,2,PKR,rent,53980601.0,"Creek Vista, DHA Phase 8",11.0,370000,3.7 Lakh,Creek Vista 4 Bedrooms Two Apartments For Rent West Open Well Maintained Ready To Move 360 With Maintenance,https://www.zameen.com/Rentals_Flats_Apartments/Karachi-2-1.html,Karachi · Flats & apartments for rent,*CREEK VISTA 4 BED APPT FOR RENT 2,success,https://media.zameen.com/thumbnails/307279398-400x300.jpeg,,https://www.zameen.com/Property/dha_phase_8_creek_vista_creek_vista_4_bedrooms_two_apartments_for_rent_west_open_well_maintained_ready_to_move_360_with_maintenance-53980601-9058-4.html,dataset_zameen-property-scraper_2026-09-21_19-39-09-997.csv,dataset_zameen-property-scraper_2026-09-21_19-39-09-997_53980601
2026-09-21T19:39:09.600Z,search,Added: 7 minutes ago,Titanium,"1,800 sqft",sqft,1800.0,Trusted,4.0,3.0,rental-flats,Karachi,2,PKR,rent,53891413.0,"Shahra-e-Faisal, Karachi",9.0,180000,1.8 Lakh,FLAT AVAILABLE FOR RENT IN HIGH-RISE,https://www.zameen.com/Rentals_Flats_Apartments/Karachi-2-1.html,Karachi · Flats & apartments for rent,FLAT AVAILABLE FOR RENT IN HIGH-RIS,success,https://media.zameen.com/thumbnails/299886583-400x300.jpeg,,https://www.zameen.com/Property/karachi_shahra-e-faisal_flat_available_for_rent_in_high-rise-53891413-310-4.html,dataset_zameen-property-scraper_2026-09-21_19-39-09-997.csv,dataset_zameen-property-scraper_2026-09-21_19-39-09-997_53891413
2026-09-21T19:39:09.652Z,search,Added: 7 minutes ago,Titanium,"1,100 sqft",sqft,1100.0,Trusted,2.0,2.0,rental-flats,Karachi,2,PKR,rent,53891563.0,"Sharfabad, Gulshan-e-Iqbal Town",7.0,140000,1.4 Lakh,FLAT AVAILABLE FOR RENT IN HIGH-RISE,https://www.zameen.com/Rentals_Flats_Apartments/Karachi-2-1.html,Karachi · Flats & apartments for rent,FLAT AVAILABLE FOR RENT IN HIGH-RIS,success,https://media.zameen.com/thumbnails/301908453-400x300.jpeg,(Updated: 7 minutes ago),https://www.zameen.com/Property/gulshan_e_iqbal_town_sharfabad_flat_available_for_rent_in_high-rise-53891563-313-4.html,dataset_zameen-property-scraper_2026-09-21_19-39-09-997.csv,dataset_zameen-property-scraper_2026-09-21_19-39-09-997_53891563
2026-09-21T19:39:09.724Z,search,Added: 17 minutes ago,Titanium,"1,800 sqft",sqft,1800.0,Trusted,4.0,3.0,rental-flats,Karachi,2,PKR,rent,54622961.0,"Bahadurabad, Gulshan-e-Iqbal Town",7.0,200000,2 Lakh,FLAT AVAILABLE FOR RENT IN HIGH-RISE,https://www.zameen.com/Rentals_Flats_Apartments/Karachi-2-1.html,Karachi · Flats & apartments for rent,"Luxury 3-Bed Apartment for Rent

 3",success,https://media.zameen.com/thumbnails/306102833-400x300.jpeg,,https://www.zameen.com/Property/gulshan_e_iqbal_town_bahadurabad_flat_available_for_rent_in_high-rise-54622961-524-4.html,dataset_zameen-property-scraper_2026-09-21_19-39-09-997.csv,dataset_zameen-property-scraper_2026-09-21_19-39-09-997_54622961
2026-09-21T19:39:09.775Z,search,Added: 19 minutes ago,Titanium,"1,800 sqft",sqft,1800.0,Trusted,3.0,3.0,rental-flats,Karachi,2,PKR,rent,53832472.0,"Khalid Bin Walid Road, Karachi",9.0,165000,1.65 Lakh,FLAT AVAILABLE FOR RENT IN HIGH-RISE,https://www.zameen.com/Rentals_Flats_Apartments/Karachi-2-1.html,Karachi · Flats & apartments for rent,FLAT AVAILABLE FOR RENT IN HIGH-RIS,success,https://media.zameen.com/thumbnails/299885380-400x300.jpeg,,https://www.zameen.com/Property/karachi_khalid_bin_walid_road_flat_available_for_rent_in_high-rise-53832472-253-4.html,dataset_zameen-property-scraper_2026-09-21_19-39-09-997.csv,dataset_zameen-property-scraper_2026-09-21_19-39-09-997_53832472
2026-09-21T19:39:09.817Z,search,Added: 44 minutes ago,,"1,700 sqft",sqft,1700.0,,4.0,3.0,rental-flats,Karachi,2,PKR,rent,54373782.0,"Saima Residencia, Scheme 33 - Sector 34-A",14.0,75000,75 Thousand,"Chance Deal , Beautiful Renovation Flat For Rent",https://www.zameen.com/Rentals_Flats_Apartments/Karachi-2-1.html,Karachi · Flats & apartments for rent,"SAIMA Residencia
Finally The Posses",success,https://media.zameen.com/thumbnails/303233183-400x300.jpeg,,https://www.zameen.com/Property/scheme_33_sector_34_a_saima_residencia_chance_deal_beautiful_renovation_flat_for_rent-54373782-22375-4.html,dataset_zameen-property-scraper_2026-09-21_19-39-09-997.csv,dataset_zameen-property-scraper_2026-09-21_19-39-09-997_54373782
2026-09-21T19:39:09.858Z,search,Added: 47 minutes ago,,"1,700 sqft",sqft,1700.0,,4.0,3.0,rental-flats,Karachi,2,PKR,rent,54273770.0,"Saima Residencia, Scheme 33 - Sector 34-A",19.0,74000,74 Thousand,Saima Residencia Chance Deal West Open And Park Facing & Spacious & Brand New Apartment,https://www.zameen.com/Rentals_Flats_Apartments/Karachi-2-1.html,Karachi · Flats & apartments for rent,"SAIMA Residencia
 Note : 11,000/- M",success,https://media.zameen.com/thumbnails/299969686-400x300.jpeg,(Updated: 47 minutes ago),https://www.zameen.com/Property/scheme_33_sector_34_a_saima_residencia_saima_residencia_chance_deal_west_open_and_park_facing_spacious_brand_new_apartment-54273770-22375-4.html,dataset_zameen-property-scraper_2026-09-21_19-39-09-997.csv,dataset_zameen-property-scraper_2026-09-21_19-39-09-997_54273770
2026-09-21T19:39:09.907Z,search,Added: 1 hour ago,,955 sqft,sqft,955.0,Trusted,2.0,2.0,rental-flats,Karachi,2,PKR,rent,54735319.0,"Bahria Town - Jinnah Avenue, Bahria Town Karachi",10.0,30000,30 Thousand,READY TO MOVE 955 Square Feet 2 Bed Lounge Flat FOR RENT Outer Corner Apartment With AMAZING VIEW 2 KM From MAIN GATE Of BTK,https://www.zameen.com/Rentals_Flats_Apartments/Karachi-2-1.html,Karachi · Flats & apartments for rent,950 Square Ft 2 Bedrooms Luxury Apa,success,https://media.zameen.com/thumbnails/307184574-400x300.jpeg,(Updated: 1 hour ago),https://www.zameen.com/Property/bahria_town_karachi_bahria_town_-_jinnah_avenue_ready_to_move_955_square_feet_2_bed_lounge_flat_for_rent_outer_corner_apartment_with_amazing_view_2_km_from_main_gate_of_btk-54735319-13847-4.html,dataset_zameen-property-scraper_2026-09-21_19-39-09-997.csv,dataset_zameen-property-scraper_2026-09-21_19-39-09-997_54735319
2026-09-21T19:39:09.949Z,search,Added: 1 hour ago,,"2,450 sqft",sqft,2450.0,Trusted,4.0,3.0,rental-flats,Karachi,2,PKR,rent,53903533.0,"Emaar Pearl Towers, Emaar Crescent Bay",9.0,400000,4 Lakh,Proper Full Sea Facing 3-Bedrooms Pearl Tower 2 Like New Apartment,https://www.zameen.com/Rentals_Flats_Apartments/Karachi-2-1.html,Karachi · Flats & apartments for rent,"Emaar PT-2 
 Full Proper Sea Facing",success,https://media.zameen.com/thumbnails/300806793-400x300.jpeg,,https://www.zameen.com/Property/emaar_crescent_bay_emaar_pearl_towers_proper_full_sea_facing_3-bedrooms_pearl_tower_2_like_new_apartment-53903533-10719-4.html,dataset_zameen-property-scraper_2026-09-21_19-39-09-997.csv,dataset_zameen-property-scraper_2026-09-21_19-39-09-997_53903533
2026-09-21T19:39:52.086Z,search,Added: 2 days ago,Titanium,222 Sq. Yd.,Sq Yd,222.0,super hot,1.0,,rental-commercial,Karachi,2,PKR,rent,54314861.0,"Bukhari Commercial Area, DHA Phase 6",15.0,375000,3.75 Lakh,Brand New Office For Rent 2000 Sqft In Main Bukhari Commercial Phase 6 DHA,https://www.zameen.com/Rentals_Commercial/Karachi-2-1.html,Karachi · Commercial for rent,OFFICE IN 200 YD BUILDING CORNER MA,success,https://media.zameen.com/thumbnails/301348476-400x300.jpeg,,https://www.zameen.com/Property/dha_phase_6_bukhari_commercial_area_brand_new_office_for_rent_2000_sqft_in_main_bukhari_commercial_phase_6_dha-54314861-6674-4.html,dataset_zameen-property-scraper_2026-09-21_19-39-53-352.csv,dataset_zameen-property-scraper_2026-09-21_19-39-53-352_54314861
2026-09-21T19:39:52.153Z,search,Added: 2 days ago,Titanium,200 Sq. Yd.,Sq Yd,200.0,super hot,,,rental-commercial,Karachi,2,PKR,rent,54674921.0,"Al-Murtaza Commercial Area, DHA Phase 8",7.0,2500000,25 Lakh,"Premium Three Side Corner Office Building for Rent | 10,800 Sq. Ft. | Murtaza Commercial | DHA Phase VIII",https://www.zameen.com/Rentals_Commercial/Karachi-2-1.html,Karachi · Commercial for rent,Presenting a premium three side cor,success,https://media.zameen.com/thumbnails/306597779-400x300.jpeg,(Updated: 2 days ago),https://www.zameen.com/Property/dha_phase_8_al-murtaza_commercial_area_premium_three_side_corner_office_building_for_rent_10_800_sq_ft_murtaza_commercial_dha_phase_viii-54674921-10370-4.html,dataset_zameen-property-scraper_2026-09-21_19-39-53-352.csv,dataset_zameen-property-scraper_2026-09-21_19-39-53-352_54674921
2026-09-21T19:39:52.200Z,search,Added: 2 days ago,Titanium,200 Sq. Yd.,Sq Yd,200.0,super hot,,,rental-commercial,Karachi,2,PKR,rent,54731021.0,"DHA Phase 8, DHA Defence",5.0,4500000,45 Lakh,200 SQ. YDS BUILDING FOR RENT MAIN SHAHEEN PHASE 8,https://www.zameen.com/Rentals_Commercial/Karachi-2-1.html,Karachi · Commercial for rent,200 YARDS OFFICE BUILDING FOR RENT,success,https://media.zameen.com/thumbnails/307138533-400x300.jpeg,(Updated: 2 days ago),https://www.zameen.com/Property/dha_defence_dha_phase_8_200_sq_yds_building_for_rent_main_shaheen_phase_8-54731021-1485-4.html,dataset_zameen-property-scraper_2026-09-21_19-39-53-352.csv,dataset_zameen-property-scraper_2026-09-21_19-39-53-352_54731021
2026-09-21T19:39:52.250Z,search,Added: 2 days ago,Titanium,133 Sq. Yd.,Sq Yd,133.0,super hot,1.0,,rental-commercial,Karachi,2,PKR,rent,54659857.0,"Emaar Crescent Bay, DHA Phase 8",8.0,750000,7.5 Lakh,EMAAR OCEANFRONT COMMERCAIL SHOP AVAILABLE FOR RENT IN PEARL TOWERS.,https://www.zameen.com/Rentals_Commercial/Karachi-2-1.html,Karachi · Commercial for rent,EMAAR OCEANFRONT SHOPS AVAILABLE FO,success,https://media.zameen.com/thumbnails/307135883-400x300.jpeg,(Updated: 2 days ago),https://www.zameen.com/Property/dha_phase_8_emaar_crescent_bay_emaar_oceanfront_commercail_shop_available_for_rent_in_pearl_towers-54659857-8503-4.html,dataset_zameen-property-scraper_2026-09-21_19-39-53-352.csv,dataset_zameen-property-scraper_2026-09-21_19-39-53-352_54659857
2026-09-21T19:39:52.343Z,search,Added: 12 hours ago,Titanium,100 Sq. Yd.,Sq Yd,100.0,super hot,,,rental-commercial,Karachi,2,PKR,rent,54772395.0,"DHA Phase 8, DHA Defence",9.0,1200000,12 Lakh,Brand New G+4 Building Bungalow Facing | Murtaza Commercial,https://www.zameen.com/Rentals_Commercial/Karachi-2-1.html,Karachi · Commercial for rent,Brand New G+4 Building Bungalow Fac,success,https://media.zameen.com/thumbnails/307541560-400x300.jpeg,,https://www.zameen.com/Property/dha_defence_dha_phase_8_brand_new_g_4_building_bungalow_facing_murtaza_commercial-54772395-1485-4.html,dataset_zameen-property-scraper_2026-09-21_19-39-53-352.csv,dataset_zameen-property-scraper_2026-09-21_19-39-53-352_54772395
2026-09-21T19:39:52.388Z,search,Added: 5 hours ago,,111 Sq. Yd.,Sq Yd,111.0,super hot,,,rental-commercial,Karachi,2,PKR,rent,54702886.0,"Al-Murtaza Commercial Area, DHA Phase 8",22.0,250000,2.5 Lakh,Prime Location 1000 Square Feet Furnished Office In Al-Murtaza Commercial Area Is Best Option,https://www.zameen.com/Rentals_Commercial/Karachi-2-1.html,Karachi · Commercial for rent,**PREMIUM OFFICE FOR RENT AL MURTAZ,success,https://media.zameen.com/thumbnails/306871483-400x300.jpeg,,https://www.zameen.com/Property/dha_phase_8_al-murtaza_commercial_area_prime_location_1000_square_feet_furnished_office_in_al-murtaza_commercial_area_is_best_option-54702886-10370-4.html,dataset_zameen-property-scraper_2026-09-21_19-39-53-352.csv,dataset_zameen-property-scraper_2026-09-21_19-39-53-352_54702886
2026-09-21T19:39:52.427Z,search,Added: 6 hours ago,,44 Sq. Yd.,Sq Yd,44.0,super hot,,,rental-commercial,Karachi,2,PKR,rent,54608200.0,"Daniyal Residency, Scheme 33",5.0,85000,85 Thousand,ROAD-FACING SHOP FOR RENT PRIME COMMERCIAL LOCATION!,https://www.zameen.com/Rentals_Commercial/Karachi-2-1.html,Karachi · Commercial for rent,ROAD-FACING SHOP FOR RENT PRIME COM,success,https://media.zameen.com/thumbnails/305964876-400x300.jpeg,,https://www.zameen.com/Property/scheme_33_daniyal_residency_road-facing_shop_for_rent_prime_commercial_location-54608200-10578-4.html,dataset_zameen-property-scraper_2026-09-21_19-39-53-352.csv,dataset_zameen-property-scraper_2026-09-21_19-39-53-352_54608200
2026-09-21T19:39:52.497Z,search,Added: 8 hours ago,,311 Sq. Yd.,Sq Yd,311.0,super hot,6.0,,rental-commercial,Karachi,2,PKR,rent,54637592.0,"North Nazimabad - Block D, North Nazimabad",13.0,800000,8 Lakh,Spacious Prime Location Office Is Available In North Nazimabad - Block D For Rent,https://www.zameen.com/Rentals_Commercial/Karachi-2-1.html,Karachi · Commercial for rent,"Commercial showroom for Rent 
Neare",success,https://media.zameen.com/thumbnails/307542660-400x300.jpeg,(Updated: 8 hours ago),https://www.zameen.com/Property/north_nazimabad_north_nazimabad_-_block_d_spacious_prime_location_office_is_available_in_north_nazimabad_-_block_d_for_rent-54637592-7212-4.html,dataset_zameen-property-scraper_2026-09-21_19-39-53-352.csv,dataset_zameen-property-scraper_2026-09-21_19-39-53-352_54637592
2026-09-21T19:39:52.556Z,search,Added: 8 hours ago,,556 Sq. Yd.,Sq Yd,556.0,super hot,,,rental-commercial,Karachi,2,PKR,rent,54746624.0,"Clifton - Block 4, Clifton",32.0,800000,8 Lakh,Become Owner Of Your Office Today Which Is Centrally Located In Clifton - Block 4 In Karachi,https://www.zameen.com/Rentals_Commercial/Karachi-2-1.html,Karachi · Commercial for rent,"*OFFICE FOR RENT*

 *Location:* Cli",success,https://media.zameen.com/thumbnails/307534678-400x300.jpeg,(Updated: 8 hours ago),https://www.zameen.com/Property/clifton_clifton_-_block_4_become_owner_of_your_office_today_which_is_centrally_located_in_clifton_-_block_4_in_karachi-54746624-1666-4.html,dataset_zameen-property-scraper_2026-09-21_19-39-53-352.csv,dataset_zameen-property-scraper_2026-09-21_19-39-53-352_54746624
2026-09-21T19:39:52.608Z,search,Added: 9 hours ago,,66 Sq. Yd.,Sq Yd,66.0,super hot,,,rental-commercial,Karachi,2,PKR,rent,53473334.0,"Shaheed Millat Road, Karachi",9.0,115000,1.15 Lakh,Office Available For Rent,https://www.zameen.com/Rentals_Commercial/Karachi-2-1.html,Karachi · Commercial for rent,"Office Available For Rent
 Shaheed",success,https://media.zameen.com/thumbnails/302934992-400x300.jpeg,,https://www.zameen.com/Property/karachi_shaheed_millat_road_office_available_for_rent-53473334-413-4.html,dataset_zameen-property-scraper_2026-09-21_19-39-53-352.csv,dataset_zameen-property-scraper_2026-09-21_19-39-53-352_53473334
2026-09-21T19:39:52.659Z,search,Added: 8 hours ago,Titanium,111 Sq. Yd.,Sq Yd,111.0,Trusted,,,rental-commercial,Karachi,2,PKR,rent,54504724.0,"DHA Phase 6, DHA Defence",6.0,170000,1.7 Lakh,"1000 Sq. Ft. Office for Rent | Bukhari Lane 11, DHA Phase 6 | Prime Commercial Location",https://www.zameen.com/Rentals_Commercial/Karachi-2-1.html,Karachi · Commercial for rent,Looking for a professional office i,success,https://media.zameen.com/thumbnails/304984274-400x300.jpeg,(Updated: 8 hours ago),https://www.zameen.com/Property/dha_defence_dha_phase_6_1000_sq_ft_office_for_rent_bukhari_lane_11_dha_phase_6_prime_commercial_location-54504724-1483-4.html,dataset_zameen-property-scraper_2026-09-21_19-39-53-352.csv,dataset_zameen-property-scraper_2026-09-21_19-39-53-352_54504724
2026-09-21T19:39:52.702Z,search,Added: 8 hours ago,Titanium,294 Sq. Yd.,Sq Yd,294.0,Trusted,3.0,,rental-commercial,Karachi,2,PKR,rent,54516227.0,"Khayaban-e-Ittehad Road, Karachi",6.0,650000,6.5 Lakh,MAIN ITTEHAD ROAD GROUND BASEMENT FOR RENT,https://www.zameen.com/Rentals_Commercial/Karachi-2-1.html,Karachi · Commercial for rent,MAIN ITTEHAD ROAD 100 YARD BUILDING,success,https://media.zameen.com/thumbnails/305096394-400x300.jpeg,(Updated: 8 hours ago),https://www.zameen.com/Property/karachi_khayaban-e-ittehad_road_main_ittehad_road_ground_basement_for_rent-54516227-9991-4.html,dataset_zameen-property-scraper_2026-09-21_19-39-53-352.csv,dataset_zameen-property-scraper_2026-09-21_19-39-53-352_54516227
2026-09-21T19:39:52.748Z,search,Added: 7 minutes ago,,144 Sq. Yd.,Sq Yd,144.0,Trusted,1.0,,rental-commercial,Karachi,2,PKR,rent,53876796.0,"Khalid Bin Walid Road, Karachi",10.0,310000,3.1 Lakh,Showroom Available On Rent,https://www.zameen.com/Rentals_Commercial/Karachi-2-1.html,Karachi · Commercial for rent,"Showroom On Rent
 Main Khalid Bin W",success,https://media.zameen.com/thumbnails/300590095-400x300.jpeg,,https://www.zameen.com/Property/karachi_khalid_bin_walid_road_showroom_available_on_rent-53876796-253-4.html,dataset_zameen-property-scraper_2026-09-21_19-39-53-352.csv,dataset_zameen-property-scraper_2026-09-21_19-39-53-352_53876796
2026-09-21T19:39:52.793Z,search,Added: 7 minutes ago,,199 Sq. Yd.,Sq Yd,199.0,Trusted,2.0,,rental-commercial,Karachi,2,PKR,rent,53876830.0,"Shahra-e-Faisal, Karachi",7.0,370000,3.7 Lakh,Main Shahra E Faisal Office On Rent,https://www.zameen.com/Rentals_Commercial/Karachi-2-1.html,Karachi · Commercial for rent,"Main Shahra E Faisal
 Office On Ren",success,https://media.zameen.com/thumbnails/300591431-400x300.jpeg,(Updated: 7 minutes ago),https://www.zameen.com/Property/karachi_shahra-e-faisal_main_shahra_e_faisal_office_on_rent-53876830-310-4.html,dataset_zameen-property-scraper_2026-09-21_19-39-53-352.csv,dataset_zameen-property-scraper_2026-09-21_19-39-53-352_53876830
2026-09-21T19:39:52.837Z,search,Added: 7 minutes ago,,207 Sq. Yd.,Sq Yd,207.0,Trusted,2.0,,rental-commercial,Karachi,2,PKR,rent,53876838.0,"Shahra-e-Faisal, Karachi",12.0,550000,5.5 Lakh,Fully Furnished Office On Rent,https://www.zameen.com/Rentals_Commercial/Karachi-2-1.html,Karachi · Commercial for rent,"Fully Furnished Office On Rent
 Mai",success,https://media.zameen.com/thumbnails/300590128-400x300.jpeg,,https://www.zameen.com/Property/karachi_shahra-e-faisal_fully_furnished_office_on_rent-53876838-310-4.html,dataset_zameen-property-scraper_2026-09-21_19-39-53-352.csv,dataset_zameen-property-scraper_2026-09-21_19-39-53-352_53876838
2026-09-21T19:39:52.883Z,search,Added: 8 minutes ago,,389 Sq. Yd.,Sq Yd,389.0,Trusted,,,rental-commercial,Karachi,2,PKR,rent,54442215.0,"Tariq Road, Karachi",5.0,725000,7.25 Lakh,Main Tariq Road Shop For Rent,https://www.zameen.com/Rentals_Commercial/Karachi-2-1.html,Karachi · Commercial for rent,"Main Tariq Road 
Shop On Rent
1350",success,https://media.zameen.com/thumbnails/304353937-400x300.jpeg,,https://www.zameen.com/Property/karachi_tariq_road_main_tariq_road_shop_for_rent-54442215-532-4.html,dataset_zameen-property-scraper_2026-09-21_19-39-53-352.csv,dataset_zameen-property-scraper_2026-09-21_19-39-53-352_54442215
2026-09-21T19:39:52.926Z,search,Added: 8 minutes ago,,175 Sq. Yd.,Sq Yd,175.0,Trusted,,,rental-commercial,Karachi,2,PKR,rent,54692461.0,"Shahra-e-Faisal, Karachi",10.0,325000,3.25 Lakh,Main Shahra E Faisal Office For Rent,https://www.zameen.com/Rentals_Commercial/Karachi-2-1.html,Karachi · Commercial for rent,"Office On Rent
Main Shahra E Faisal",success,https://media.zameen.com/thumbnails/306766979-400x300.jpeg,,https://www.zameen.com/Property/karachi_shahra-e-faisal_main_shahra_e_faisal_office_for_rent-54692461-310-4.html,dataset_zameen-property-scraper_2026-09-21_19-39-53-352.csv,dataset_zameen-property-scraper_2026-09-21_19-39-53-352_54692461
2026-09-21T19:39:52.965Z,search,Added: 6 minutes ago,,81 Sq. Yd.,Sq Yd,81.0,Trusted,1.0,,rental-commercial,Karachi,2,PKR,rent,53876751.0,"Shaheed Millat Road, Karachi",12.0,125000,1.25 Lakh,Main Shaheed E Millat Office On Rent,https://www.zameen.com/Rentals_Commercial/Karachi-2-1.html,Karachi · Commercial for rent,"Office On Rent
 732 sq. ft
 24/7 op",success,https://media.zameen.com/thumbnails/300587871-400x300.jpeg,,https://www.zameen.com/Property/karachi_shaheed_millat_road_main_shaheed_e_millat_office_on_rent-53876751-413-4.html,dataset_zameen-property-scraper_2026-09-21_19-39-53-352.csv,dataset_zameen-property-scraper_2026-09-21_19-39-53-352_53876751
2026-09-21T19:39:53.052Z,search,Added: 7 minutes ago,,102 Sq. Yd.,Sq Yd,102.0,Trusted,,,rental-commercial,Karachi,2,PKR,rent,53888062.0,"Bahadurabad, Gulshan-e-Iqbal Town",6.0,270000,2.7 Lakh,Main Bahadurabad Shop On Rent,https://www.zameen.com/Rentals_Commercial/Karachi-2-1.html,Karachi · Commercial for rent,"Main Bahadurabad Shop On Rent
 458",success,https://media.zameen.com/thumbnails/300587891-400x300.jpeg,,https://www.zameen.com/Property/gulshan_e_iqbal_town_bahadurabad_main_bahadurabad_shop_on_rent-53888062-524-4.html,dataset_zameen-property-scraper_2026-09-21_19-39-53-352.csv,dataset_zameen-property-scraper_2026-09-21_19-39-53-352_53888062
2026-09-21T19:39:53.095Z,search,Added: 7 minutes ago,,211 Sq. Yd.,Sq Yd,211.0,Trusted,1.0,,rental-commercial,Karachi,2,PKR,rent,53892055.0,"Shaheed Millat Road, Karachi",8.0,500000,5 Lakh,Main Shaheed E Millat Showroom On Rent,https://www.zameen.com/Rentals_Commercial/Karachi-2-1.html,Karachi · Commercial for rent,"Main Shaheed E Millat 
 Showroom On",success,https://media.zameen.com/thumbnails/300587853-400x300.jpeg,,https://www.zameen.com/Property/karachi_shaheed_millat_road_main_shaheed_e_millat_showroom_on_rent-53892055-413-4.html,dataset_zameen-property-scraper_2026-09-21_19-39-53-352.csv,dataset_zameen-property-scraper_2026-09-21_19-39-53-352_53892055
2026-09-21T19:39:53.140Z,search,Added: 7 minutes ago,,133 Sq. Yd.,Sq Yd,133.0,Trusted,,,rental-commercial,Karachi,2,PKR,rent,54110965.0,"Bahadurabad, Gulshan-e-Iqbal Town",8.0,375000,3.75 Lakh,Main Road Shop On Rent,https://www.zameen.com/Rentals_Commercial/Karachi-2-1.html,Karachi · Commercial for rent,"Main Road Shop On Rent
 700 sq. ft",success,https://media.zameen.com/thumbnails/300587828-400x300.jpeg,,https://www.zameen.com/Property/gulshan_e_iqbal_town_bahadurabad_main_road_shop_on_rent-54110965-524-4.html,dataset_zameen-property-scraper_2026-09-21_19-39-53-352.csv,dataset_zameen-property-scraper_2026-09-21_19-39-53-352_54110965
2026-09-21T19:39:53.197Z,search,Added: 8 minutes ago,,289 Sq. Yd.,Sq Yd,289.0,Trusted,,,rental-commercial,Karachi,2,PKR,rent,54439722.0,"SMCHS - Sindhi Muslim Society, Jamshed Town",6.0,600000,6 Lakh,Shop On Rent Main Foodstreet,https://www.zameen.com/Rentals_Commercial/Karachi-2-1.html,Karachi · Commercial for rent,"Shop On Rent
main Smchs
main Food s",success,https://media.zameen.com/thumbnails/304333432-400x300.jpeg,,https://www.zameen.com/Property/jamshed_town_smchs_-_sindhi_muslim_society_shop_on_rent_main_foodstreet-54439722-418-4.html,dataset_zameen-property-scraper_2026-09-21_19-39-53-352.csv,dataset_zameen-property-scraper_2026-09-21_19-39-53-352_54439722
2026-09-21T19:39:53.234Z,search,Added: 8 minutes ago,,561 Sq. Yd.,Sq Yd,561.0,Trusted,,,rental-commercial,Karachi,2,PKR,rent,54456060.0,"Stadium Road, Karachi",5.0,2000000,20 Lakh,Main Stadium Road Shop On Rent,https://www.zameen.com/Rentals_Commercial/Karachi-2-1.html,Karachi · Commercial for rent,"Maim Stadium Road 
Shop On Rent
185",success,https://media.zameen.com/thumbnails/304497258-400x300.jpeg,,https://www.zameen.com/Property/karachi_stadium_road_main_stadium_road_shop_on_rent-54456060-8918-4.html,dataset_zameen-property-scraper_2026-09-21_19-39-53-352.csv,dataset_zameen-property-scraper_2026-09-21_19-39-53-352_54456060
2026-09-21T19:39:53.273Z,search,Added: 1 hour ago,,200 Sq. Yd.,Sq Yd,200.0,Trusted,,,rental-commercial,Karachi,2,PKR,rent,54775171.0,"PECHS Block 2, PECHS",10.0,110000,1.1 Lakh,for commercial use,https://www.zameen.com/Rentals_Commercial/Karachi-2-1.html,Karachi · Commercial for rent,4 room one washrooms pechs blk2 jus,success,https://media.zameen.com/thumbnails/307566586-400x300.jpeg,(Updated: 1 hour ago),https://www.zameen.com/Property/pechs_pechs_block_2_for_commercial_use-54775171-6933-4.html,dataset_zameen-property-scraper_2026-09-21_19-39-53-352.csv,dataset_zameen-property-scraper_2026-09-21_19-39-53-352_54775171
2026-09-21T19:39:53.324Z,search,Added: 1 hour ago,,233 Sq. Yd.,Sq Yd,233.0,Trusted,,,rental-commercial,Karachi,2,PKR,rent,54384936.0,"DHA Phase 8, DHA Defence",15.0,450000,4.5 Lakh,Brand New Executice Office Space For Rent 2100 Sqft 3rd Floor With Lift,https://www.zameen.com/Rentals_Commercial/Karachi-2-1.html,Karachi · Commercial for rent,Executive Office For Rent Main Zulf,success,https://media.zameen.com/thumbnails/303787672-400x300.jpeg,,https://www.zameen.com/Property/dha_defence_dha_phase_8_brand_new_executice_office_space_for_rent_2100_sqft_3rd_floor_with_lift-54384936-1485-4.html,dataset_zameen-property-scraper_2026-09-21_19-39-53-352.csv,dataset_zameen-property-scraper_2026-09-21_19-39-53-352_54384936
2026-09-21T19:40:27.042Z,search,Added: 5 hours ago,Titanium,"1,558 sqft",sqft,1558.0,super hot,3.0,2.0,flats,Islamabad,3,PKR,sale,53323941.0,"Cube Apartments, Bahria Enclave",27.0,20500000,2.05 Crore,Bahria Enclave 2 Bed Cube Apartment 1558 Sq Feet Possession Utility Circulation Charges Paid On Murree Facing Available For Sale,https://www.zameen.com/Flats_Apartments/Islamabad-3-1.html,Islamabad · Flats & apartments for sale,Bahria Enclave 2 Bed Cube Apartment,success,https://media.zameen.com/thumbnails/302116017-400x300.jpeg,(Updated: 5 hours ago),https://www.zameen.com/Property/bahria_enclave_cube_apartments_bahria_enclave_2_bed_cube_apartment_1558_sq_feet_possession_utility_circulation_charges_paid_on_murree_facing_available_for_sale-53323941-21520-1.html,dataset_zameen-property-scraper_2026-09-21_19-40-28-331.csv,dataset_zameen-property-scraper_2026-09-21_19-40-28-331_53323941
2026-09-21T19:40:27.186Z,search,Added: 7 hours ago,Titanium,700 sqft,sqft,700.0,super hot,2.0,2.0,flats,Islamabad,3,PKR,sale,54774258.0,"G-11/3, G-11",11.0,18000000,1.8 Crore,BEAUTIFUL FLAT FOR SALE G-11/3 ISLAMABAD,https://www.zameen.com/Flats_Apartments/Islamabad-3-1.html,Islamabad · Flats & apartments for sale,FGEHA FEDERAL GOVERNMENT HOUSING AU,success,https://media.zameen.com/thumbnails/307559111-400x300.jpeg,,https://www.zameen.com/Property/g_11_g-11_3_beautiful_flat_for_sale_g-11_3_islamabad-54774258-3332-1.html,dataset_zameen-property-scraper_2026-09-21_19-40-28-331.csv,dataset_zameen-property-scraper_2026-09-21_19-40-28-331_54774258
2026-09-21T19:40:27.262Z,search,Added: 14 hours ago,Titanium,912 sqft,sqft,912.0,super hot,2.0,2.0,flats,Islamabad,3,PKR,sale,16.0,"I-16, Islamabad",6.0,6500000,65 Lakh,PHA APARTMENT AVAILABLE FOR SALE IN I-16,https://www.zameen.com/Flats_Apartments/Islamabad-3-1.html,Islamabad · Flats & apartments for sale,"I-16 PHA FLAT AVAILABLE
E TYPE FLAT",success,https://media.zameen.com/thumbnails/307315263-400x300.jpeg,,https://www.zameen.com/Property/islamabad_i-16_pha_apartment_available_for_sale_in_i-16-54749067-449-1.html,dataset_zameen-property-scraper_2026-09-21_19-40-28-331.csv,dataset_zameen-property-scraper_2026-09-21_19-40-28-331_16
2026-09-21T19:40:27.309Z,search,Added: 3 days ago,Titanium,550 sqft,sqft,550.0,super hot,1.0,1.0,flats,Islamabad,3,PKR,sale,1.0,"Top City 1, Islamabad",5.0,5900000,59 Lakh,FOR SALE 550 sqft 1-Bed Apartment on Installment TOP CITY-1,https://www.zameen.com/Flats_Apartments/Islamabad-3-1.html,Islamabad · Flats & apartments for sale,"TOP CITY-1 
Residential Apartments",success,https://media.zameen.com/thumbnails/307140311-400x300.jpeg,(Updated: 3 days ago),https://www.zameen.com/Property/islamabad_top_city_1_for_sale_550_sqft_1-bed_apartment_on_installment_top_city-1-54731257-1383-1.html,dataset_zameen-property-scraper_2026-09-21_19-40-28-331.csv,dataset_zameen-property-scraper_2026-09-21_19-40-28-331_1
2026-09-21T19:40:27.355Z,search,Added: 3 days ago,Titanium,622 sqft,sqft,622.0,super hot,1.0,2.0,flats,Islamabad,3,PKR,sale,54764795.0,"Goldcrest Highlife, DHA Defence Phase 2",2.0,5000000,50 Lakh,Signature Properties Offer Most Luxuries 1 Bed Apartment In Goldcrest Highlife-1 Available For Sale Near GIGA Mall DHA Phase-II Islamabad,https://www.zameen.com/Flats_Apartments/Islamabad-3-1.html,Islamabad · Flats & apartments for sale,Highly recommended for investment a,success,https://media.zameen.com/thumbnails/307467418-400x300.jpeg,(Updated: 13 hours ago),https://www.zameen.com/Property/dha_defence_phase_2_goldcrest_highlife_signature_properties_offer_most_luxuries_1_bed_apartment_in_goldcrest_highlife-1_available_for_sale_near_giga_mall_dha_phase-ii_islamabad-54764795-21059-1.html,dataset_zameen-property-scraper_2026-09-21_19-40-28-331.csv,dataset_zameen-property-scraper_2026-09-21_19-40-28-331_54764795
2026-09-21T19:40:27.420Z,search,Added: 52 minutes ago,,"1,400 sqft",sqft,1400.0,super hot,3.0,3.0,flats,Islamabad,3,PKR,sale,54775179.0,"El Cielo, GT Road",24.0,17000000,1.7 Crore,Brand New 3-Bedroom Corner Apartment for Sale El Silo B Block,https://www.zameen.com/Flats_Apartments/Islamabad-3-1.html,Islamabad · Flats & apartments for sale,"A brand-new, spacious 3-bedroom cor",success,https://media.zameen.com/thumbnails/307566674-400x300.jpeg,,https://www.zameen.com/Property/gt_road_el_cielo_brand_new_3-bedroom_corner_apartment_for_sale_el_silo_b_block-54775179-10358-1.html,dataset_zameen-property-scraper_2026-09-21_19-40-28-331.csv,dataset_zameen-property-scraper_2026-09-21_19-40-28-331_54775179
2026-09-21T19:40:27.456Z,search,Added: 7 hours ago,,"1,160 sqft",sqft,1160.0,super hot,2.0,2.0,flats,Islamabad,3,PKR,sale,54700870.0,"Defence Residency, DHA Defence Phase 2",25.0,11000000,1.1 Crore,Tarrace Two Bedroom Flat Available For Sale In Dha Phase 2 Islamabad.,https://www.zameen.com/Flats_Apartments/Islamabad-3-1.html,Islamabad · Flats & apartments for sale,This is two bedrooms with Attached,success,https://media.zameen.com/thumbnails/307079703-400x300.jpeg,,https://www.zameen.com/Property/dha_defence_phase_2_defence_residency_tarrace_two_bedroom_flat_available_for_sale_in_dha_phase_2_islamabad-54700870-9914-1.html,dataset_zameen-property-scraper_2026-09-21_19-40-28-331.csv,dataset_zameen-property-scraper_2026-09-21_19-40-28-331_54700870
2026-09-21T19:40:27.496Z,search,Added: 8 hours ago,,"1,220 sqft",sqft,1220.0,super hot,2.0,2.0,flats,Islamabad,3,PKR,sale,54500245.0,"Top City 1 - Block J, Top City 1",6.0,10000000,1 Crore,Beautiful Margalla View 2 Bed Apartment Available On Installments,https://www.zameen.com/Flats_Apartments/Islamabad-3-1.html,Islamabad · Flats & apartments for sale,MARINA RESIDENCE Luxury Living in T,success,https://media.zameen.com/thumbnails/304939550-400x300.jpeg,,https://www.zameen.com/Property/top_city_1_top_city_1_-_block_j_beautiful_margalla_view_2_bed_apartment_available_on_installments-54500245-16276-1.html,dataset_zameen-property-scraper_2026-09-21_19-40-28-331.csv,dataset_zameen-property-scraper_2026-09-21_19-40-28-331_54500245
2026-09-21T19:40:27.545Z,search,Added: 12 hours ago,,"1,475 sqft",sqft,1475.0,super hot,3.0,3.0,flats,Islamabad,3,PKR,sale,54735517.0,"Luxus Mall and Residency, Gulberg Greens - Block B",21.0,25000000,2.5 Crore,3 Bedroom Apartments Available For Sale Luxus Mall,https://www.zameen.com/Flats_Apartments/Islamabad-3-1.html,Islamabad · Flats & apartments for sale,Gulberg Green Islamabad Luxus Mall,success,https://media.zameen.com/thumbnails/307186127-400x300.jpeg,(Updated: 12 hours ago),https://www.zameen.com/Property/gulberg_greens_block_b_luxus_mall_and_residency_3_bedroom_apartments_available_for_sale_luxus_mall-54735517-10572-1.html,dataset_zameen-property-scraper_2026-09-21_19-40-28-331.csv,dataset_zameen-property-scraper_2026-09-21_19-40-28-331_54735517
2026-09-21T19:40:27.599Z,search,Added: 12 hours ago,,900 sqft,sqft,900.0,super hot,2.0,2.0,flats,Islamabad,3,PKR,sale,54627312.0,"Goldcrest Views, DHA Defence Phase 2",5.0,12900000,1.29 Crore,Executive Apartment On Instalments Available For Sale At Prime Location Of ISB,https://www.zameen.com/Flats_Apartments/Islamabad-3-1.html,Islamabad · Flats & apartments for sale,Executive Apartment on Instalments,success,https://media.zameen.com/thumbnails/306139934-400x300.jpeg,,https://www.zameen.com/Property/dha_defence_phase_2_goldcrest_views_executive_apartment_on_instalments_available_for_sale_at_prime_location_of_isb-54627312-18358-1.html,dataset_zameen-property-scraper_2026-09-21_19-40-28-331.csv,dataset_zameen-property-scraper_2026-09-21_19-40-28-331_54627312
2026-09-21T19:40:27.637Z,search,Added: 7 hours ago,Titanium,"1,475 sqft",sqft,1475.0,Trusted,3.0,3.0,flats,Islamabad,3,PKR,sale,54751193.0,"Gulberg Greens, Gulberg",10.0,23500000,2.35 Crore,Luxury 3-Bedroom Apartment for Sale in Gulberg Green Islamabad,https://www.zameen.com/Flats_Apartments/Islamabad-3-1.html,Islamabad · Flats & apartments for sale,3-Bedroom Apartment for Sale Luxus,success,https://media.zameen.com/thumbnails/307336268-400x300.jpeg,,https://www.zameen.com/Property/gulberg_gulberg_greens_luxury_3-bedroom_apartment_for_sale_in_gulberg_green_islamabad-54751193-8312-1.html,dataset_zameen-property-scraper_2026-09-21_19-40-28-331.csv,dataset_zameen-property-scraper_2026-09-21_19-40-28-331_54751193
2026-09-21T19:40:27.674Z,search,Added: 8 hours ago,Titanium,"1,700 sqft",sqft,1700.0,Trusted,2.0,2.0,flats,Islamabad,3,PKR,sale,54649313.0,"The Arch, G-11/3",49.0,32000000,3.2 Crore,Luxury Apartment For Sale,https://www.zameen.com/Flats_Apartments/Islamabad-3-1.html,Islamabad · Flats & apartments for sale,The Arch | G-11/3 Apartment For Sal,success,https://media.zameen.com/thumbnails/306364904-400x300.jpeg,,https://www.zameen.com/Property/g_11_3_the_arch_luxury_apartment_for_sale-54649313-12793-1.html,dataset_zameen-property-scraper_2026-09-21_19-40-28-331.csv,dataset_zameen-property-scraper_2026-09-21_19-40-28-331_54649313
2026-09-21T19:40:27.717Z,search,Added: 0 minutes ago,,"2,015 sqft",sqft,2015.0,,4.0,3.0,flats,Islamabad,3,PKR,sale,54634573.0,"Sukh Chayn Residence, F-10",45.0,90000000,9 Crore,Sukh Chayn Residence 3 Bedroom Type D Apartment Available For Sale Beautiful Location,https://www.zameen.com/Flats_Apartments/Islamabad-3-1.html,Islamabad · Flats & apartments for sale,Sukh Chayn Recidence F-10 Type D 3,success,https://media.zameen.com/thumbnails/306212717-400x300.jpeg,,https://www.zameen.com/Property/f_10_sukh_chayn_residence_sukh_chayn_residence_3_bedroom_type_d_apartment_available_for_sale_beautiful_location-54634573-13589-1.html,dataset_zameen-property-scraper_2026-09-21_19-40-28-331.csv,dataset_zameen-property-scraper_2026-09-21_19-40-28-331_54634573
2026-09-21T19:40:27.758Z,search,Added: 4 hours ago,,"2,458 sqft",sqft,2458.0,,5.0,3.0,flats,Islamabad,3,PKR,sale,54771626.0,"Bahria Enclave, Bahria Town",11.0,19800000,1.98 Crore,3 Bedroom Apartment for Sale Bahria Enclave Islamabad,https://www.zameen.com/Flats_Apartments/Islamabad-3-1.html,Islamabad · Flats & apartments for sale,3 Bedroom Apartment for Sale Bahria,success,https://media.zameen.com/thumbnails/307534223-400x300.jpeg,(Updated: 3 hours ago),https://www.zameen.com/Property/bahria_town_bahria_enclave_3_bedroom_apartment_for_sale_bahria_enclave_islamabad-54771626-1705-1.html,dataset_zameen-property-scraper_2026-09-21_19-40-28-331.csv,dataset_zameen-property-scraper_2026-09-21_19-40-28-331_54771626
2026-09-21T19:40:27.799Z,search,Added: 5 hours ago,,938 sqft,sqft,938.0,,2.0,2.0,flats,Islamabad,3,PKR,sale,54774556.0,"Faisal Town - F-18, Islamabad",7.0,10500000,1.05 Crore,2 Bed Flat For Sale All Amenities Available,https://www.zameen.com/Flats_Apartments/Islamabad-3-1.html,Islamabad · Flats & apartments for sale,"2 Bedroom Flat
Original picture att",success,https://media.zameen.com/thumbnails/307561784-400x300.jpeg,,https://www.zameen.com/Property/islamabad_faisal_town_-_f-18_2_bed_flat_for_sale_all_amenities_available-54774556-8260-1.html,dataset_zameen-property-scraper_2026-09-21_19-40-28-331.csv,dataset_zameen-property-scraper_2026-09-21_19-40-28-331_54774556
2026-09-21T19:40:27.857Z,search,Added: 5 hours ago,,200 sqft,sqft,200.0,Trusted,1.0,,flats,Islamabad,3,PKR,sale,53784064.0,"Soan Garden - Block H, Soan Garden",12.0,1900000,19 Lakh,New Studio Apartment Soan Garden Block H Express Heigh Way Islamabad,https://www.zameen.com/Flats_Apartments/Islamabad-3-1.html,Islamabad · Flats & apartments for sale,Brand New Studio Apartment Availabl,success,https://media.zameen.com/thumbnails/300518525-400x300.jpeg,,https://www.zameen.com/Property/soan_garden_soan_garden_-_block_h_new_studio_apartment_soan_garden_block_h_express_heigh_way_islamabad-53784064-3498-1.html,dataset_zameen-property-scraper_2026-09-21_19-40-28-331.csv,dataset_zameen-property-scraper_2026-09-21_19-40-28-331_53784064
2026-09-21T19:40:27.902Z,search,Added: 6 hours ago,,"1,450 sqft",sqft,1450.0,,2.0,2.0,flats,Islamabad,3,PKR,sale,54774390.0,"E-11, Islamabad",14.0,20000000,2 Crore,2 Bed Apartment Fully Furnished Available For Sale Madina Tower,https://www.zameen.com/Flats_Apartments/Islamabad-3-1.html,Islamabad · Flats & apartments for sale,2 Bed Apartment for Sale in E-11 Is,success,https://media.zameen.com/thumbnails/307560201-400x300.jpeg,(Updated: 6 hours ago),https://www.zameen.com/Property/islamabad_e-11_2_bed_apartment_fully_furnished_available_for_sale_madina_tower-54774390-329-1.html,dataset_zameen-property-scraper_2026-09-21_19-40-28-331.csv,dataset_zameen-property-scraper_2026-09-21_19-40-28-331_54774390
2026-09-21T19:40:27.954Z,search,Added: 0 minutes ago,Titanium,"1,279 sqft",sqft,1279.0,Trusted,2.0,2.0,flats,Islamabad,3,PKR,sale,54617188.0,"Top City 1, Islamabad",24.0,24300000,2.43 Crore,2 Bed Apartments For Sale Topcity1 Islamabad visit Anytime,https://www.zameen.com/Flats_Apartments/Islamabad-3-1.html,Islamabad · Flats & apartments for sale,Top City-1 Islamabad 2 Bed Apartmen,success,https://media.zameen.com/thumbnails/306051396-400x300.jpeg,(Updated: 0 minutes ago),https://www.zameen.com/Property/islamabad_top_city_1_2_bed_apartments_for_sale_topcity1_islamabad_visit_anytime-54617188-1383-1.html,dataset_zameen-property-scraper_2026-09-21_19-40-28-331.csv,dataset_zameen-property-scraper_2026-09-21_19-40-28-331_54617188
2026-09-21T19:40:28.009Z,search,Added: 1 hour ago,,"1,200 sqft",sqft,1200.0,,3.0,3.0,flats,Islamabad,3,PKR,sale,51100169.0,"Capital Resorts, E-11/4",8.0,13500000,1.35 Crore,Three Bedroom Apartment Available For Sale In Capital Resorts,https://www.zameen.com/Flats_Apartments/Islamabad-3-1.html,Islamabad · Flats & apartments for sale,Three-bedroom apartments are now av,success,https://media.zameen.com/thumbnails/299976919-400x300.jpeg,(Updated: 39 minutes ago),https://www.zameen.com/Property/e_11_4_capital_resorts_three_bedroom_apartment_available_for_sale_in_capital_resorts-51100169-10725-1.html,dataset_zameen-property-scraper_2026-09-21_19-40-28-331.csv,dataset_zameen-property-scraper_2026-09-21_19-40-28-331_51100169
2026-09-21T19:40:28.046Z,search,Added: 1 hour ago,,950 sqft,sqft,950.0,,2.0,2.0,flats,Islamabad,3,PKR,sale,51100159.0,"Capital Resorts, E-11/4",7.0,10500000,1.05 Crore,Two Bedroom Apartment Available For Sale In Capital Resorts,https://www.zameen.com/Flats_Apartments/Islamabad-3-1.html,Islamabad · Flats & apartments for sale,1. Two-bedroom apartments are now a,success,https://media.zameen.com/thumbnails/299976910-400x300.jpeg,(Updated: 39 minutes ago),https://www.zameen.com/Property/e_11_4_capital_resorts_two_bedroom_apartment_available_for_sale_in_capital_resorts-51100159-10725-1.html,dataset_zameen-property-scraper_2026-09-21_19-40-28-331.csv,dataset_zameen-property-scraper_2026-09-21_19-40-28-331_51100159
2026-09-21T19:40:28.083Z,search,Added: 1 hour ago,,700 sqft,sqft,700.0,,1.0,1.0,flats,Islamabad,3,PKR,sale,53291217.0,"Capital Residencia, Margalla Hills-2",7.0,13000000,1.3 Crore,One Bedroom Apartment Available For Sale In Capital Residencia E-11/4,https://www.zameen.com/Flats_Apartments/Islamabad-3-1.html,Islamabad · Flats & apartments for sale,Discover your perfect urban retreat,success,https://media.zameen.com/thumbnails/299976889-400x300.jpeg,(Updated: 37 minutes ago),https://www.zameen.com/Property/margalla_hills_2_capital_residencia_one_bedroom_apartment_available_for_sale_in_capital_residencia_e-11_4-53291217-10573-1.html,dataset_zameen-property-scraper_2026-09-21_19-40-28-331.csv,dataset_zameen-property-scraper_2026-09-21_19-40-28-331_53291217
2026-09-21T19:40:28.166Z,search,Added: 1 hour ago,,"1,700 sqft",sqft,1700.0,,3.0,3.0,flats,Islamabad,3,PKR,sale,43961182.0,"Capital Residencia, Margalla Hills-2",23.0,19500000,1.95 Crore,Brand New Three Bed Apartment Available for sale In Capital Residencia E11,https://www.zameen.com/Flats_Apartments/Islamabad-3-1.html,Islamabad · Flats & apartments for sale,Your Own Flat In A Thriving Locatio,success,https://media.zameen.com/thumbnails/301199515-400x300.jpeg,(Updated: 40 minutes ago),https://www.zameen.com/Property/margalla_hills_2_capital_residencia_brand_new_three_bed_apartment_available_for_sale_in_capital_residencia_e11-43961182-10573-1.html,dataset_zameen-property-scraper_2026-09-21_19-40-28-331.csv,dataset_zameen-property-scraper_2026-09-21_19-40-28-331_43961182
2026-09-21T19:40:28.205Z,search,Added: 1 hour ago,,600 sqft,sqft,600.0,,1.0,1.0,flats,Islamabad,3,PKR,sale,11.0,"Capital Residencia, Margalla Hills-2",7.0,11000000,1.1 Crore,One Bedroom Apartment Available For Sale In Capital Residencia Sector E-11,https://www.zameen.com/Flats_Apartments/Islamabad-3-1.html,Islamabad · Flats & apartments for sale,Discover your new home in the heart,success,https://media.zameen.com/thumbnails/299977071-400x300.jpeg,(Updated: 39 minutes ago),https://www.zameen.com/Property/margalla_hills_2_capital_residencia_one_bedroom_apartment_available_for_sale_in_capital_residencia_sector_e-11-51091409-10573-1.html,dataset_zameen-property-scraper_2026-09-21_19-40-28-331.csv,dataset_zameen-property-scraper_2026-09-21_19-40-28-331_11
2026-09-21T19:40:28.259Z,search,Added: 1 hour ago,,"2,400 sqft",sqft,2400.0,Trusted,4.0,4.0,flats,Islamabad,3,PKR,sale,50050276.0,"Capital Residencia, Margalla Hills-2",32.0,33000000,3.3 Crore,4 Bedroom Unfurnished Apartment For Sale In Capital Residencia E11,https://www.zameen.com/Flats_Apartments/Islamabad-3-1.html,Islamabad · Flats & apartments for sale,Capital Residencia Is Building The,success,https://media.zameen.com/thumbnails/299987944-400x300.jpeg,,https://www.zameen.com/Property/margalla_hills_2_capital_residencia_4_bedroom_unfurnished_apartment_for_sale_in_capital_residencia_e11-50050276-10573-1.html,dataset_zameen-property-scraper_2026-09-21_19-40-28-331.csv,dataset_zameen-property-scraper_2026-09-21_19-40-28-331_50050276
2026-09-21T19:40:28.318Z,search,Added: 3 hours ago,,700 sqft,sqft,700.0,Verified,2.0,2.0,flats,Islamabad,3,PKR,sale,54703376.0,"MPCHS - Block B, MPCHS - Multi Gardens",9.0,8500000,85 Lakh,700 Square Feet Flat For Sale In MPCHS - Block B,https://www.zameen.com/Flats_Apartments/Islamabad-3-1.html,Islamabad · Flats & apartments for sale,"BANK LOAN AVAILABLE


 2 Bed Apartm",success,https://media.zameen.com/thumbnails/306877733-400x300.jpeg,,https://www.zameen.com/Property/mpchs_multi_gardens_mpchs_-_block_b_700_square_feet_flat_for_sale_in_mpchs_-_block_b-54703376-3117-1.html,dataset_zameen-property-scraper_2026-09-21_19-40-28-331.csv,dataset_zameen-property-scraper_2026-09-21_19-40-28-331_54703376
2026-09-21T19:41:14.142Z,search,Added: 3 hours ago,Titanium,14 Marla,Marla,14.0,super hot,,,plots,Islamabad,3,PKR,sale,54774992.0,"E-12/1, E-12",8.0,55000000,5.5 Crore,14 Marla Residential Plot For sale In Beautiful E-12/1,https://www.zameen.com/Plots/Islamabad-3-1.html,Islamabad · Plots for sale,Title. *E12/1 40x80 Corner Sunface,success,https://media.zameen.com/thumbnails/307565397-400x300.jpeg,,https://www.zameen.com/Property/e_12_e-12_1_14_marla_residential_plot_for_sale_in_beautiful_e-12_1-54774992-8177-2.html,dataset_zameen-property-scraper_2026-09-21_19-41-15-481.csv,dataset_zameen-property-scraper_2026-09-21_19-41-15-481_54774992
2026-09-21T19:41:14.226Z,search,Added: 3 hours ago,Titanium,1 Kanal,Kanal,1.0,super hot,,,plots,Islamabad,3,PKR,sale,54774993.0,"E-12/2, E-12",8.0,95000000,9.5 Crore,Residential Plot Is Available For sale In E-12/2,https://www.zameen.com/Plots/Islamabad-3-1.html,Islamabad · Plots for sale,Title. *E12/2 50x90 End corner with,success,https://media.zameen.com/thumbnails/307565405-400x300.jpeg,,https://www.zameen.com/Property/e_12_e-12_2_residential_plot_is_available_for_sale_in_e-12_2-54774993-8178-2.html,dataset_zameen-property-scraper_2026-09-21_19-41-15-481.csv,dataset_zameen-property-scraper_2026-09-21_19-41-15-481_54774993
2026-09-21T19:41:14.292Z,search,Added: 3 hours ago,Titanium,8 Marla,Marla,8.0,super hot,,,plots,Islamabad,3,PKR,sale,54774995.0,"E-12/2, E-12",8.0,42500000,4.25 Crore,Ideal Residential Plot For sale In E-12/2,https://www.zameen.com/Plots/Islamabad-3-1.html,Islamabad · Plots for sale,Title. *E12/2 30x60 3side corner wi,success,https://media.zameen.com/thumbnails/307565413-400x300.jpeg,,https://www.zameen.com/Property/e_12_e-12_2_ideal_residential_plot_for_sale_in_e-12_2-54774995-8178-2.html,dataset_zameen-property-scraper_2026-09-21_19-41-15-481.csv,dataset_zameen-property-scraper_2026-09-21_19-41-15-481_54774995
2026-09-21T19:41:14.341Z,search,Added: 3 hours ago,Titanium,1 Kanal,Kanal,1.0,super hot,,,plots,Islamabad,3,PKR,sale,54522437.0,"C-15, Islamabad",5.0,40000000,4 Crore,Main Margalla Road Plot Available 1 Kanal In C-15 Margalla Face,https://www.zameen.com/Plots/Islamabad-3-1.html,Islamabad · Plots for sale,1 Kanal Residential Plot Available,success,https://media.zameen.com/thumbnails/305163662-400x300.jpeg,(Updated: 3 hours ago),https://www.zameen.com/Property/islamabad_c-15_main_margalla_road_plot_available_1_kanal_in_c-15_margalla_face-54522437-8915-2.html,dataset_zameen-property-scraper_2026-09-21_19-41-15-481.csv,dataset_zameen-property-scraper_2026-09-21_19-41-15-481_54522437
2026-09-21T19:41:14.384Z,search,Added: 5 hours ago,Titanium,8 Marla,Marla,8.0,super hot,,,plots,Islamabad,3,PKR,sale,54774539.0,"DHA Valley - Oleander Sector, DHA Valley",1.0,7500000,75 Lakh,8marla plot for sale,https://www.zameen.com/Plots/Islamabad-3-1.html,Islamabad · Plots for sale,8marla plot for sale in oleander bl,success,https://media.zameen.com/thumbnails/307561624-400x300.jpeg,,https://www.zameen.com/Property/dha_valley_dha_valley_-_oleander_sector_8marla_plot_for_sale-54774539-3213-2.html,dataset_zameen-property-scraper_2026-09-21_19-41-15-481.csv,dataset_zameen-property-scraper_2026-09-21_19-41-15-481_54774539
2026-09-21T19:41:14.440Z,search,Added: 3 hours ago,,1 Kanal,Kanal,1.0,super hot,,,plots,Islamabad,3,PKR,sale,54535986.0,"C-15, Islamabad",9.0,42000000,4.2 Crore,1 KANAL PLOT IN DOUBLE ROAD MARGALLA FACE,https://www.zameen.com/Plots/Islamabad-3-1.html,Islamabad · Plots for sale,1 KANAL PLOT IN DOUBLE ROAD CUTTING,success,https://media.zameen.com/thumbnails/305277690-400x300.jpeg,(Updated: 2 hours ago),https://www.zameen.com/Property/islamabad_c-15_1_kanal_plot_in_double_road_margalla_face-54535986-8915-2.html,dataset_zameen-property-scraper_2026-09-21_19-41-15-481.csv,dataset_zameen-property-scraper_2026-09-21_19-41-15-481_54535986
2026-09-21T19:41:14.490Z,search,Added: 3 hours ago,,1 Kanal,Kanal,1.0,super hot,,,plots,Islamabad,3,PKR,sale,54652357.0,"C-15, Islamabad",10.0,50000000,5 Crore,C-15 Residential Plot Sized 1 Kanal For Sale,https://www.zameen.com/Plots/Islamabad-3-1.html,Islamabad · Plots for sale,"Demand 325
The well planned city ce",success,https://media.zameen.com/thumbnails/306392702-400x300.jpeg,,https://www.zameen.com/Property/islamabad_c-15_c-15_residential_plot_sized_1_kanal_for_sale-54652357-8915-2.html,dataset_zameen-property-scraper_2026-09-21_19-41-15-481.csv,dataset_zameen-property-scraper_2026-09-21_19-41-15-481_54652357
2026-09-21T19:41:14.544Z,search,Added: 3 hours ago,,1 Kanal,Kanal,1.0,super hot,,,plots,Islamabad,3,PKR,sale,54670614.0,"C-15, Islamabad",7.0,43000000,4.3 Crore,FRONT OPEN PLOT AVAILABLE IN C-15 MARGALLA FACE,https://www.zameen.com/Plots/Islamabad-3-1.html,Islamabad · Plots for sale,"MARGALLA FACE 
FRONT OPEN PLOT AVAI",success,https://media.zameen.com/thumbnails/306555915-400x300.jpeg,,https://www.zameen.com/Property/islamabad_c-15_front_open_plot_available_in_c-15_margalla_face-54670614-8915-2.html,dataset_zameen-property-scraper_2026-09-21_19-41-15-481.csv,dataset_zameen-property-scraper_2026-09-21_19-41-15-481_54670614
2026-09-21T19:41:14.592Z,search,Added: 5 hours ago,,10 Marla,Marla,10.0,super hot,,,plots,Islamabad,3,PKR,sale,54734038.0,"Faisal Hills - Block B, Faisal Hills",4.0,10500000,1.05 Crore,"FOR SALE | Plot 783, Block B Faisal Hills",https://www.zameen.com/Plots/Islamabad-3-1.html,Islamabad · Plots for sale,"Location: Block B, Faisal Hills, Is",success,https://media.zameen.com/thumbnails/307172155-400x300.jpeg,,https://www.zameen.com/Property/faisal_hills_faisal_hills_-_block_b_for_sale_plot_783_block_b_faisal_hills-54734038-12656-2.html,dataset_zameen-property-scraper_2026-09-21_19-41-15-481.csv,dataset_zameen-property-scraper_2026-09-21_19-41-15-481_54734038
2026-09-21T19:41:14.654Z,search,Added: 5 hours ago,,1.2 Kanal,Kanal,1.2,super hot,,,plots,Islamabad,3,PKR,sale,54622211.0,"Bani Gala, Islamabad",12.0,37000000,3.7 Crore,25 Marla Plot Available For Sale In Bani Gala Islamabad Best Location For Your Dream House,https://www.zameen.com/Plots/Islamabad-3-1.html,Islamabad · Plots for sale,25 Marla Plot Available For Sale In,success,https://media.zameen.com/thumbnails/306229963-400x300.jpeg,,https://www.zameen.com/Property/islamabad_bani_gala_25_marla_plot_available_for_sale_in_bani_gala_islamabad_best_location_for_your_dream_house-54622211-340-2.html,dataset_zameen-property-scraper_2026-09-21_19-41-15-481.csv,dataset_zameen-property-scraper_2026-09-21_19-41-15-481_54622211
2026-09-21T19:41:14.701Z,search,Added: 1 hour ago,Titanium,5 Marla,Marla,5.0,Trusted,,,plots,Islamabad,3,PKR,sale,54686324.0,"I-12, Islamabad",5.0,15500000,1.55 Crore,I-12/3 plot for sale park face size 25x50,https://www.zameen.com/Plots/Islamabad-3-1.html,Islamabad · Plots for sale,I-12/3 plot for sale park face size,success,https://media.zameen.com/thumbnails/306705508-400x300.jpeg,,https://www.zameen.com/Property/islamabad_i-12_i-12_3_plot_for_sale_park_face_size_25x50-54686324-1418-2.html,dataset_zameen-property-scraper_2026-09-21_19-41-15-481.csv,dataset_zameen-property-scraper_2026-09-21_19-41-15-481_54686324
2026-09-21T19:41:14.757Z,search,Added: 1 hour ago,Titanium,8 Marla,Marla,8.0,Trusted,,,plots,Islamabad,3,PKR,sale,54739933.0,"I-12, Islamabad",5.0,21500000,2.15 Crore,I-12/4 Plot For Sale Size 30x60 Ideally Located,https://www.zameen.com/Plots/Islamabad-3-1.html,Islamabad · Plots for sale,I-12/4 Plot For Sale Size 30x60 Ide,success,https://media.zameen.com/thumbnails/307231989-400x300.jpeg,,https://www.zameen.com/Property/islamabad_i-12_i-12_4_plot_for_sale_size_30x60_ideally_located-54739933-1418-2.html,dataset_zameen-property-scraper_2026-09-21_19-41-15-481.csv,dataset_zameen-property-scraper_2026-09-21_19-41-15-481_54739933
2026-09-21T19:41:14.804Z,search,Added: 35 minutes ago,,1 Kanal,Kanal,1.0,Trusted,,,plots,Islamabad,3,PKR,sale,54451560.0,"Margalla Enclave, Margalla Avenue",18.0,89000000,8.9 Crore,1 Kanal Plot Available For Sale,https://www.zameen.com/Plots/Islamabad-3-1.html,Islamabad · Plots for sale,"If you are on a budget, then the pr",success,https://media.zameen.com/thumbnails/304603626-400x300.jpeg,,https://www.zameen.com/Property/margalla_avenue_margalla_enclave_1_kanal_plot_available_for_sale-54451560-21436-2.html,dataset_zameen-property-scraper_2026-09-21_19-41-15-481.csv,dataset_zameen-property-scraper_2026-09-21_19-41-15-481_54451560
2026-09-21T19:41:14.859Z,search,Added: 35 minutes ago,,10 Marla,Marla,10.0,Trusted,,,plots,Islamabad,3,PKR,sale,54762176.0,"Margalla Enclave, Margalla Avenue",13.0,48000000,4.8 Crore,10 Marla Plot Available For Sale,https://www.zameen.com/Plots/Islamabad-3-1.html,Islamabad · Plots for sale,Nice Location Reasonable,success,https://media.zameen.com/thumbnails/307467307-400x300.jpeg,,https://www.zameen.com/Property/margalla_avenue_margalla_enclave_10_marla_plot_available_for_sale-54762176-21436-2.html,dataset_zameen-property-scraper_2026-09-21_19-41-15-481.csv,dataset_zameen-property-scraper_2026-09-21_19-41-15-481_54762176
2026-09-21T19:41:14.909Z,search,Added: 48 minutes ago,,1 Kanal,Kanal,1.0,Trusted,,,plots,Islamabad,3,PKR,sale,54714976.0,"Park Enclave 1, Park Enclave",1.0,53500000,5.35 Crore,"1 Kanal Plot, Park Enclave Ph 1, Chance Deal, Top Location. (No Dealers)",https://www.zameen.com/Plots/Islamabad-3-1.html,Islamabad · Plots for sale,"1 Kanal, 500sq yards plot For Sale,",success,https://media.zameen.com/thumbnails/306985341-400x300.jpeg,,https://www.zameen.com/Property/park_enclave_park_enclave_1_1_kanal_plot_park_enclave_ph_1_chance_deal_top_location_no_dealers-54714976-17148-2.html,dataset_zameen-property-scraper_2026-09-21_19-41-15-481.csv,dataset_zameen-property-scraper_2026-09-21_19-41-15-481_54714976
2026-09-21T19:41:14.958Z,search,Added: 1 hour ago,,10 Marla,Marla,10.0,,,,plots,Islamabad,3,PKR,sale,54291837.0,"Faisal Hills, Islamabad",,8800000,88 Lakh,10 MARLA (35x70) PLOT FOR SALE IN FAISAL HILLS BLOCK B | PRIME LOCATION | BACK TO MAIN BOULEVARD | PARK | MASJID | CRICKET GROUND | COMMERCIAL MARKET | BACK TO SERVICE ROAD,https://www.zameen.com/Plots/Islamabad-3-1.html,Islamabad · Plots for sale,Looking for a 35x70 plot for sale i,success,https://images.zameen.com/smap/400/300/33.70452437/72.767999145/image.jpeg?quality=80&imageformat=jpeg,,https://www.zameen.com/Property/islamabad_faisal_hills_10_marla_35x70_plot_for_sale_in_faisal_hills_block_b_prime_location_back_to_main_boulevard_park_masjid_cricket_ground_commercial_market_back_to_service_road-54291837-10859-2.html,dataset_zameen-property-scraper_2026-09-21_19-41-15-481.csv,dataset_zameen-property-scraper_2026-09-21_19-41-15-481_54291837
2026-09-21T19:41:15.009Z,search,Added: 1 hour ago,,4 Marla,Marla,4.0,,,,plots,Islamabad,3,PKR,sale,53541587.0,"DHA Phase 5 - Commercial Zone C6, DHA Defence Phase 5",11.0,41000000,4.1 Crore,Commercial Plot For Sale,https://www.zameen.com/Plots/Islamabad-3-1.html,Islamabad · Plots for sale,DHA Islamabad New Head Office Is Co,success,https://media.zameen.com/thumbnails/301447747-400x300.jpeg,,https://www.zameen.com/Property/dha_defence_phase_5_dha_phase_5_-_commercial_zone_c6_commercial_plot_for_sale-53541587-16401-2.html,dataset_zameen-property-scraper_2026-09-21_19-41-15-481.csv,dataset_zameen-property-scraper_2026-09-21_19-41-15-481_53541587
2026-09-21T19:41:15.056Z,search,Added: 3 minutes ago,Titanium,10 Marla,Marla,10.0,Trusted,,,plots,Islamabad,3,PKR,sale,54627853.0,"Airport Green Garden - Block A, Airport Green Garden",24.0,13000000,1.3 Crore,Airport Green Garden 10 Marla Plots For Sale Solid Area Prime Location Near Masjid Near Commercial Near School,https://www.zameen.com/Plots/Islamabad-3-1.html,Islamabad · Plots for sale,AIRPORT GREEN GARDEN A BLOCK | PRIM,success,https://media.zameen.com/thumbnails/306144842-400x300.jpeg,,https://www.zameen.com/Property/airport_green_garden_airport_green_garden_-_block_a_airport_green_garden_10_marla_plots_for_sale_solid_area_prime_location_near_masjid_near_commercial_near_school-54627853-19371-2.html,dataset_zameen-property-scraper_2026-09-21_19-41-15-481.csv,dataset_zameen-property-scraper_2026-09-21_19-41-15-481_54627853
2026-09-21T19:41:15.128Z,search,Added: 10 minutes ago,,1.2 Kanal,Kanal,1.2,Trusted,,,plots,Islamabad,3,PKR,sale,54091209.0,"D-12/2, D-12",1.0,138500000,13.85 Crore,D-12/2 ST NO 43 CORNOR PLOT Murree FACE Plot. Size 60 X 90 = 600 Yds Prime Location Margalla Hills Front Open Best Investment For Construction House Elite Class Location For Living Plot Very Reasonable Price,https://www.zameen.com/Plots/Islamabad-3-1.html,Islamabad · Plots for sale,D-12/2 ST NO 43 CORNOR PLOT Murree,success,https://media.zameen.com/thumbnails/302376453-400x300.jpeg,(Updated: 10 minutes ago),https://www.zameen.com/Property/d_12_d-12_2_d-12_2_st_no_43_cornor_plot_murree_face_plot_size_60_x_90_600_yds_prime_location_margalla_hills_front_open_best_investment_for_construction_house_elite_class_location_for_living_plot_very_reasonable_price-54091209-3155-2.html,dataset_zameen-property-scraper_2026-09-21_19-41-15-481.csv,dataset_zameen-property-scraper_2026-09-21_19-41-15-481_54091209
2026-09-21T19:41:15.193Z,search,Added: 10 minutes ago,,14.2 Marla,Marla,14.2,Trusted,,,plots,Islamabad,3,PKR,sale,54144455.0,"G-13/4, G-13",1.0,69900000,6.99 Crore,G-13/4 ST NO 136 100 FT. ROAD PLOT Size 40 X 80= 356 Yds Prime Location Pindhi Face Near Park HOT ONE DAY CASH PAYMENT For Sale Best Investment For Construction House Elite Class Location For Living very Reasonable Price,https://www.zameen.com/Plots/Islamabad-3-1.html,Islamabad · Plots for sale,G-13/4 ST NO 136 Pindhi Face Near P,success,https://media.zameen.com/thumbnails/301486759-400x300.jpeg,,https://www.zameen.com/Property/g_13_g-13_4_g-13_4_st_no_136_100_ft_road_plot_size_40_x_80_356_yds_prime_location_pindhi_face_near_park_hot_one_day_cash_payment_for_sale_best_investment_for_construction_house_elite_class_location_for_living_very_reasonable_price-54144455-3340-2.html,dataset_zameen-property-scraper_2026-09-21_19-41-15-481.csv,dataset_zameen-property-scraper_2026-09-21_19-41-15-481_54144455
2026-09-21T19:41:15.235Z,search,Added: 11 minutes ago,,1 Kanal,Kanal,1.0,Trusted,,,plots,Islamabad,3,PKR,sale,54318381.0,"Park Enclave 1, Park Enclave",1.0,52500000,5.25 Crore,Park Enclave 1 MAIN DOUBLE BACK OPEN PLOT SIZE 50x90 = 500 YD Level Solid Land Plot CDA Transfer Plot Prime location Reasonable Price,https://www.zameen.com/Plots/Islamabad-3-1.html,Islamabad · Plots for sale,Park Enclave 1 MAIN DOUBLE BACK OPE,success,https://media.zameen.com/thumbnails/301468994-400x300.jpeg,,https://www.zameen.com/Property/park_enclave_park_enclave_1_park_enclave_1_main_double_back_open_plot_size_50x90_500_yd_level_solid_land_plot_cda_transfer_plot_prime_location_reasonable_price-54318381-17148-2.html,dataset_zameen-property-scraper_2026-09-21_19-41-15-481.csv,dataset_zameen-property-scraper_2026-09-21_19-41-15-481_54318381
2026-09-21T19:41:15.304Z,search,Added: 11 minutes ago,,14.2 Marla,Marla,14.2,Trusted,,,plots,Islamabad,3,PKR,sale,54318445.0,"G-13/2, G-13",1.0,80000000,8 Crore,G -13 Main Double Road PROPER CORNER PLOT Size 40x80 = 356 Yd Prime Location AVAILABLE PLOT Best Investment For Construction House Elite Class location Plot Very Reasonable Price,https://www.zameen.com/Plots/Islamabad-3-1.html,Islamabad · Plots for sale,G -13 Main Double Road PROPER CORNE,success,https://media.zameen.com/thumbnails/301468632-400x300.jpeg,,https://www.zameen.com/Property/g_13_g-13_2_g_-13_main_double_road_proper_corner_plot_size_40x80_356_yd_prime_location_available_plot_best_investment_for_construction_house_elite_class_location_plot_very_reasonable_price-54318445-3338-2.html,dataset_zameen-property-scraper_2026-09-21_19-41-15-481.csv,dataset_zameen-property-scraper_2026-09-21_19-41-15-481_54318445
2026-09-21T19:41:15.363Z,search,Added: 11 minutes ago,,10.9 Marla,Marla,10.9,Trusted,,,plots,Islamabad,3,PKR,sale,54318453.0,"D-12, Islamabad",1.0,65000000,6.5 Crore,D-12/1 PRIME LOCATION PLOT Size 35x70 = 272 Yd Prime Location AVAILABLE PLOT Best Investment For Construction House Elite Class location Plot Very Reasonable Price,https://www.zameen.com/Plots/Islamabad-3-1.html,Islamabad · Plots for sale,D-12/1 PRIME LOCATION PLOT Size 35x,success,https://media.zameen.com/thumbnails/301468498-400x300.jpeg,,https://www.zameen.com/Property/islamabad_d-12_d-12_1_prime_location_plot_size_35x70_272_yd_prime_location_available_plot_best_investment_for_construction_house_elite_class_location_plot_very_reasonable_price-54318453-160-2.html,dataset_zameen-property-scraper_2026-09-21_19-41-15-481.csv,dataset_zameen-property-scraper_2026-09-21_19-41-15-481_54318453
2026-09-21T19:41:15.415Z,search,Added: 11 minutes ago,,1 Kanal,Kanal,1.0,Trusted,,,plots,Islamabad,3,PKR,sale,54347727.0,"G-13/4, G-13",1.0,105000000,10.5 Crore,G-13/4 ST NO 788 Main Double Road PLOT Size 50 X 90 = 500 Yds Prime Location URGENT HOT ONE DAY CASH PAYMENT FOR SALE Best Investment For Construction House Elite Class Location For Living Plot Very Reasonable Price,https://www.zameen.com/Plots/Islamabad-3-1.html,Islamabad · Plots for sale,G-13/4 ST NO 788 Main Double Road P,success,https://media.zameen.com/thumbnails/302435630-400x300.jpeg,(Updated: 11 minutes ago),https://www.zameen.com/Property/g_13_g-13_4_g-13_4_st_no_788_main_double_road_plot_size_50_x_90_500_yds_prime_location_urgent_hot_one_day_cash_payment_for_sale_best_investment_for_construction_house_elite_class_location_for_living_plot_very_reasonable_price-54347727-3340-2.html,dataset_zameen-property-scraper_2026-09-21_19-41-15-481.csv,dataset_zameen-property-scraper_2026-09-21_19-41-15-481_54347727
2026-09-21T19:41:15.461Z,search,Added: 11 minutes ago,,14.2 Marla,Marla,14.2,Trusted,,,plots,Islamabad,3,PKR,sale,54359196.0,"G-13/3, G-13",1.0,63500000,6.35 Crore,G -13/3 St no 159 50 Ft Road PLOT Near Park Size 40x80 = 356 Yd Prime Location AVAILABLE PLOT Best Investment For Construction House Elite Class location Plot Very Reasonable Price,https://www.zameen.com/Plots/Islamabad-3-1.html,Islamabad · Plots for sale,G -13/3 St no 159 50 Ft Road PLOT N,success,https://media.zameen.com/thumbnails/302954891-400x300.jpeg,,https://www.zameen.com/Property/g_13_g-13_3_g_-13_3_st_no_159_50_ft_road_plot_near_park_size_40x80_356_yd_prime_location_available_plot_best_investment_for_construction_house_elite_class_location_plot_very_reasonable_price-54359196-3339-2.html,dataset_zameen-property-scraper_2026-09-21_19-41-15-481.csv,dataset_zameen-property-scraper_2026-09-21_19-41-15-481_54359196
2026-09-21T19:41:40.221Z,search,Added: 10 hours ago,Titanium,0.2 Marla,Marla,0.2,super hot,7.0,,commercial-sale,Islamabad,3,PKR,sale,54720312.0,"GT Road, Islamabad",5.0,5000000,50 Lakh,"SHOP FOR SALE RUNNING ON HIGH RENT- RENT COMING PKR 32,000/-",https://www.zameen.com/Commercial/Islamabad-3-1.html,Islamabad · Commercial for sale,SHOP FOR SALE RUNNING ON HIGH RENT,success,https://media.zameen.com/thumbnails/307032990-400x300.jpeg,(Updated: 10 hours ago),https://www.zameen.com/Property/islamabad_gt_road_shop_for_sale_running_on_high_rent-_rent_coming_pkr_32_000_--54720312-3397-3.html,dataset_zameen-property-scraper_2026-09-21_19-41-41-638.csv,dataset_zameen-property-scraper_2026-09-21_19-41-41-638_54720312
2026-09-21T19:41:40.307Z,search,Added: 11 hours ago,Titanium,0.9 Marla,Marla,0.9,super hot,,,commercial-sale,Islamabad,3,PKR,sale,54314259.0,"DHA Defence Phase 2, DHA Defence",5.0,18000000,1.8 Crore,Rented Shop For Sale,https://www.zameen.com/Commercial/Islamabad-3-1.html,Islamabad · Commercial for sale,"Rent: 120,000

High-Return Investme",success,https://media.zameen.com/thumbnails/301195859-400x300.jpeg,,https://www.zameen.com/Property/dha_defence_dha_defence_phase_2_rented_shop_for_sale-54314259-339-3.html,dataset_zameen-property-scraper_2026-09-21_19-41-41-638.csv,dataset_zameen-property-scraper_2026-09-21_19-41-41-638_54314259
2026-09-21T19:41:40.377Z,search,Added: 15 hours ago,Titanium,0.4 Marla,Marla,0.4,super hot,7.0,,commercial-sale,Islamabad,3,PKR,sale,53559776.0,"Islamabad Expressway, Islamabad",31.0,8900000,89 Lakh,Rented Shop Is Available For Sale On Prime Location Of Islamabad,https://www.zameen.com/Commercial/Islamabad-3-1.html,Islamabad · Commercial for sale,"Shop Is Available For Sale 
 Main I",success,https://media.zameen.com/thumbnails/300359612-400x300.jpeg,(Updated: 15 hours ago),https://www.zameen.com/Property/islamabad_islamabad_expressway_rented_shop_is_available_for_sale_on_prime_location_of_islamabad-53559776-9014-3.html,dataset_zameen-property-scraper_2026-09-21_19-41-41-638.csv,dataset_zameen-property-scraper_2026-09-21_19-41-41-638_53559776
2026-09-21T19:41:40.444Z,search,Added: 9 hours ago,Titanium,1 Kanal,Kanal,1.0,super hot,,,commercial-sale,Islamabad,3,PKR,sale,54744333.0,"F-11 Markaz, F-11",,4,3.5 Arab,6-Storey Commercial Plaza For Sale In F-11 Markaz High Rental Income & CDA Transfer.,https://www.zameen.com/Commercial/Islamabad-3-1.html,Islamabad · Commercial for sale,"Property Description:
An exceptiona",success,https://images.zameen.com/smap/400/300/33.684782/72.986383/image.jpeg?quality=80&imageformat=jpeg,,https://www.zameen.com/Property/f_11_f-11_markaz_6-storey_commercial_plaza_for_sale_in_f-11_markaz_high_rental_income_cda_transfer-54744333-3286-3.html,dataset_zameen-property-scraper_2026-09-21_19-41-41-638.csv,dataset_zameen-property-scraper_2026-09-21_19-41-41-638_54744333
2026-09-21T19:41:40.485Z,search,Added: 9 hours ago,Titanium,5 Kanal,Kanal,5.0,super hot,,,commercial-sale,Islamabad,3,PKR,sale,54731127.0,"F-7 Markaz, F-7",,24,24 Arab,5-Kanal 8-Story Commercial Building for Sale in F-7 Markaz Jinnah Super | Monthly Rent 10 Crore,https://www.zameen.com/Commercial/Islamabad-3-1.html,Islamabad · Commercial for sale,"Ad Description
Flagship 5-Kanal 8-S",success,https://images.zameen.com/smap/400/300/33.721127/73.057008/image.jpeg?quality=80&imageformat=jpeg,(Updated: 9 hours ago),https://www.zameen.com/Property/f_7_f-7_markaz_5-kanal_8-story_commercial_building_for_sale_in_f-7_markaz_jinnah_super_monthly_rent_10_crore-54731127-3311-3.html,dataset_zameen-property-scraper_2026-09-21_19-41-41-638.csv,dataset_zameen-property-scraper_2026-09-21_19-41-41-638_54731127
2026-09-21T19:41:40.525Z,search,Added: 12 hours ago,,1.3 Marla,Marla,1.3,super hot,,,commercial-sale,Islamabad,3,PKR,sale,54393176.0,"DHA Defence Phase 2, DHA Defence",5.0,10000000,1 Crore,Already Rented Shop Available For Sale On Main Road,https://www.zameen.com/Commercial/Islamabad-3-1.html,Islamabad · Commercial for sale,"Located in a busy commercial hub

H",success,https://media.zameen.com/thumbnails/303922416-400x300.jpeg,(Updated: 12 hours ago),https://www.zameen.com/Property/dha_defence_dha_defence_phase_2_already_rented_shop_available_for_sale_on_main_road-54393176-339-3.html,dataset_zameen-property-scraper_2026-09-21_19-41-41-638.csv,dataset_zameen-property-scraper_2026-09-21_19-41-41-638_54393176
2026-09-21T19:41:40.569Z,search,Added: 13 hours ago,,4.4 Marla,Marla,4.4,super hot,,,commercial-sale,Islamabad,3,PKR,sale,54752657.0,"Eighteen, Kashmir Highway",25.0,44200000,4.42 Crore,Eighteen Islamabad Office Unit,https://www.zameen.com/Commercial/Islamabad-3-1.html,Islamabad · Commercial for sale,994 Sq. Ft. Office Space | Centro 1,success,https://media.zameen.com/thumbnails/307346356-400x300.jpeg,(Updated: 13 hours ago),https://www.zameen.com/Property/kashmir_highway_eighteen_eighteen_islamabad_office_unit-54752657-12602-3.html,dataset_zameen-property-scraper_2026-09-21_19-41-41-638.csv,dataset_zameen-property-scraper_2026-09-21_19-41-41-638_54752657
2026-09-21T19:41:40.608Z,search,Added: 12 hours ago,,1.7 Marla,Marla,1.7,super hot,,,commercial-sale,Islamabad,3,PKR,sale,54697598.0,"Top City 1, Islamabad",2.0,15600000,1.56 Crore,Shop For Slae,https://www.zameen.com/Commercial/Islamabad-3-1.html,Islamabad · Commercial for sale,"GA SHOP FOR SALE TOP CITY 1

 Locat",success,https://media.zameen.com/thumbnails/306819710-400x300.jpeg,(Updated: 12 hours ago),https://www.zameen.com/Property/islamabad_top_city_1_shop_for_slae-54697598-1383-3.html,dataset_zameen-property-scraper_2026-09-21_19-41-41-638.csv,dataset_zameen-property-scraper_2026-09-21_19-41-41-638_54697598
2026-09-21T19:41:40.647Z,search,Added: 2 days ago,,0.9 Marla,Marla,0.9,super hot,,,commercial-sale,Islamabad,3,PKR,sale,54763133.0,"DHA Defence Phase 2, DHA Defence",2.0,12000000,1.2 Crore,Shop for Sale in DHA 2 Islamabad at investor rate | DHA Transfer Available,https://www.zameen.com/Commercial/Islamabad-3-1.html,Islamabad · Commercial for sale,A great opportunity to own a commer,success,https://media.zameen.com/thumbnails/307449264-400x300.jpeg,(Updated: 2 days ago),https://www.zameen.com/Property/dha_defence_dha_defence_phase_2_shop_for_sale_in_dha_2_islamabad_at_investor_rate_dha_transfer_available-54763133-339-3.html,dataset_zameen-property-scraper_2026-09-21_19-41-41-638.csv,dataset_zameen-property-scraper_2026-09-21_19-41-41-638_54763133
2026-09-21T19:41:40.686Z,search,Added: 14 hours ago,,2.7 Marla,Marla,2.7,super hot,,,commercial-sale,Islamabad,3,PKR,sale,52161967.0,"H-13, Islamabad",7.0,20900000,2.09 Crore,Near NUST University Ground Floor Shop Available For Sale. H-13 Islamabad,https://www.zameen.com/Commercial/Islamabad-3-1.html,Islamabad · Commercial for sale,Prime Commercial Shop for Sale Mana,success,https://media.zameen.com/thumbnails/301559956-400x300.jpeg,,https://www.zameen.com/Property/islamabad_h-13_near_nust_university_ground_floor_shop_available_for_sale_h-13_islamabad-52161967-1039-3.html,dataset_zameen-property-scraper_2026-09-21_19-41-41-638.csv,dataset_zameen-property-scraper_2026-09-21_19-41-41-638_52161967
2026-09-21T19:41:40.749Z,search,Added: 7 hours ago,Titanium,0.7 Marla,Marla,0.7,Trusted,,,commercial-sale,Islamabad,3,PKR,sale,53425308.0,"Mall of Imarat, Jinnah Gardens",6.0,10000000,1 Crore,"High Rental Value (Rs 50,000) And Ideally Located Shop For Sale On Main Expressway, Islamabad",https://www.zameen.com/Commercial/Islamabad-3-1.html,Islamabad · Commercial for sale,"Monthly Rental 50,000/- 
Tax Free O",success,https://media.zameen.com/thumbnails/305635640-400x300.jpeg,,https://www.zameen.com/Property/jinnah_gardens_mall_of_imarat_high_rental_value_rs_50_000_and_ideally_located_shop_for_sale_on_main_expressway_islamabad-53425308-22031-3.html,dataset_zameen-property-scraper_2026-09-21_19-41-41-638.csv,dataset_zameen-property-scraper_2026-09-21_19-41-41-638_53425308
2026-09-21T19:41:40.839Z,search,Added: 7 hours ago,Titanium,0.4 Marla,Marla,0.4,Trusted,5.0,,commercial-sale,Islamabad,3,PKR,sale,54573844.0,"DHA Defence Phase 2, DHA Defence",8.0,8000000,80 Lakh,High Rental Shop Up For - CDA APPROVED ALLOTED SHOP,https://www.zameen.com/Commercial/Islamabad-3-1.html,Islamabad · Commercial for sale,"High rental shop for sale
 40,000 P",success,https://media.zameen.com/thumbnails/305638040-400x300.jpeg,,https://www.zameen.com/Property/dha_defence_dha_defence_phase_2_high_rental_shop_up_for_-_cda_approved_alloted_shop-54573844-339-3.html,dataset_zameen-property-scraper_2026-09-21_19-41-41-638.csv,dataset_zameen-property-scraper_2026-09-21_19-41-41-638_54573844
2026-09-21T19:41:40.914Z,search,Added: 7 hours ago,,7.1 Marla,Marla,7.1,,,,commercial-sale,Islamabad,3,PKR,sale,54079146.0,"F-10 Markaz, F-10",12.0,1,1.1 Arab,Brand New Building For Sale In F-10 Markaz (Expected Rent 48 Lac),https://www.zameen.com/Commercial/Islamabad-3-1.html,Islamabad · Commercial for sale,Brand New Building For Sale in F-10,success,https://media.zameen.com/thumbnails/302267453-400x300.jpeg,(Updated: 7 hours ago),https://www.zameen.com/Property/f_10_f-10_markaz_brand_new_building_for_sale_in_f-10_markaz_expected_rent_48_lac-54079146-3280-3.html,dataset_zameen-property-scraper_2026-09-21_19-41-41-638.csv,dataset_zameen-property-scraper_2026-09-21_19-41-41-638_54079146
2026-09-21T19:41:40.959Z,search,Added: 12 hours ago,,1.3 Marla,Marla,1.3,,,,commercial-sale,Islamabad,3,PKR,sale,54302550.0,"D Mall, DHA Defence Phase 2",5.0,25000000,2.5 Crore,Premium Retail Shop In D-Mall | On Installments | Leased To International Brand,https://www.zameen.com/Commercial/Islamabad-3-1.html,Islamabad · Commercial for sale,"A solid, ready-to-earn investment o",success,https://media.zameen.com/thumbnails/305295663-400x300.jpeg,,https://www.zameen.com/Property/dha_defence_phase_2_d_mall_premium_retail_shop_in_d-mall_on_installments_leased_to_international_brand-54302550-10930-3.html,dataset_zameen-property-scraper_2026-09-21_19-41-41-638.csv,dataset_zameen-property-scraper_2026-09-21_19-41-41-638_54302550
2026-09-21T19:41:41.043Z,search,Added: 12 hours ago,,4 Marla,Marla,4.0,,7.0,8.0,commercial-sale,Islamabad,3,PKR,sale,54740294.0,"DHA Defence Phase 2, DHA Defence",21.0,175000000,17.5 Crore,"7 Storey Plaza On Main G. T Road For Sale In Dha Phase 2, Islamabad",https://www.zameen.com/Commercial/Islamabad-3-1.html,Islamabad · Commercial for sale,An Exceptional Opportunity To Buy A,success,https://media.zameen.com/thumbnails/307476471-400x300.jpeg,,https://www.zameen.com/Property/dha_defence_dha_defence_phase_2_7_storey_plaza_on_main_g_t_road_for_sale_in_dha_phase_2_islamabad-54740294-339-3.html,dataset_zameen-property-scraper_2026-09-21_19-41-41-638.csv,dataset_zameen-property-scraper_2026-09-21_19-41-41-638_54740294
2026-09-21T19:41:41.112Z,search,Added: 12 hours ago,,4.4 Marla,Marla,4.4,Trusted,,,commercial-sale,Islamabad,3,PKR,sale,54605027.0,"The Centaurus, F-8",5.0,50000000,5 Crore,Already Rented Shop Available For Sale On Main Road Isb,https://www.zameen.com/Commercial/Islamabad-3-1.html,Islamabad · Commercial for sale,"Located in a busy commercial hub

H",success,https://media.zameen.com/thumbnails/306137365-400x300.jpeg,(Updated: 12 hours ago),https://www.zameen.com/Property/f_8_the_centaurus_already_rented_shop_available_for_sale_on_main_road_isb-54605027-8349-3.html,dataset_zameen-property-scraper_2026-09-21_19-41-41-638.csv,dataset_zameen-property-scraper_2026-09-21_19-41-41-638_54605027
2026-09-21T19:41:41.163Z,search,Added: 12 hours ago,,4.4 Marla,Marla,4.4,Trusted,,,commercial-sale,Islamabad,3,PKR,sale,54407012.0,"DHA Defence Phase 1, DHA Defence",6.0,50000000,5 Crore,Already Rented Shop Available For Sale On Main Road,https://www.zameen.com/Commercial/Islamabad-3-1.html,Islamabad · Commercial for sale,"Located in a busy commercial hub

H",success,https://media.zameen.com/thumbnails/304419433-400x300.jpeg,(Updated: 12 hours ago),https://www.zameen.com/Property/dha_defence_dha_defence_phase_1_already_rented_shop_available_for_sale_on_main_road-54407012-376-3.html,dataset_zameen-property-scraper_2026-09-21_19-41-41-638.csv,dataset_zameen-property-scraper_2026-09-21_19-41-41-638_54407012
2026-09-21T19:41:41.208Z,search,Added: 5 hours ago,Titanium,0.4 Marla,Marla,0.4,Trusted,,,commercial-sale,Islamabad,3,PKR,sale,53415111.0,"G-11, Islamabad",8.0,10300000,1.03 Crore,"High Rental (69,000) Shop For Urgent Sale On Main Road Islamabad",https://www.zameen.com/Commercial/Islamabad-3-1.html,Islamabad · Commercial for sale,"Rented To Well Known Brand
 Complet",success,https://media.zameen.com/thumbnails/299829114-400x300.jpeg,,https://www.zameen.com/Property/islamabad_g-11_high_rental_69_000_shop_for_urgent_sale_on_main_road_islamabad-53415111-168-3.html,dataset_zameen-property-scraper_2026-09-21_19-41-41-638.csv,dataset_zameen-property-scraper_2026-09-21_19-41-41-638_53415111
2026-09-21T19:41:41.271Z,search,Added: 5 hours ago,,0.8 Marla,Marla,0.8,Trusted,,,commercial-sale,Islamabad,3,PKR,sale,54641023.0,"Soan Garden - Block H, Soan Garden",5.0,4500000,45 Lakh,Ready To Move Shops On Installment,https://www.zameen.com/Commercial/Islamabad-3-1.html,Islamabad · Commercial for sale,"# JC Arcade Ready-to-Move Shops

**",success,https://media.zameen.com/thumbnails/306280941-400x300.jpeg,,https://www.zameen.com/Property/soan_garden_soan_garden_-_block_h_ready_to_move_shops_on_installment-54641023-3498-3.html,dataset_zameen-property-scraper_2026-09-21_19-41-41-638.csv,dataset_zameen-property-scraper_2026-09-21_19-41-41-638_54641023
2026-09-21T19:41:41.339Z,search,Added: 6 hours ago,,4.4 Marla,Marla,4.4,Verified,,,commercial-sale,Islamabad,3,PKR,sale,54585268.0,"Sarai Kharbuza, Islamabad",6.0,15000000,1.5 Crore,Shop For Sale In Sarai Kharbuza Sarai Kharbuza,https://www.zameen.com/Commercial/Islamabad-3-1.html,Islamabad · Commercial for sale,5 Commercial Shops For Sale At D-14,success,https://media.zameen.com/thumbnails/305751834-400x300.jpeg,,https://www.zameen.com/Property/islamabad_sarai_kharbuza_shop_for_sale_in_sarai_kharbuza_sarai_kharbuza-54585268-10075-3.html,dataset_zameen-property-scraper_2026-09-21_19-41-41-638.csv,dataset_zameen-property-scraper_2026-09-21_19-41-41-638_54585268
2026-09-21T19:41:41.380Z,search,Added: 6 hours ago,,5.3 Marla,Marla,5.3,Verified,,,commercial-sale,Islamabad,3,PKR,sale,54585270.0,"D-14, Islamabad",4.0,17500000,1.75 Crore,1200 Square Feet Shop In D-14 Is Best Option,https://www.zameen.com/Commercial/Islamabad-3-1.html,Islamabad · Commercial for sale,"6 Commercial Shop For Sale 
Main Jo",success,https://media.zameen.com/thumbnails/305751840-400x300.jpeg,,https://www.zameen.com/Property/islamabad_d-14_1200_square_feet_shop_in_d-14_is_best_option-54585270-9520-3.html,dataset_zameen-property-scraper_2026-09-21_19-41-41-638.csv,dataset_zameen-property-scraper_2026-09-21_19-41-41-638_54585270
2026-09-21T19:41:41.418Z,search,Added: 6 hours ago,,0.8 Marla,Marla,0.8,Trusted,,,commercial-sale,Islamabad,3,PKR,sale,54670272.0,"Faisal Hills - Executive Block, Faisal Hills",5.0,9828000,98.28 Lakh,Shop For Sale In Faisal Jewel 99% Completed Project on 4 Year Installments,https://www.zameen.com/Commercial/Islamabad-3-1.html,Islamabad · Commercial for sale,You can get higgher roi percentage,success,https://media.zameen.com/thumbnails/306552613-400x300.jpeg,,https://www.zameen.com/Property/faisal_hills_faisal_hills_-_executive_block_shop_for_sale_in_faisal_jewel_99_completed_project_on_4_year_installments-54670272-16527-3.html,dataset_zameen-property-scraper_2026-09-21_19-41-41-638.csv,dataset_zameen-property-scraper_2026-09-21_19-41-41-638_54670272
2026-09-21T19:41:41.460Z,search,Added: 6 hours ago,,1 Kanal,Kanal,1.0,,7.0,11.0,commercial-sale,Islamabad,3,PKR,sale,53111594.0,"Mumtaz City, Islamabad",20.0,210000000,21 Crore,Mumtaz City 1 Kanal Commercial Building For Sale,https://www.zameen.com/Commercial/Islamabad-3-1.html,Islamabad · Commercial for sale,"All size of houses, plots & apartme",success,https://media.zameen.com/thumbnails/300239116-400x300.jpeg,(Updated: 6 hours ago),https://www.zameen.com/Property/islamabad_mumtaz_city_mumtaz_city_1_kanal_commercial_building_for_sale-53111594-3464-3.html,dataset_zameen-property-scraper_2026-09-21_19-41-41-638.csv,dataset_zameen-property-scraper_2026-09-21_19-41-41-638_53111594
2026-09-21T19:41:41.548Z,search,Added: 7 hours ago,Titanium,0.2 Marla,Marla,0.2,Trusted,,,commercial-sale,Islamabad,3,PKR,sale,53345398.0,"GT Road, Islamabad",6.0,2000000,20 Lakh,"High Rental Value (Rs 16,600) And Ideally Located Shop For Sale On Main Road Islamabad",https://www.zameen.com/Commercial/Islamabad-3-1.html,Islamabad · Commercial for sale,"Monthly Rental 16,600/-
 Rented to",success,https://media.zameen.com/thumbnails/307351243-400x300.jpeg,,https://www.zameen.com/Property/islamabad_gt_road_high_rental_value_rs_16_600_and_ideally_located_shop_for_sale_on_main_road_islamabad-53345398-3397-3.html,dataset_zameen-property-scraper_2026-09-21_19-41-41-638.csv,dataset_zameen-property-scraper_2026-09-21_19-41-41-638_53345398
2026-09-21T19:41:41.606Z,search,Added: 7 hours ago,Titanium,0.4 Marla,Marla,0.4,Trusted,,,commercial-sale,Islamabad,3,PKR,sale,53382805.0,"GT Road, Islamabad",7.0,5000000,50 Lakh,"High Rental Value (Rs 25,000) And Ideally Located Shop For Sale On Main Road Islamabad",https://www.zameen.com/Commercial/Islamabad-3-1.html,Islamabad · Commercial for sale,"Prime Investment Alert! 
 Steady Mo",success,https://media.zameen.com/thumbnails/305627680-400x300.jpeg,,https://www.zameen.com/Property/islamabad_gt_road_high_rental_value_rs_25_000_and_ideally_located_shop_for_sale_on_main_road_islamabad-53382805-3397-3.html,dataset_zameen-property-scraper_2026-09-21_19-41-41-638.csv,dataset_zameen-property-scraper_2026-09-21_19-41-41-638_53382805
2026-09-21T19:43:13.501Z,search,Added: 1 day ago,Titanium,740 sqft,sqft,740.0,super hot,2.0,2.0,rental-flats,Islamabad,3,PKR,rent,54723833.0,"Top City 1 - Block D, Top City 1",,35000,35 Thousand,Flat For Rent In Rs. 35000,https://www.zameen.com/Rentals_Flats_Apartments/Islamabad-3-1.html,Islamabad · Flats & apartments for rent,There are few such highly affordabl,success,https://images.zameen.com/smap/400/300/33.573045/72.864097/image.jpeg?quality=80&imageformat=jpeg,(Updated: 1 day ago),https://www.zameen.com/Property/top_city_1_top_city_1_-_block_d_flat_for_rent_in_rs_35000-54723833-9233-4.html,dataset_zameen-property-scraper_2026-09-21_19-43-14-958.csv,dataset_zameen-property-scraper_2026-09-21_19-43-14-958_54723833
2026-09-21T19:43:13.640Z,search,Added: 3 days ago,Titanium,"1,150 sqft",sqft,1150.0,super hot,1.0,1.0,rental-flats,Islamabad,3,PKR,rent,54746611.0,"The Centaurus, F-8",18.0,300000,3 Lakh,Luxury 1-Bedroom Fully Furnished Apartment For Rent | The Centaurus Residencia Islamabad,https://www.zameen.com/Rentals_Flats_Apartments/Islamabad-3-1.html,Islamabad · Flats & apartments for rent,Experience upscale vertical living,success,https://media.zameen.com/thumbnails/307293817-400x300.jpeg,(Updated: 29 minutes ago),https://www.zameen.com/Property/f_8_the_centaurus_luxury_1-bedroom_fully_furnished_apartment_for_rent_the_centaurus_residencia_islamabad-54746611-8349-4.html,dataset_zameen-property-scraper_2026-09-21_19-43-14-958.csv,dataset_zameen-property-scraper_2026-09-21_19-43-14-958_54746611
2026-09-21T19:43:13.711Z,search,Added: 3 days ago,Titanium,340 sqft,sqft,340.0,super hot,1.0,1.0,rental-flats,Islamabad,3,PKR,rent,54731480.0,"Bahria Enclave, Bahria Town",5.0,60000,60 Thousand,Studio Fully Furnished Apartments Available For Rent,https://www.zameen.com/Rentals_Flats_Apartments/Islamabad-3-1.html,Islamabad · Flats & apartments for rent,STUDIO FULLY FURNISHED APARTMENTS A,success,https://media.zameen.com/thumbnails/307467301-400x300.jpeg,(Updated: 1 day ago),https://www.zameen.com/Property/bahria_town_bahria_enclave_studio_fully_furnished_apartments_available_for_rent-54731480-1705-4.html,dataset_zameen-property-scraper_2026-09-21_19-43-14-958.csv,dataset_zameen-property-scraper_2026-09-21_19-43-14-958_54731480
2026-09-21T19:43:13.775Z,search,Added: 5 days ago,Titanium,"4,500 sqft",sqft,4500.0,super hot,5.0,4.0,rental-flats,Islamabad,3,PKR,rent,54659803.0,"Constitution Avenue, Islamabad",8.0,980000,9.8 Lakh,Luxury 4-Bed Fully Furnished Apartment For Rent Islamabad,https://www.zameen.com/Rentals_Flats_Apartments/Islamabad-3-1.html,Islamabad · Flats & apartments for rent,A very spacious and fully furnished,success,https://media.zameen.com/thumbnails/306452631-400x300.jpeg,(Updated: 32 minutes ago),https://www.zameen.com/Property/islamabad_constitution_avenue_luxury_4-bed_fully_furnished_apartment_for_rent_islamabad-54659803-8284-4.html,dataset_zameen-property-scraper_2026-09-21_19-43-14-958.csv,dataset_zameen-property-scraper_2026-09-21_19-43-14-958_54659803
2026-09-21T19:43:13.821Z,search,Added: 5 days ago,Titanium,"1,800 sqft",sqft,1800.0,super hot,2.0,2.0,rental-flats,Islamabad,3,PKR,rent,54706181.0,"Diplomatic Enclave, Islamabad",12.0,365000,3.65 Lakh,"2-Bedroom Flat For Rent In Diplomatic Enclave, Islamabad",https://www.zameen.com/Rentals_Flats_Apartments/Islamabad-3-1.html,Islamabad · Flats & apartments for rent,A well-maintained and spacious 2-be,success,https://media.zameen.com/thumbnails/306905116-400x300.jpeg,(Updated: 31 minutes ago),https://www.zameen.com/Property/islamabad_diplomatic_enclave_2-bedroom_flat_for_rent_in_diplomatic_enclave_islamabad-54706181-429-4.html,dataset_zameen-property-scraper_2026-09-21_19-43-14-958.csv,dataset_zameen-property-scraper_2026-09-21_19-43-14-958_54706181
2026-09-21T19:43:13.884Z,search,Added: 11 hours ago,,"2,790 sqft",sqft,2790.0,super hot,5.0,4.0,rental-flats,Islamabad,3,PKR,rent,10.0,"Sukh Chayn Residence, F-10",8.0,700000,7 Lakh,Top Floor Modern Infrastructure 2 Sided Corner With View 4 Bedrooms Apartment For Rent In Sukh Chyn Residence F-10,https://www.zameen.com/Rentals_Flats_Apartments/Islamabad-3-1.html,Islamabad · Flats & apartments for rent,"The Sukh Chyn F10, Islamabad 
 Top",success,https://media.zameen.com/thumbnails/301400915-400x300.jpeg,,https://www.zameen.com/Property/f_10_sukh_chayn_residence_top_floor_modern_infrastructure_2_sided_corner_with_view_4_bedrooms_apartment_for_rent_in_sukh_chyn_residence_f-10-52497498-13589-4.html,dataset_zameen-property-scraper_2026-09-21_19-43-14-958.csv,dataset_zameen-property-scraper_2026-09-21_19-43-14-958_10
2026-09-21T19:43:13.953Z,search,Added: 11 hours ago,,"1,960 sqft",sqft,1960.0,super hot,3.0,3.0,rental-flats,Islamabad,3,PKR,rent,54657149.0,"Sukh Chayn Residence, F-10",11.0,400000,4 Lakh,"One Of The Prestigious And Well Managed Family Building, A 3-Bedroom Apartment Available For Rent.",https://www.zameen.com/Rentals_Flats_Apartments/Islamabad-3-1.html,Islamabad · Flats & apartments for rent,"*Overview*
This stunning apartment",success,https://media.zameen.com/thumbnails/306430861-400x300.jpeg,,https://www.zameen.com/Property/f_10_sukh_chayn_residence_one_of_the_prestigious_and_well_managed_family_building_a_3-bedroom_apartment_available_for_rent-54657149-13589-4.html,dataset_zameen-property-scraper_2026-09-21_19-43-14-958.csv,dataset_zameen-property-scraper_2026-09-21_19-43-14-958_54657149
2026-09-21T19:43:13.998Z,search,Added: 11 hours ago,,"1,960 sqft",sqft,1960.0,super hot,4.0,3.0,rental-flats,Islamabad,3,PKR,rent,52060784.0,"Sukh Chayn Residence, F-10",12.0,450000,4.5 Lakh,This Beautiful Apartment With Modern Amenities Available For Rent In Sukh Chayn Residence F10 Islamabad,https://www.zameen.com/Rentals_Flats_Apartments/Islamabad-3-1.html,Islamabad · Flats & apartments for rent,"The Sukh Chayn Residence
 Modern In",success,https://media.zameen.com/thumbnails/305494648-400x300.jpeg,,https://www.zameen.com/Property/f_10_sukh_chayn_residence_this_beautiful_apartment_with_modern_amenities_available_for_rent_in_sukh_chayn_residence_f10_islamabad-52060784-13589-4.html,dataset_zameen-property-scraper_2026-09-21_19-43-14-958.csv,dataset_zameen-property-scraper_2026-09-21_19-43-14-958_52060784
2026-09-21T19:43:14.045Z,search,Added: 12 hours ago,,"2,000 sqft",sqft,2000.0,super hot,3.0,3.0,rental-flats,Islamabad,3,PKR,rent,54600756.0,"One Constitution Avenue, Constitution Avenue",14.0,345000,3.45 Lakh,Luxury Fully Furnished 3-Bed Apartment | Murree & Lake View | One Constitution Avenue,https://www.zameen.com/Rentals_Flats_Apartments/Islamabad-3-1.html,Islamabad · Flats & apartments for rent,Luxury 3-Bed Furnished Apartment fo,success,https://media.zameen.com/thumbnails/305894543-400x300.jpeg,(Updated: 12 hours ago),https://www.zameen.com/Property/constitution_avenue_one_constitution_avenue_luxury_fully_furnished_3-bed_apartment_murree_lake_view_one_constitution_avenue-54600756-21856-4.html,dataset_zameen-property-scraper_2026-09-21_19-43-14-958.csv,dataset_zameen-property-scraper_2026-09-21_19-43-14-958_54600756
2026-09-21T19:43:14.094Z,search,Added: 21 hours ago,,"1,960 sqft",sqft,1960.0,super hot,3.0,3.0,rental-flats,Islamabad,3,PKR,rent,54697058.0,"Sukh Chayn Residence, F-10",26.0,525000,5.25 Lakh,Sukh Chayn Recidence F-10 3 Bedroom Brand New Furnished Apartment Available For Rent Beautiful Location,https://www.zameen.com/Rentals_Flats_Apartments/Islamabad-3-1.html,Islamabad · Flats & apartments for rent,Sukh chayn Recidence F-10 3 bedroom,success,https://media.zameen.com/thumbnails/306813959-400x300.jpeg,,https://www.zameen.com/Property/f_10_sukh_chayn_residence_sukh_chayn_recidence_f-10_3_bedroom_brand_new_furnished_apartment_available_for_rent_beautiful_location-54697058-13589-4.html,dataset_zameen-property-scraper_2026-09-21_19-43-14-958.csv,dataset_zameen-property-scraper_2026-09-21_19-43-14-958_54697058
2026-09-21T19:43:14.166Z,search,Added: 1 hour ago,Titanium,850 sqft,sqft,850.0,Trusted,1.0,1.0,rental-flats,Islamabad,3,PKR,rent,54080813.0,"Gulberg Arena Mall, Gulberg Greens",8.0,80000,80 Thousand,Gulberg Greens Islamabad One Bed Full Furnished Apartment Available For Rent Prime Location,https://www.zameen.com/Rentals_Flats_Apartments/Islamabad-3-1.html,Islamabad · Flats & apartments for rent,"Gulberg Greens Islamabad
 One Bed F",success,https://media.zameen.com/thumbnails/300169031-400x300.jpeg,,https://www.zameen.com/Property/gulberg_greens_gulberg_arena_mall_gulberg_greens_islamabad_one_bed_full_furnished_apartment_available_for_rent_prime_location-54080813-19297-4.html,dataset_zameen-property-scraper_2026-09-21_19-43-14-958.csv,dataset_zameen-property-scraper_2026-09-21_19-43-14-958_54080813
2026-09-21T19:43:14.212Z,search,Added: 2 hours ago,Titanium,680 sqft,sqft,680.0,Trusted,1.0,,rental-flats,Islamabad,3,PKR,rent,54398577.0,"F-10/3, F-10",7.0,70000,70 Thousand,1 Furnished Studio Apartment On Rent Available In Al Mustafa Tower F10,https://www.zameen.com/Rentals_Flats_Apartments/Islamabad-3-1.html,Islamabad · Flats & apartments for rent,1 Furnished Studio Apartment On Ren,success,https://media.zameen.com/thumbnails/303922982-400x300.jpeg,(Updated: 2 hours ago),https://www.zameen.com/Property/f_10_f-10_3_1_furnished_studio_apartment_on_rent_available_in_al_mustafa_tower_f10-54398577-3278-4.html,dataset_zameen-property-scraper_2026-09-21_19-43-14-958.csv,dataset_zameen-property-scraper_2026-09-21_19-43-14-958_54398577
2026-09-21T19:43:14.280Z,search,Added: 2 hours ago,,650 sqft,sqft,650.0,,1.0,1.0,rental-flats,Islamabad,3,PKR,rent,54764385.0,"E-11, Islamabad",20.0,60000,60 Thousand,Luxury 1-Bed Furnished Apartment For Rent In E-11/4 Islamabad | Elevator & Parking,https://www.zameen.com/Rentals_Flats_Apartments/Islamabad-3-1.html,Islamabad · Flats & apartments for rent,Luxury 1-Bed Apartment for Rent E-1,success,https://media.zameen.com/thumbnails/307461932-400x300.jpeg,,https://www.zameen.com/Property/islamabad_e-11_luxury_1-bed_furnished_apartment_for_rent_in_e-11_4_islamabad_elevator_parking-54764385-329-4.html,dataset_zameen-property-scraper_2026-09-21_19-43-14-958.csv,dataset_zameen-property-scraper_2026-09-21_19-43-14-958_54764385
2026-09-21T19:43:14.355Z,search,Added: 3 hours ago,,950 sqft,sqft,950.0,,2.0,2.0,rental-flats,Islamabad,3,PKR,rent,51311957.0,"Pakistan Town - Phase 2, Pakistan Town",26.0,62000,62 Thousand,Fully Furnished Apartment Is Available For Rent,https://www.zameen.com/Rentals_Flats_Apartments/Islamabad-3-1.html,Islamabad · Flats & apartments for rent,Fully Furnished Apartments Availabl,success,https://media.zameen.com/thumbnails/303222042-400x300.jpeg,,https://www.zameen.com/Property/pakistan_town_pakistan_town_-_phase_2_fully_furnished_apartment_is_available_for_rent-51311957-16525-4.html,dataset_zameen-property-scraper_2026-09-21_19-43-14-958.csv,dataset_zameen-property-scraper_2026-09-21_19-43-14-958_51311957
2026-09-21T19:43:14.416Z,search,Added: 3 hours ago,,950 sqft,sqft,950.0,,2.0,2.0,rental-flats,Islamabad,3,PKR,rent,51919896.0,"Pakistan Town - Phase 2, Pakistan Town",17.0,60000,60 Thousand,Fully Furnished Apartment,https://www.zameen.com/Rentals_Flats_Apartments/Islamabad-3-1.html,Islamabad · Flats & apartments for rent,Fully furnished apartment available,success,https://media.zameen.com/thumbnails/303222068-400x300.jpeg,,https://www.zameen.com/Property/pakistan_town_pakistan_town_-_phase_2_fully_furnished_apartment-51919896-16525-4.html,dataset_zameen-property-scraper_2026-09-21_19-43-14-958.csv,dataset_zameen-property-scraper_2026-09-21_19-43-14-958_51919896
2026-09-21T19:43:14.463Z,search,Added: 3 hours ago,,950 sqft,sqft,950.0,,2.0,2.0,rental-flats,Islamabad,3,PKR,rent,52172409.0,"PWD Housing Scheme, Islamabad",16.0,60000,60 Thousand,Fully Furnished Apartment For Rent,https://www.zameen.com/Rentals_Flats_Apartments/Islamabad-3-1.html,Islamabad · Flats & apartments for rent,Fully Furnished Apartment Available,success,https://media.zameen.com/thumbnails/303221937-400x300.jpeg,(Updated: 3 hours ago),https://www.zameen.com/Property/islamabad_pwd_housing_scheme_fully_furnished_apartment_for_rent-52172409-424-4.html,dataset_zameen-property-scraper_2026-09-21_19-43-14-958.csv,dataset_zameen-property-scraper_2026-09-21_19-43-14-958_52172409
2026-09-21T19:43:14.516Z,search,Added: 4 hours ago,,340 sqft,sqft,340.0,,1.0,,rental-flats,Islamabad,3,PKR,rent,53332842.0,"Faisal Town - F-18, Islamabad",23.0,35000,35 Thousand,FURNISHED STUDIO APARTMENT AVAILABLE FOR RENT,https://www.zameen.com/Rentals_Flats_Apartments/Islamabad-3-1.html,Islamabad · Flats & apartments for rent,Furnished Studio Apartment Availabl,success,https://media.zameen.com/thumbnails/300324971-400x300.jpeg,,https://www.zameen.com/Property/islamabad_faisal_town_-_f-18_furnished_studio_apartment_available_for_rent-53332842-8260-4.html,dataset_zameen-property-scraper_2026-09-21_19-43-14-958.csv,dataset_zameen-property-scraper_2026-09-21_19-43-14-958_53332842
2026-09-21T19:43:14.568Z,search,Added: 2 minutes ago,,"2,790 sqft",sqft,2790.0,,5.0,4.0,rental-flats,Islamabad,3,PKR,rent,53725996.0,"Sukh Chayn Residence, F-10",50.0,700000,7 Lakh,Sukh Chayn Residence F-10 Ultra Luxury Building Flat Two Side Corner Front View Personal Lift Available For Rent Beautiful Location,https://www.zameen.com/Rentals_Flats_Apartments/Islamabad-3-1.html,Islamabad · Flats & apartments for rent,Sukh Chayn Residence F-10 Ultra Lux,success,https://media.zameen.com/thumbnails/303810560-400x300.jpeg,(Updated: 2 minutes ago),https://www.zameen.com/Property/f_10_sukh_chayn_residence_sukh_chayn_residence_f-10_ultra_luxury_building_flat_two_side_corner_front_view_personal_lift_available_for_rent_beautiful_location-53725996-13589-4.html,dataset_zameen-property-scraper_2026-09-21_19-43-14-958.csv,dataset_zameen-property-scraper_2026-09-21_19-43-14-958_53725996
2026-09-21T19:43:14.626Z,search,Added: 2 minutes ago,,"2,200 sqft",sqft,2200.0,,3.0,3.0,rental-flats,Islamabad,3,PKR,rent,53557913.0,"Silver Oaks Apartments, F-10",11.0,270000,2.7 Lakh,Silver oaks F-10 3 bedroom Specious Apartment Available For Rent beautiful location,https://www.zameen.com/Rentals_Flats_Apartments/Islamabad-3-1.html,Islamabad · Flats & apartments for rent,Silver Oaks F-10 3 Bedroom Specious,success,https://media.zameen.com/thumbnails/307527322-400x300.jpeg,(Updated: 2 minutes ago),https://www.zameen.com/Property/f_10_silver_oaks_apartments_silver_oaks_f-10_3_bedroom_specious_apartment_available_for_rent_beautiful_location-53557913-11308-4.html,dataset_zameen-property-scraper_2026-09-21_19-43-14-958.csv,dataset_zameen-property-scraper_2026-09-21_19-43-14-958_53557913
2026-09-21T19:43:14.697Z,search,Added: 10 minutes ago,Titanium,"1,240 sqft",sqft,1240.0,Trusted,2.0,2.0,rental-flats,Islamabad,3,PKR,rent,54643435.0,"Top City 1, Islamabad",9.0,60000,60 Thousand,2 Bed Apartments For Rent Topcity1 Islamabad visit Anytime,https://www.zameen.com/Rentals_Flats_Apartments/Islamabad-3-1.html,Islamabad · Flats & apartments for rent,Two-Bedroom Apartment for Rent & Sa,success,https://media.zameen.com/thumbnails/306304999-400x300.jpeg,,https://www.zameen.com/Property/islamabad_top_city_1_2_bed_apartments_for_rent_topcity1_islamabad_visit_anytime-54643435-1383-4.html,dataset_zameen-property-scraper_2026-09-21_19-43-14-958.csv,dataset_zameen-property-scraper_2026-09-21_19-43-14-958_54643435
2026-09-21T19:43:14.757Z,search,Added: 1 hour ago,,"1,100 sqft",sqft,1100.0,,2.0,2.0,rental-flats,Islamabad,3,PKR,rent,50784140.0,"Madina Tower, E-11",7.0,65000,65 Thousand,2 Bedroom Unfurnished Apartment Available For Rent In Madina Tower,https://www.zameen.com/Rentals_Flats_Apartments/Islamabad-3-1.html,Islamabad · Flats & apartments for rent,1. Discover Your New Home In The He,success,https://media.zameen.com/thumbnails/307566791-400x300.jpeg,(Updated: 42 minutes ago),https://www.zameen.com/Property/e_11_madina_tower_2_bedroom_unfurnished_apartment_available_for_rent_in_madina_tower-50784140-11138-4.html,dataset_zameen-property-scraper_2026-09-21_19-43-14-958.csv,dataset_zameen-property-scraper_2026-09-21_19-43-14-958_50784140
2026-09-21T19:43:14.812Z,search,Added: 1 hour ago,,"2,150 sqft",sqft,2150.0,,3.0,3.0,rental-flats,Islamabad,3,PKR,rent,51100145.0,"Warda Hamna Residencia 3, G-11/3",20.0,150000,1.5 Lakh,Three Bedrooms Apartment Available For Rent In Warda Hamna Residencia,https://www.zameen.com/Rentals_Flats_Apartments/Islamabad-3-1.html,Islamabad · Flats & apartments for rent,1. Experience modern living in the,success,https://media.zameen.com/thumbnails/302409930-400x300.jpeg,(Updated: 42 minutes ago),https://www.zameen.com/Property/g_11_3_warda_hamna_residencia_3_three_bedrooms_apartment_available_for_rent_in_warda_hamna_residencia-51100145-11863-4.html,dataset_zameen-property-scraper_2026-09-21_19-43-14-958.csv,dataset_zameen-property-scraper_2026-09-21_19-43-14-958_51100145
2026-09-21T19:43:14.858Z,search,Added: 1 hour ago,,"1,650 sqft",sqft,1650.0,,2.0,2.0,rental-flats,Islamabad,3,PKR,rent,50847614.0,"Warda Hamna Residencia 3, G-11/3",12.0,110000,1.1 Lakh,2 Bedroom Unfurnished Apartment Available For Rent,https://www.zameen.com/Rentals_Flats_Apartments/Islamabad-3-1.html,Islamabad · Flats & apartments for rent,1. Discover This Spacious 2-Bedroom,success,https://media.zameen.com/thumbnails/307566779-400x300.jpeg,(Updated: 42 minutes ago),https://www.zameen.com/Property/g_11_3_warda_hamna_residencia_3_2_bedroom_unfurnished_apartment_available_for_rent-50847614-11863-4.html,dataset_zameen-property-scraper_2026-09-21_19-43-14-958.csv,dataset_zameen-property-scraper_2026-09-21_19-43-14-958_50847614
2026-09-21T19:43:14.899Z,search,Added: 1 hour ago,,"1,700 sqft",sqft,1700.0,,2.0,2.0,rental-flats,Islamabad,3,PKR,rent,51992153.0,"F-11, Islamabad",12.0,90000,90 Thousand,Flat For Rent In F-11 Two Bed Room Unfurnished,https://www.zameen.com/Rentals_Flats_Apartments/Islamabad-3-1.html,Islamabad · Flats & apartments for rent,1. This Spacious Two-Bedroom Unfurn,success,https://media.zameen.com/thumbnails/302022983-400x300.jpeg,(Updated: 41 minutes ago),https://www.zameen.com/Property/islamabad_f-11_flat_for_rent_in_f-11_two_bed_room_unfurnished-51992153-163-4.html,dataset_zameen-property-scraper_2026-09-21_19-43-14-958.csv,dataset_zameen-property-scraper_2026-09-21_19-43-14-958_51992153
2026-09-21T19:43:14.939Z,search,Added: 1 hour ago,,"2,250 sqft",sqft,2250.0,,3.0,3.0,rental-flats,Islamabad,3,PKR,rent,52058645.0,"Warda Hamna Residencia 3, G-11/3",15.0,170000,1.7 Lakh,3 Bedroom Brand New Unfurnished Apartment Available For Rent Warda Hamna 4,https://www.zameen.com/Rentals_Flats_Apartments/Islamabad-3-1.html,Islamabad · Flats & apartments for rent,"1. This brand new, unfurnished thre",success,https://media.zameen.com/thumbnails/302023166-400x300.jpeg,(Updated: 41 minutes ago),https://www.zameen.com/Property/g_11_3_warda_hamna_residencia_3_3_bedroom_brand_new_unfurnished_apartment_available_for_rent_warda_hamna_4-52058645-11863-4.html,dataset_zameen-property-scraper_2026-09-21_19-43-14-958.csv,dataset_zameen-property-scraper_2026-09-21_19-43-14-958_52058645
